row_index,fold,model,label,prediction,prob_Both,prob_Depression,prob_ME/CFS
1,1,LR,ME/CFS,ME/CFS,0.30372813548822086,0.01873008338263065,0.6775417811291485
4,1,LR,ME/CFS,ME/CFS,0.06773394875993269,0.017909941403694975,0.9143561098363724
12,1,LR,ME/CFS,ME/CFS,0.21105928849946398,0.07288555518961376,0.7160551563109223
15,1,LR,ME/CFS,ME/CFS,0.07417018500449121,0.013978054341631218,0.9118517606538776
26,1,LR,Both,ME/CFS,0.35405455181518325,0.2666329653193114,0.3793124828655054
28,1,LR,ME/CFS,ME/CFS,0.03311036868176243,0.013043317594554241,0.9538463137236832
29,1,LR,Depression,Depression,0.008028936493105035,0.7045620814050458,0.2874089821018491
35,1,LR,ME/CFS,ME/CFS,0.01387262785664367,0.000845595454792254,0.9852817766885641
46,1,LR,Both,Both,0.7287807748577099,0.08977306552690671,0.1814461596153834
47,1,LR,ME/CFS,ME/CFS,0.10086581855982134,0.0014020716626283458,0.8977321097775502
55,1,LR,ME/CFS,ME/CFS,0.18502229686598082,0.21646913988889746,0.5985085632451217
58,1,LR,Both,Both,0.6329418999022108,0.008518220078577004,0.3585398800192121
69,1,LR,ME/CFS,ME/CFS,0.25490363723467957,0.0384910199458052,0.7066053428195151
70,1,LR,Both,Both,0.6252678096872886,0.27936143218985354,0.09537075812285789
71,1,LR,Depression,Depression,0.00013566291051067596,0.9904632706897333,0.00940106639975614
73,1,LR,Depression,Depression,0.000615012390708954,0.9470645620452541,0.052320425564037
75,1,LR,ME/CFS,Both,0.4930315411009813,0.034569762139746246,0.47239869675927243
80,1,LR,ME/CFS,Depression,0.05039725025521975,0.8954447001735215,0.05415804957125887
86,1,LR,Depression,Depression,0.0006310958163992335,0.9984155462711202,0.0009533579124803791
91,1,LR,Depression,Depression,0.0581423494535171,0.7547437022221141,0.18711394832436867
94,1,LR,Depression,Depression,0.24335463149547648,0.7249988066890588,0.03164656181546463
100,1,LR,ME/CFS,ME/CFS,0.16213589366704462,0.02772533725403642,0.8101387690789189
101,1,LR,Both,Both,0.8727188918918957,0.10638520321472172,0.020895904893382687
103,1,LR,Depression,Depression,0.006195390332026085,0.9654238501681152,0.028380759499858688
105,1,LR,Both,Both,0.8740065443971877,0.03045100330379163,0.09554245229902059
108,1,LR,Both,Both,0.5082117288756018,0.014675562197853728,0.4771127089265444
110,1,LR,Depression,Depression,0.29838493931214355,0.6900064714613997,0.011608589226456795
114,1,LR,ME/CFS,ME/CFS,0.4855779135059732,0.014878137961806225,0.49954394853222056
120,1,LR,Depression,Depression,0.004692912550209746,0.9941832608492323,0.0011238266005580673
123,1,LR,ME/CFS,Both,0.6242669686015818,0.1651483752045773,0.21058465619384087
124,1,LR,Depression,Depression,0.28166699598094846,0.67687267308662,0.04146033093243145
127,1,LR,Depression,Depression,0.014334707432577191,0.7475358412683036,0.23812945129911925
136,1,LR,Depression,Depression,0.137467279732148,0.6113094676398267,0.2512232526280253
142,1,LR,ME/CFS,Both,0.6309970371812604,0.006600760774069298,0.3624022020446703
143,1,LR,ME/CFS,Both,0.7507732959678431,0.008998125891259435,0.24022857814089738
145,1,LR,Depression,Depression,0.04005101787037883,0.9491742434561339,0.010774738673487418
148,1,LR,ME/CFS,ME/CFS,0.006974383203370406,0.0017215086288580748,0.9913041081677716
164,1,LR,Depression,Depression,0.007947976255358528,0.9361461867503438,0.05590583699429755
165,1,LR,ME/CFS,ME/CFS,0.020256669159966302,0.3598664152724744,0.6198769155675593
167,1,LR,Depression,Depression,0.00043676535664572254,0.9994872553401735,7.597930318076711e-05
170,1,LR,Both,ME/CFS,0.25062044220701407,0.027801630344979886,0.721577927448006
185,1,LR,Depression,ME/CFS,0.20820001429439028,0.17768395822003363,0.614116027485576
201,1,LR,Depression,ME/CFS,0.0916535616168264,0.41172026549294133,0.49662617289023225
205,1,LR,Depression,Depression,0.1104453301762945,0.7873323359098022,0.10222233391390331
209,1,LR,Both,Both,0.9421488421138582,0.05615670784315634,0.0016944500429854322
214,1,LR,ME/CFS,ME/CFS,0.023445250282075707,0.0027989675948296225,0.9737557821230948
216,1,LR,Depression,Depression,0.0011357072045276267,0.9987072222762057,0.00015707051926660347
224,1,LR,Depression,Depression,0.1507887997917682,0.8147941449546652,0.034417055253566566
225,1,LR,Depression,Depression,0.0013723786650429897,0.9963330160448719,0.00229460529008508
234,1,LR,ME/CFS,ME/CFS,0.02468501647752676,0.022568410203804772,0.9527465733186685
235,1,LR,ME/CFS,ME/CFS,0.015516815347179845,0.000591369769337546,0.9838918148834825
239,1,LR,ME/CFS,ME/CFS,0.08216876382695387,0.002332273130905232,0.915498963042141
250,1,LR,Both,Both,0.9204636307184689,0.029213414701288926,0.05032295458024214
251,1,LR,ME/CFS,ME/CFS,0.09145526707559426,0.013203624280643799,0.8953411086437619
252,1,LR,ME/CFS,ME/CFS,0.008402550747843721,0.025059842934139737,0.9665376063180167
254,1,LR,Depression,Depression,0.007563315370012797,0.6843509355084626,0.3080857491215246
256,1,LR,Depression,ME/CFS,0.32054885563632274,0.11545896781957131,0.5639921765441059
268,1,LR,Both,Depression,0.23546595047844884,0.762468238841377,0.0020658106801740034
270,1,LR,Depression,Depression,0.20334938104308306,0.7312820413000162,0.06536857765690084
273,1,LR,ME/CFS,ME/CFS,0.010278374454314499,0.008574150388858358,0.9811474751568271
277,1,LR,ME/CFS,ME/CFS,0.04937354542714426,0.012391519524763271,0.9382349350480924
278,1,LR,Depression,Depression,0.0006649888096545494,0.9305809792540406,0.06875403193630486
282,1,LR,Depression,Depression,0.20198506618111306,0.7868621300656921,0.011152803753194983
286,1,LR,Both,Both,0.8696404038309371,0.11347639124060951,0.01688320492845347
299,1,LR,Depression,Depression,0.0014629892234467017,0.9940358951154095,0.004501115661143719
304,1,LR,Depression,ME/CFS,0.1038789566154996,0.021477774097819643,0.8746432692866808
310,1,LR,Depression,Depression,0.008293782924369116,0.8613841726915277,0.13032204438410316
319,1,LR,ME/CFS,ME/CFS,0.3911038318832663,0.17788515647530767,0.4310110116414261
322,1,LR,Depression,Depression,0.0005341449826327616,0.9411813804350192,0.05828447458234802
329,1,LR,Depression,Depression,0.008314073741519037,0.9664367163989609,0.025249209859520144
332,1,LR,Depression,Depression,0.004021693695142229,0.9910046577518783,0.0049736485529793826
333,1,LR,Both,ME/CFS,0.4137870728965985,0.05945566180732356,0.5267572652960779
339,1,LR,Depression,Depression,0.09543731776454546,0.8913254256781009,0.013237256557353612
352,1,LR,ME/CFS,ME/CFS,0.04491722969687974,0.00568576797102591,0.9493970023320943
353,1,LR,ME/CFS,ME/CFS,0.15242778071684512,0.11112243637820723,0.7364497829049478
356,1,LR,ME/CFS,Both,0.4717472668441225,0.08521649347965717,0.4430362396762204
358,1,LR,ME/CFS,ME/CFS,0.3113699394474826,0.2599015005946259,0.42872855995789144
359,1,LR,Depression,Depression,0.00698956966753575,0.6753258283117005,0.31768460202076376
369,1,LR,ME/CFS,ME/CFS,0.0061382196410338565,0.00708117937089302,0.9867806009880731
382,1,LR,Depression,ME/CFS,0.014206048092299276,0.43435466117792243,0.5514392907297783
384,1,LR,Both,Both,0.9765338419076048,0.004678119226814813,0.01878803886558036
385,1,LR,Both,Both,0.6672174493950147,0.018288424108405123,0.3144941264965801
386,1,LR,ME/CFS,ME/CFS,0.03133706777901119,0.0006757760117178845,0.9679871562092708
391,1,LR,Depression,Depression,0.0008201080454310779,0.9889469423665802,0.010232949587988604
392,1,LR,Both,Both,0.8420770012401185,0.023493948514074364,0.13442905024580704
394,1,LR,Depression,Depression,0.01029341195804137,0.9560506530505641,0.0336559349913945
403,1,LR,ME/CFS,ME/CFS,0.044405661044958744,0.004931723938166553,0.9506626150168747
407,1,LR,Depression,Depression,0.02470160723110053,0.8608048826936644,0.11449351007523507
408,1,LR,Both,Depression,0.42832694865576665,0.5602601597347688,0.011412891609464437
411,1,LR,ME/CFS,ME/CFS,0.25161817963917915,0.0032057333773850374,0.7451760869834358
421,1,LR,Both,Both,0.7720705576237472,0.0744271041837711,0.15350233819248174
422,1,LR,Both,ME/CFS,0.09142754222145548,0.051341440859472176,0.8572310169190723
429,1,LR,ME/CFS,ME/CFS,0.03320109831976156,0.024397801812890224,0.9424010998673482
435,1,LR,Depression,Depression,0.10132639526155873,0.7032536830102265,0.19541992172821468
439,1,LR,ME/CFS,ME/CFS,0.04146342636974909,0.11016041393223391,0.848376159698017
453,1,LR,ME/CFS,Both,0.7095972328058893,0.045628614599707455,0.24477415259440324
475,1,LR,Both,Both,0.7535805653487755,0.011670657167791382,0.2347487774834332
477,1,LR,ME/CFS,ME/CFS,0.18396566824762103,0.011199163453927885,0.8048351682984511
489,1,LR,ME/CFS,ME/CFS,0.05869207656686556,0.009232901694521917,0.9320750217386126
490,1,LR,Depression,Depression,0.0027120271960061866,0.9482903797756991,0.04899759302829466
495,1,LR,Depression,Depression,0.22131434611167888,0.7484598269028362,0.030225826985484774
504,1,LR,Both,ME/CFS,0.125963005867866,0.02285705037895942,0.8511799437531745
508,1,LR,Depression,ME/CFS,0.01271040012442779,0.43503525209578575,0.5522543477797864
509,1,LR,Both,Depression,0.03932325767140764,0.7397443279788288,0.22093241434976346
512,1,LR,Depression,Depression,0.1916240602400204,0.6880693900260271,0.1203065497339526
521,1,LR,Depression,Depression,0.005259436680925836,0.994113148259198,0.0006274150598760689
526,1,LR,Both,Both,0.8918727340402887,0.008540537129752956,0.09958672882995852
530,1,LR,Both,Both,0.7016508335963874,0.2866748996652474,0.011674266738365309
531,1,LR,ME/CFS,ME/CFS,0.30118196994349283,0.0074969723104241015,0.6913210577460831
532,1,LR,ME/CFS,ME/CFS,0.014731425098131589,0.0019099114127775385,0.9833586634890907
536,1,LR,Both,Depression,0.11129853056796042,0.5722493108097801,0.3164521586222595
537,1,LR,ME/CFS,ME/CFS,0.01433500588372077,0.001978559061178181,0.9836864350551011
539,1,LR,ME/CFS,ME/CFS,0.014691474195992173,0.0008769775327599271,0.9844315482712479
541,1,LR,ME/CFS,Depression,0.005816034063293743,0.5941184115332508,0.4000655544034555
556,1,LR,ME/CFS,ME/CFS,0.44374862066310716,0.02086274006522623,0.5353886392716666
572,1,LR,Depression,Depression,0.006698001704746075,0.9909953135496757,0.002306684745578116
574,1,LR,ME/CFS,ME/CFS,0.008294687403685169,0.004035483503967003,0.9876698290923478
575,1,LR,Depression,Depression,0.00819813331258617,0.991219272408818,0.0005825942785958329
582,1,LR,Both,Both,0.8989312890859193,0.04910968013785892,0.05195903077622176
589,1,LR,Depression,Depression,0.09482225138767819,0.8238582269571959,0.08131952165512597
593,1,LR,Depression,Depression,0.002001947756574912,0.8573295986445911,0.140668453598834
594,1,LR,Depression,Depression,0.02048029824603783,0.6236245500759287,0.35589515167803354
598,1,LR,Depression,Depression,0.013108793424942197,0.892400465772321,0.0944907408027368
610,1,LR,ME/CFS,ME/CFS,0.015422425739229544,0.006720594291006651,0.9778569799697637
619,1,LR,Depression,Depression,0.00034046669400262267,0.9994175560406202,0.00024197726537726467
620,1,LR,ME/CFS,ME/CFS,0.053575103071416344,0.0004245967243986292,0.946000300204185
628,1,LR,Depression,Depression,0.01097073907146323,0.7765148195442211,0.21251444138431566
631,1,LR,Depression,Both,0.7774345658045929,0.04526844956164993,0.17729698463375712
634,1,LR,ME/CFS,ME/CFS,0.05655114990410183,0.016552383612300686,0.9268964664835976
637,1,LR,Both,Both,0.9260596572531014,0.057298349580093805,0.016641993166804873
638,1,LR,ME/CFS,ME/CFS,0.010765786024901485,0.006194812966005018,0.9830394010090935
640,1,LR,ME/CFS,Both,0.8530828314345594,0.009204834750734385,0.13771233381470618
642,1,LR,Depression,ME/CFS,0.027717412763588564,0.24237896282875734,0.7299036244076541
649,1,LR,Depression,Depression,0.36510277464343366,0.6154515580219586,0.019445667334607727
651,1,LR,Both,Both,0.8579465557520932,0.12875806407181262,0.013295380176094081
652,1,LR,ME/CFS,ME/CFS,0.012200304330483167,0.15112208460085802,0.8366776110686589
665,1,LR,Both,Both,0.9913036848418523,0.005926035771776585,0.002770279386371289
669,1,LR,ME/CFS,ME/CFS,0.007920486320213894,0.12439522750282975,0.8676842861769564
677,1,LR,Depression,ME/CFS,0.013404737306321557,0.4469650148767121,0.5396302478169663
680,1,LR,Depression,Depression,0.0018500951988189068,0.9975248931075521,0.0006250116936291297
686,1,LR,Depression,Depression,0.04694279200164801,0.9483882828195231,0.004668925178828917
692,1,LR,ME/CFS,ME/CFS,0.03902120973424009,0.005786947792671242,0.9551918424730887
695,1,LR,ME/CFS,ME/CFS,0.3028574110809264,0.06625677655378578,0.6308858123652878
697,1,LR,Depression,ME/CFS,0.22458964620032645,0.12191803124999503,0.6534923225496784
703,1,LR,Depression,Depression,0.005837575300989877,0.9938198434029601,0.00034258129604984854
707,1,LR,Depression,Depression,0.0023933674347349065,0.989853238649051,0.00775339391621406
711,1,LR,ME/CFS,ME/CFS,0.03118676902281692,0.004606082023091162,0.964207148954092
716,1,LR,Both,Both,0.4800200737105481,0.0783915202230096,0.44158840606644234
718,1,LR,Depression,Depression,0.0016335474922090727,0.9827735838647665,0.0155928686430245
719,1,LR,ME/CFS,ME/CFS,0.006032836509180155,0.13358529566293903,0.8603818678278808
723,1,LR,Depression,Depression,0.07665136426973101,0.8957972394595938,0.027551396270675058
726,1,LR,Depression,Depression,0.12540721717306205,0.8584363128448685,0.016156469982069464
731,1,LR,Depression,Depression,0.09043382732994132,0.9035261257750182,0.006040046895040564
732,1,LR,Both,Both,0.9196165745518897,0.07679827730000496,0.003585148148105364
741,1,LR,ME/CFS,ME/CFS,0.07054770224351069,0.003943666684537817,0.9255086310719515
758,1,LR,ME/CFS,ME/CFS,0.032716444041446746,0.02687690269946046,0.9404066532590929
759,1,LR,Both,Both,0.715668034704603,0.03762791220641495,0.24670405308898197
760,1,LR,Depression,Depression,0.05647575365676396,0.9129953696949317,0.03052887664830429
761,1,LR,ME/CFS,ME/CFS,0.008831951676611991,0.030456120177933383,0.9607119281454545
768,1,LR,Both,Depression,0.05575752763335224,0.5073121625262194,0.4369303098404284
779,1,LR,Both,Depression,0.25101849732406045,0.7396868349106178,0.009294667765321616
780,1,LR,ME/CFS,ME/CFS,0.13200924255903274,0.011766515518749455,0.8562242419222178
781,1,LR,ME/CFS,ME/CFS,0.22100182590151915,0.20375131259073234,0.5752468615077485
786,1,LR,Depression,Depression,0.050137886951860375,0.928833532777851,0.021028580270288647
788,1,LR,Depression,Depression,0.023603442033754692,0.8511587426615528,0.1252378153046927
795,1,LR,ME/CFS,Both,0.7365377202834295,0.03685068881304326,0.22661159090352734
811,1,LR,ME/CFS,ME/CFS,0.041173925740256426,0.009540558401767662,0.9492855158579758
821,1,LR,Depression,Depression,0.0005455978895722817,0.9935682169689078,0.005886185141519775
823,1,LR,ME/CFS,ME/CFS,0.10207618971555397,0.014267746176272373,0.8836560641081737
827,1,LR,ME/CFS,ME/CFS,0.03791306155377738,0.001924054268150872,0.9601628841780716
829,1,LR,ME/CFS,ME/CFS,0.02266855988055289,0.02005468275181326,0.957276757367634
831,1,LR,Both,Both,0.9613232236725993,0.018146733886867387,0.020530042440533407
832,1,LR,Depression,Depression,0.1856700255314485,0.8058304554311748,0.008499519037376608
833,1,LR,Both,Both,0.9046585136239108,0.029696784431031263,0.06564470194505789
835,1,LR,Depression,Depression,0.0028132411438808375,0.9965057887448179,0.0006809701113012869
836,1,LR,ME/CFS,ME/CFS,0.015536042931497527,0.0018998720828315879,0.9825640849856708
839,1,LR,Both,ME/CFS,0.44612551880409146,0.06051756389842966,0.49335691729747894
844,1,LR,ME/CFS,ME/CFS,0.036245012670640654,0.018752192096557502,0.9450027952328018
847,1,LR,Both,Depression,0.08576306151354338,0.8063078457180316,0.10792909276842504
849,1,LR,Both,Both,0.8997476306750393,0.017262346710605062,0.08299002261435548
850,1,LR,ME/CFS,Both,0.39378870241894753,0.32962696330939834,0.2765843342716542
861,1,LR,Both,Both,0.9238014096743308,0.07208515617122307,0.004113434154446266
863,1,LR,Depression,ME/CFS,0.10109573887941853,0.40524161734388675,0.4936626437766948
865,1,LR,ME/CFS,ME/CFS,0.3662646839698278,0.005576449191761927,0.6281588668384103
871,1,LR,Both,Both,0.8172199224885596,0.14725335218868513,0.035526725322755505
878,1,LR,Both,Both,0.7351837668644484,0.2329026152793473,0.03191361785620441
887,1,LR,ME/CFS,ME/CFS,0.3990276810204536,0.010003799703291905,0.5909685192762544
894,1,LR,Both,Depression,0.07207772656843264,0.9257446573122603,0.002177616119307077
896,1,LR,ME/CFS,Depression,0.23486302001022805,0.5543059412721558,0.21083103871761616
899,1,LR,Both,ME/CFS,0.22467839324337752,0.008322822009933725,0.7669987847466887
900,1,LR,Depression,Depression,0.026936011717554553,0.8677294383768882,0.10533454990555721
910,1,LR,Both,Depression,0.05993656803791879,0.9368049113070639,0.0032585206550174183
911,1,LR,Depression,Depression,0.07450255690469228,0.8566921345211073,0.06880530857420046
923,1,LR,ME/CFS,ME/CFS,0.43937087719050805,0.023060729601276798,0.5375683932082151
928,1,LR,ME/CFS,ME/CFS,0.2872776114855555,0.28400749355348537,0.4287148949609592
932,1,LR,Both,Both,0.9591698084520133,0.014270440840379579,0.026559750707607105
970,1,LR,ME/CFS,ME/CFS,0.007285034194225468,0.04195681429331856,0.9507581515124559
976,1,LR,ME/CFS,Depression,0.007370459628299422,0.9189921954878935,0.07363734488380728
996,1,LR,Depression,Depression,0.07073031933173823,0.7968026534507606,0.13246702721750117
997,1,LR,Both,Both,0.9586611275212232,0.008086676810798624,0.03325219566797825
1000,1,LR,Both,Both,0.8627674736914261,0.10474095233995988,0.032491573968614
1002,1,LR,Both,Depression,0.016688367258017672,0.9793714327363857,0.003940200005596679
1019,1,LR,ME/CFS,ME/CFS,0.34970966681180077,0.009921686019240086,0.6403686471689591
1021,1,LR,ME/CFS,ME/CFS,0.014985222563715435,0.08942962425780193,0.8955851531784825
1023,1,LR,ME/CFS,ME/CFS,0.20446396957935634,0.12887066000697883,0.6666653704136648
1043,1,LR,Both,Both,0.469892894166715,0.0990064024497782,0.4311007033835069
1056,1,LR,ME/CFS,ME/CFS,0.007845596210543994,0.00784346175099497,0.984310942038461
1063,1,LR,ME/CFS,ME/CFS,0.22666724114848041,0.016836403171260922,0.7564963556802586
1065,1,LR,Both,Depression,0.2279869706371815,0.3951792150641422,0.37683381429867624
1067,1,LR,Both,Both,0.8991590270080554,0.01621762996554932,0.0846233430263952
1068,1,LR,ME/CFS,ME/CFS,0.009068909571847581,0.005553545109047077,0.9853775453191053
1088,1,LR,ME/CFS,ME/CFS,0.06886454053919573,0.06444851692649081,0.8666869425343134
1099,1,LR,ME/CFS,Depression,0.010793926187439108,0.5104634507645579,0.47874262304800297
1100,1,LR,Depression,Both,0.8604264257090349,0.11544772087134174,0.024125853419623266
1111,1,LR,Both,Both,0.6771477232351166,0.3079480616906512,0.014904215074232275
1112,1,LR,Depression,Depression,0.024559216821066487,0.8483982419817286,0.12704254119720482
1115,1,LR,ME/CFS,ME/CFS,0.01377186562474993,0.00285282177667414,0.9833753125985759
1119,1,LR,Depression,Depression,0.025638804879346413,0.9704401653200084,0.003921029800645303
1124,1,LR,Both,Both,0.9238141797379466,0.044500987837529656,0.03168483242452362
1126,1,LR,Depression,Depression,0.0006642995424373022,0.974673194739362,0.024662505718200705
1130,1,LR,Both,Both,0.7797888604886772,0.1134156549811667,0.10679548453015628
1133,1,LR,Both,Both,0.7270955656603288,0.20977415221242737,0.06313028212724385
1135,1,LR,ME/CFS,ME/CFS,0.0717105131736124,0.006266521947762548,0.9220229648786251
1136,1,LR,ME/CFS,ME/CFS,0.04487854967902289,0.0007488387984571226,0.95437261152252
1138,1,LR,ME/CFS,Both,0.5056221951529095,0.13409860204885793,0.3602792027982326
1139,1,LR,Depression,Depression,0.009287072183385623,0.9270553239572309,0.06365760385938346
1142,1,LR,Depression,Depression,0.05317177326852292,0.9454643075619173,0.0013639191695597388
1145,1,LR,Depression,ME/CFS,0.06487180931046642,0.3745773018182275,0.5605508888713061
1148,1,LR,Both,Both,0.8647946945023334,0.12232142516599413,0.012883880331672544
1152,1,LR,Both,Both,0.49184423547197537,0.06856536075351645,0.43959040377450814
1153,1,LR,ME/CFS,ME/CFS,0.010172340339843313,0.0011099864358304955,0.9887176732243262
1159,1,LR,ME/CFS,ME/CFS,0.007791269898223265,0.0008693958520349725,0.9913393342497417
1160,1,LR,ME/CFS,ME/CFS,0.023639394002443182,0.0634531106825494,0.9129074953150075
1162,1,LR,ME/CFS,ME/CFS,0.02184120735995553,0.0021850171818125646,0.9759737754582318
1168,1,LR,ME/CFS,Both,0.7033414695640119,0.054853349084717076,0.2418051813512711
1170,1,LR,ME/CFS,ME/CFS,0.09953033787515693,0.01123158730591903,0.889238074818924
1176,1,LR,Depression,Depression,0.001960979964318636,0.9969565137625529,0.0010825062731284539
1177,1,LR,Both,Both,0.9550075459246511,0.035547682010673744,0.009444772064675193
1179,1,LR,Depression,Depression,0.0005120124486356026,0.9988075974399618,0.0006803901114027293
1192,1,LR,ME/CFS,ME/CFS,0.3829744882287374,0.014791295174548512,0.602234216596714
1193,1,LR,Both,Both,0.817356828267977,0.16827970548977148,0.014363466242251596
1197,1,LR,Both,Both,0.9866678030261617,0.009203826000795825,0.004128370973042345
1203,1,LR,ME/CFS,ME/CFS,0.026174612331431264,0.022040404639371833,0.9517849830291969
1204,1,LR,ME/CFS,ME/CFS,0.008716439045632823,0.00998651543666873,0.9812970455176984
1206,1,LR,Depression,ME/CFS,0.026451064232564582,0.4247149084969325,0.5488340272705029
1219,1,LR,ME/CFS,ME/CFS,0.15942536388202602,0.015962213766578828,0.8246124223513951
1229,1,LR,Both,Both,0.8365634430517834,0.047142007694410154,0.11629454925380633
1234,1,LR,Both,Both,0.98260843652697,0.009569495475084419,0.007822067997945558
1235,1,LR,ME/CFS,ME/CFS,0.16447627315963054,0.004765932894076377,0.830757793946293
1237,1,LR,Both,Both,0.9199338835502752,0.01700792214987803,0.06305819429984691
1245,1,LR,Depression,Depression,0.0017195904992323822,0.9659029863932437,0.032377423107523916
1246,1,LR,ME/CFS,ME/CFS,0.1026573536840634,0.08434040264202429,0.8130022436739123
1247,1,LR,ME/CFS,Both,0.5101588702833155,0.04955964247524469,0.4402814872414398
1253,1,LR,Depression,Depression,0.019482484805180767,0.9787594924530181,0.0017580227418009294
1255,1,LR,ME/CFS,ME/CFS,0.0013716322382852435,0.018434496879017732,0.980193870882697
1266,1,LR,Depression,Depression,0.0004847427307819769,0.9992998418579029,0.0002154154113152005
1269,1,LR,Both,ME/CFS,0.4768658103732503,0.008851822150958227,0.5142823674757915
1276,1,LR,ME/CFS,ME/CFS,0.3240572720577476,0.051598873265509326,0.6243438546767431
1279,1,LR,Depression,Depression,0.31154319545322173,0.6735457515599202,0.014911052986857963
1282,1,LR,Depression,Depression,0.0019194355461332017,0.98241254647885,0.01566801797501681
1284,1,LR,Depression,Depression,0.200575540034738,0.7958921078125375,0.0035323521527245885
1285,1,LR,Both,Both,0.6360303375112695,0.2853840295152649,0.07858563297346574
1287,1,LR,ME/CFS,Both,0.45965591274421147,0.12910121389535087,0.41124287336043763
1288,1,LR,Both,Both,0.9572065597889516,0.04066250018559039,0.0021309400254580263
1296,1,LR,Depression,Depression,0.15080032661113058,0.6001710813704599,0.24902859201840943
1300,1,LR,ME/CFS,ME/CFS,0.22803686154982838,0.003959270388486805,0.7680038680616847
1301,1,LR,ME/CFS,Both,0.708780666245852,0.007587427523099643,0.28363190623104834
1309,1,LR,Both,Depression,0.01792506663734377,0.8960622806784756,0.08601265268418076
1318,1,LR,ME/CFS,Both,0.621210401945969,0.017600164735973922,0.3611894333180571
1322,1,LR,Depression,Depression,0.0010475909958682025,0.9860368730331003,0.012915535971031582
1329,1,LR,Depression,Depression,0.10584435784624352,0.5556831307594835,0.33847251139427303
1335,1,LR,Both,Both,0.9622054118076342,0.031174313180461287,0.006620275011904609
1340,1,LR,ME/CFS,ME/CFS,0.3491913793819772,0.07903500638572626,0.5717736142322966
1341,1,LR,Both,ME/CFS,0.044690001936296776,0.37084739548013007,0.5844626025835732
1348,1,LR,Depression,Depression,0.07393617382885243,0.9192751246139266,0.006788701557221006
1354,1,LR,Both,ME/CFS,0.27389545636758295,0.26997848565097476,0.4561260579814423
1356,1,LR,ME/CFS,ME/CFS,0.44673847911459713,0.10451528026763053,0.44874624061777235
1359,1,LR,Depression,Depression,0.0026831245612189388,0.660152813957615,0.337164061481166
1366,1,LR,Depression,Depression,0.4472719060806451,0.48011730682664133,0.07261078709271364
1373,1,LR,ME/CFS,ME/CFS,0.1552871247939952,0.0658607065421508,0.7788521686638541
1380,1,LR,Depression,ME/CFS,0.034724742665483935,0.31024505495742066,0.6550302023770953
1381,1,LR,Both,Depression,0.10796212533003652,0.7635745778823555,0.128463296787608
1404,1,LR,ME/CFS,ME/CFS,0.03981389339599947,0.06594903242580806,0.8942370741781925
1411,1,LR,ME/CFS,ME/CFS,0.08123092295850685,0.10306217707190095,0.8157068999695921
1420,1,LR,ME/CFS,ME/CFS,0.03163777394567611,0.0005927362121688227,0.967769489842155
1427,1,LR,ME/CFS,ME/CFS,0.005786040465251962,0.003075248401556127,0.991138711133192
1432,1,LR,Depression,Depression,0.06781232277369106,0.8459666879083237,0.08622098931798527
1440,1,LR,Both,Both,0.4898861421466221,0.05417435252318344,0.4559395053301945
1446,1,LR,Both,Both,0.5887815035563889,0.14171893864457763,0.2694995577990334
1447,1,LR,Depression,Depression,0.47787480270924015,0.4978649499403397,0.024260247350420136
1451,1,LR,Both,Both,0.9807579855795044,0.015062503445894888,0.0041795109746006354
1453,1,LR,Depression,Depression,0.3195089988281475,0.6583022485809432,0.022188752590909414
1457,1,LR,ME/CFS,Depression,0.0036465403063286276,0.9862181579055331,0.010135301788138242
1472,1,LR,Both,Both,0.8208818042676173,0.009029006675914794,0.17008918905646794
1473,1,LR,Depression,Depression,0.0005114369563974543,0.9993302674331442,0.0001582956104583646
1476,1,LR,Depression,Depression,0.010118544141121231,0.985760750286555,0.004120705572323872
1481,1,LR,Depression,Both,0.8547958947231232,0.11915817454527916,0.026045930731597628
1482,1,LR,ME/CFS,ME/CFS,0.26462684941584214,0.3100584865760965,0.42531466400806145
1493,1,LR,Depression,Depression,0.0023009093180785664,0.9384364745388468,0.05926261614307459
1503,1,LR,Depression,Depression,0.00013409923060746397,0.9538867231471693,0.04597917762222322
1510,1,LR,ME/CFS,ME/CFS,0.021344516960037124,0.005055985376878142,0.9735994976630847
1511,1,LR,ME/CFS,ME/CFS,0.010998652969038488,0.007347425411367665,0.9816539216195938
1528,1,LR,ME/CFS,ME/CFS,0.19040464397303455,0.0023860784993361642,0.8072092775276292
1529,1,LR,ME/CFS,ME/CFS,0.005800369647349504,0.009582016097126628,0.9846176142555239
1531,1,LR,Both,Both,0.9222032957678334,0.07137607095097877,0.00642063328118785
1536,1,LR,ME/CFS,Depression,0.004756529784360279,0.8280631303852239,0.16718033983041594
1541,1,LR,Depression,Depression,0.13983603304635972,0.7871929564783235,0.07297101047531675
1552,1,LR,Depression,Depression,0.0011893587014381159,0.9985997910022805,0.00021085029628154994
1557,1,LR,ME/CFS,ME/CFS,0.19193094874638492,0.1424671341606758,0.6656019170929393
1560,1,LR,ME/CFS,ME/CFS,0.008773119084867378,0.003519564856794304,0.9877073160583384
1564,1,LR,Both,Depression,0.016087867296449197,0.6656875822232264,0.3182245504803244
1565,1,LR,ME/CFS,ME/CFS,0.05727697265598579,0.011817298645831345,0.930905728698183
1573,1,LR,Both,Both,0.98402644711175,0.013840684664530022,0.0021328682237199852
1575,1,LR,Both,ME/CFS,0.3517346237031699,0.0446422772070978,0.6036230990897324
1584,1,LR,Depression,Depression,0.005026152786894505,0.9612060776788157,0.03376776953428983
1588,1,LR,ME/CFS,Both,0.6854891732501717,0.008883237755426692,0.3056275889944015
1591,1,LR,Depression,Depression,0.0008571481131836519,0.9671320926209876,0.03201075926582872
1593,1,LR,Both,Depression,0.2531251348412688,0.7405613475889896,0.006313517569741514
1607,1,LR,Depression,Depression,0.001002595672338178,0.957159521134577,0.041837883193084915
1608,1,LR,ME/CFS,ME/CFS,0.0074498114302384375,0.01872385501870776,0.9738263335510539
1609,1,LR,Depression,Depression,0.0001844455696279974,0.9877566368261445,0.01205891760422759
1612,1,LR,Depression,Both,0.48423706433536134,0.13819856040661765,0.37756437525802095
1617,1,LR,ME/CFS,ME/CFS,0.02992487567521109,0.31586091593284776,0.6542142083919412
1619,1,LR,Depression,ME/CFS,0.06432292880448852,0.11717862494779475,0.8184984462477167
1,1,DT,ME/CFS,ME/CFS,0.4037424240751597,0.08766214411092642,0.5085954318139179
4,1,DT,ME/CFS,ME/CFS,0.0,0.011107544141252026,0.988892455858748
12,1,DT,ME/CFS,ME/CFS,0.4037424240751597,0.08766214411092642,0.5085954318139179
15,1,DT,ME/CFS,ME/CFS,0.0,0.011107544141252026,0.988892455858748
26,1,DT,Both,ME/CFS,0.4037424240751597,0.08766214411092642,0.5085954318139179
28,1,DT,ME/CFS,ME/CFS,0.0,0.011107544141252026,0.988892455858748
29,1,DT,Depression,Depression,0.06190169944726201,0.8434209035946751,0.09467739695806664
35,1,DT,ME/CFS,ME/CFS,0.0,0.011107544141252026,0.988892455858748
46,1,DT,Both,Both,0.9285855980956165,0.0714144019043839,0.0
47,1,DT,ME/CFS,ME/CFS,0.0,0.011107544141252026,0.988892455858748
55,1,DT,ME/CFS,ME/CFS,0.4037424240751597,0.08766214411092642,0.5085954318139179
58,1,DT,Both,ME/CFS,0.4037424240751597,0.08766214411092642,0.5085954318139179
69,1,DT,ME/CFS,ME/CFS,0.4037424240751597,0.08766214411092642,0.5085954318139179
70,1,DT,Both,Both,0.9285855980956165,0.0714144019043839,0.0
71,1,DT,Depression,Depression,0.06190169944726201,0.8434209035946751,0.09467739695806664
73,1,DT,Depression,Depression,0.06190169944726201,0.8434209035946751,0.09467739695806664
75,1,DT,ME/CFS,ME/CFS,0.4037424240751597,0.08766214411092642,0.5085954318139179
80,1,DT,ME/CFS,Depression,0.06190169944726201,0.8434209035946751,0.09467739695806664
86,1,DT,Depression,Depression,0.06190169944726201,0.8434209035946751,0.09467739695806664
91,1,DT,Depression,Depression,0.06190169944726201,0.8434209035946751,0.09467739695806664
94,1,DT,Depression,Depression,0.08036189462480045,0.9196381053751995,0.0
100,1,DT,ME/CFS,ME/CFS,0.0,0.011107544141252026,0.988892455858748
101,1,DT,Both,Both,0.9285855980956165,0.0714144019043839,0.0
103,1,DT,Depression,Depression,0.06190169944726201,0.8434209035946751,0.09467739695806664
105,1,DT,Both,Both,0.9285855980956165,0.0714144019043839,0.0
108,1,DT,Both,ME/CFS,0.4037424240751597,0.08766214411092642,0.5085954318139179
110,1,DT,Depression,Depression,0.06190169944726201,0.8434209035946751,0.09467739695806664
114,1,DT,ME/CFS,ME/CFS,0.4037424240751597,0.08766214411092642,0.5085954318139179
120,1,DT,Depression,Depression,0.06190169944726201,0.8434209035946751,0.09467739695806664
123,1,DT,ME/CFS,ME/CFS,0.4037424240751597,0.08766214411092642,0.5085954318139179
124,1,DT,Depression,Depression,0.06190169944726201,0.8434209035946751,0.09467739695806664
127,1,DT,Depression,Depression,0.06190169944726201,0.8434209035946751,0.09467739695806664
136,1,DT,Depression,Depression,0.06190169944726201,0.8434209035946751,0.09467739695806664
142,1,DT,ME/CFS,ME/CFS,0.4037424240751597,0.08766214411092642,0.5085954318139179
143,1,DT,ME/CFS,ME/CFS,0.4037424240751597,0.08766214411092642,0.5085954318139179
145,1,DT,Depression,Depression,0.06190169944726201,0.8434209035946751,0.09467739695806664
148,1,DT,ME/CFS,ME/CFS,0.0,0.011107544141252026,0.988892455858748
164,1,DT,Depression,Depression,0.06190169944726201,0.8434209035946751,0.09467739695806664
165,1,DT,ME/CFS,Depression,0.06190169944726201,0.8434209035946751,0.09467739695806664
167,1,DT,Depression,Depression,0.06190169944726201,0.8434209035946751,0.09467739695806664
170,1,DT,Both,ME/CFS,0.4037424240751597,0.08766214411092642,0.5085954318139179
185,1,DT,Depression,ME/CFS,0.4037424240751597,0.08766214411092642,0.5085954318139179
201,1,DT,Depression,Depression,0.06190169944726201,0.8434209035946751,0.09467739695806664
205,1,DT,Depression,Depression,0.06190169944726201,0.8434209035946751,0.09467739695806664
209,1,DT,Both,Both,0.9285855980956165,0.0714144019043839,0.0
214,1,DT,ME/CFS,ME/CFS,0.0,0.011107544141252026,0.988892455858748
216,1,DT,Depression,Depression,0.06190169944726201,0.8434209035946751,0.09467739695806664
224,1,DT,Depression,Depression,0.06190169944726201,0.8434209035946751,0.09467739695806664
225,1,DT,Depression,Depression,0.06190169944726201,0.8434209035946751,0.09467739695806664
234,1,DT,ME/CFS,ME/CFS,0.0,0.011107544141252026,0.988892455858748
235,1,DT,ME/CFS,ME/CFS,0.0,0.011107544141252026,0.988892455858748
239,1,DT,ME/CFS,ME/CFS,0.0,0.011107544141252026,0.988892455858748
250,1,DT,Both,Both,0.9285855980956165,0.0714144019043839,0.0
251,1,DT,ME/CFS,ME/CFS,0.0,0.011107544141252026,0.988892455858748
252,1,DT,ME/CFS,ME/CFS,0.0,0.011107544141252026,0.988892455858748
254,1,DT,Depression,Depression,0.06190169944726201,0.8434209035946751,0.09467739695806664
256,1,DT,Depression,ME/CFS,0.4037424240751597,0.08766214411092642,0.5085954318139179
268,1,DT,Both,Depression,0.06190169944726201,0.8434209035946751,0.09467739695806664
270,1,DT,Depression,Depression,0.06190169944726201,0.8434209035946751,0.09467739695806664
273,1,DT,ME/CFS,ME/CFS,0.0,0.011107544141252026,0.988892455858748
277,1,DT,ME/CFS,ME/CFS,0.0,0.011107544141252026,0.988892455858748
278,1,DT,Depression,Depression,0.06190169944726201,0.8434209035946751,0.09467739695806664
282,1,DT,Depression,Depression,0.08036189462480045,0.9196381053751995,0.0
286,1,DT,Both,Both,0.9285855980956165,0.0714144019043839,0.0
299,1,DT,Depression,Depression,0.06190169944726201,0.8434209035946751,0.09467739695806664
304,1,DT,Depression,ME/CFS,0.4037424240751597,0.08766214411092642,0.5085954318139179
310,1,DT,Depression,Depression,0.06190169944726201,0.8434209035946751,0.09467739695806664
319,1,DT,ME/CFS,ME/CFS,0.4037424240751597,0.08766214411092642,0.5085954318139179
322,1,DT,Depression,Depression,0.06190169944726201,0.8434209035946751,0.09467739695806664
329,1,DT,Depression,Depression,0.06190169944726201,0.8434209035946751,0.09467739695806664
332,1,DT,Depression,Depression,0.06190169944726201,0.8434209035946751,0.09467739695806664
333,1,DT,Both,ME/CFS,0.4037424240751597,0.08766214411092642,0.5085954318139179
339,1,DT,Depression,Depression,0.06190169944726201,0.8434209035946751,0.09467739695806664
352,1,DT,ME/CFS,ME/CFS,0.0,0.011107544141252026,0.988892455858748
353,1,DT,ME/CFS,ME/CFS,0.4037424240751597,0.08766214411092642,0.5085954318139179
356,1,DT,ME/CFS,ME/CFS,0.4037424240751597,0.08766214411092642,0.5085954318139179
358,1,DT,ME/CFS,ME/CFS,0.4037424240751597,0.08766214411092642,0.5085954318139179
359,1,DT,Depression,Depression,0.06190169944726201,0.8434209035946751,0.09467739695806664
369,1,DT,ME/CFS,ME/CFS,0.0,0.011107544141252026,0.988892455858748
382,1,DT,Depression,Depression,0.06190169944726201,0.8434209035946751,0.09467739695806664
384,1,DT,Both,Both,0.9285855980956165,0.0714144019043839,0.0
385,1,DT,Both,ME/CFS,0.4037424240751597,0.08766214411092642,0.5085954318139179
386,1,DT,ME/CFS,ME/CFS,0.0,0.011107544141252026,0.988892455858748
391,1,DT,Depression,Depression,0.06190169944726201,0.8434209035946751,0.09467739695806664
392,1,DT,Both,Both,0.9285855980956165,0.0714144019043839,0.0
394,1,DT,Depression,Depression,0.06190169944726201,0.8434209035946751,0.09467739695806664
403,1,DT,ME/CFS,ME/CFS,0.0,0.011107544141252026,0.988892455858748
407,1,DT,Depression,Depression,0.06190169944726201,0.8434209035946751,0.09467739695806664
408,1,DT,Both,Both,0.9285855980956165,0.0714144019043839,0.0
411,1,DT,ME/CFS,ME/CFS,0.0,0.011107544141252026,0.988892455858748
421,1,DT,Both,Both,0.9285855980956165,0.0714144019043839,0.0
422,1,DT,Both,ME/CFS,0.4037424240751597,0.08766214411092642,0.5085954318139179
429,1,DT,ME/CFS,ME/CFS,0.0,0.011107544141252026,0.988892455858748
435,1,DT,Depression,Depression,0.06190169944726201,0.8434209035946751,0.09467739695806664
439,1,DT,ME/CFS,ME/CFS,0.38122520934332293,0.0,0.6187747906566771
453,1,DT,ME/CFS,ME/CFS,0.4037424240751597,0.08766214411092642,0.5085954318139179
475,1,DT,Both,ME/CFS,0.4037424240751597,0.08766214411092642,0.5085954318139179
477,1,DT,ME/CFS,ME/CFS,0.4037424240751597,0.08766214411092642,0.5085954318139179
489,1,DT,ME/CFS,ME/CFS,0.0,0.011107544141252026,0.988892455858748
490,1,DT,Depression,Depression,0.06190169944726201,0.8434209035946751,0.09467739695806664
495,1,DT,Depression,Depression,0.06190169944726201,0.8434209035946751,0.09467739695806664
504,1,DT,Both,ME/CFS,0.4037424240751597,0.08766214411092642,0.5085954318139179
508,1,DT,Depression,Depression,0.06190169944726201,0.8434209035946751,0.09467739695806664
509,1,DT,Both,Depression,0.06190169944726201,0.8434209035946751,0.09467739695806664
512,1,DT,Depression,Depression,0.06190169944726201,0.8434209035946751,0.09467739695806664
521,1,DT,Depression,Depression,0.06190169944726201,0.8434209035946751,0.09467739695806664
526,1,DT,Both,Both,0.9285855980956165,0.0714144019043839,0.0
530,1,DT,Both,Both,0.9285855980956165,0.0714144019043839,0.0
531,1,DT,ME/CFS,ME/CFS,0.4037424240751597,0.08766214411092642,0.5085954318139179
532,1,DT,ME/CFS,ME/CFS,0.0,0.011107544141252026,0.988892455858748
536,1,DT,Both,Depression,0.06190169944726201,0.8434209035946751,0.09467739695806664
537,1,DT,ME/CFS,ME/CFS,0.0,0.011107544141252026,0.988892455858748
539,1,DT,ME/CFS,ME/CFS,0.0,0.011107544141252026,0.988892455858748
541,1,DT,ME/CFS,ME/CFS,0.0,0.0,1.0
556,1,DT,ME/CFS,ME/CFS,0.4037424240751597,0.08766214411092642,0.5085954318139179
572,1,DT,Depression,Depression,0.06190169944726201,0.8434209035946751,0.09467739695806664
574,1,DT,ME/CFS,ME/CFS,0.0,0.011107544141252026,0.988892455858748
575,1,DT,Depression,Depression,0.06190169944726201,0.8434209035946751,0.09467739695806664
582,1,DT,Both,Both,0.9285855980956165,0.0714144019043839,0.0
589,1,DT,Depression,Depression,0.06190169944726201,0.8434209035946751,0.09467739695806664
593,1,DT,Depression,Depression,0.06190169944726201,0.8434209035946751,0.09467739695806664
594,1,DT,Depression,Depression,0.06190169944726201,0.8434209035946751,0.09467739695806664
598,1,DT,Depression,Depression,0.06190169944726201,0.8434209035946751,0.09467739695806664
610,1,DT,ME/CFS,ME/CFS,0.0,0.011107544141252026,0.988892455858748
619,1,DT,Depression,Depression,0.06190169944726201,0.8434209035946751,0.09467739695806664
620,1,DT,ME/CFS,ME/CFS,0.0,0.011107544141252026,0.988892455858748
628,1,DT,Depression,Depression,0.06190169944726201,0.8434209035946751,0.09467739695806664
631,1,DT,Depression,Both,0.9285855980956165,0.0714144019043839,0.0
634,1,DT,ME/CFS,ME/CFS,0.0,0.011107544141252026,0.988892455858748
637,1,DT,Both,Both,0.9285855980956165,0.0714144019043839,0.0
638,1,DT,ME/CFS,ME/CFS,0.0,0.011107544141252026,0.988892455858748
640,1,DT,ME/CFS,ME/CFS,0.4037424240751597,0.08766214411092642,0.5085954318139179
642,1,DT,Depression,ME/CFS,0.4037424240751597,0.08766214411092642,0.5085954318139179
649,1,DT,Depression,Depression,0.06190169944726201,0.8434209035946751,0.09467739695806664
651,1,DT,Both,Both,0.9285855980956165,0.0714144019043839,0.0
652,1,DT,ME/CFS,ME/CFS,0.0,0.0,1.0
665,1,DT,Both,Both,0.9285855980956165,0.0714144019043839,0.0
669,1,DT,ME/CFS,ME/CFS,0.0,0.0,1.0
677,1,DT,Depression,Depression,0.06190169944726201,0.8434209035946751,0.09467739695806664
680,1,DT,Depression,Depression,0.06190169944726201,0.8434209035946751,0.09467739695806664
686,1,DT,Depression,Depression,0.06190169944726201,0.8434209035946751,0.09467739695806664
692,1,DT,ME/CFS,ME/CFS,0.0,0.011107544141252026,0.988892455858748
695,1,DT,ME/CFS,ME/CFS,0.4037424240751597,0.08766214411092642,0.5085954318139179
697,1,DT,Depression,ME/CFS,0.4037424240751597,0.08766214411092642,0.5085954318139179
703,1,DT,Depression,Depression,0.06190169944726201,0.8434209035946751,0.09467739695806664
707,1,DT,Depression,Depression,0.06190169944726201,0.8434209035946751,0.09467739695806664
711,1,DT,ME/CFS,ME/CFS,0.0,0.011107544141252026,0.988892455858748
716,1,DT,Both,ME/CFS,0.4037424240751597,0.08766214411092642,0.5085954318139179
718,1,DT,Depression,Depression,0.06190169944726201,0.8434209035946751,0.09467739695806664
719,1,DT,ME/CFS,ME/CFS,0.0,0.0,1.0
723,1,DT,Depression,Depression,0.06190169944726201,0.8434209035946751,0.09467739695806664
726,1,DT,Depression,Depression,0.06190169944726201,0.8434209035946751,0.09467739695806664
731,1,DT,Depression,Depression,0.06190169944726201,0.8434209035946751,0.09467739695806664
732,1,DT,Both,Both,0.9285855980956165,0.0714144019043839,0.0
741,1,DT,ME/CFS,ME/CFS,0.0,0.011107544141252026,0.988892455858748
758,1,DT,ME/CFS,ME/CFS,0.0,0.011107544141252026,0.988892455858748
759,1,DT,Both,ME/CFS,0.4037424240751597,0.08766214411092642,0.5085954318139179
760,1,DT,Depression,Depression,0.08036189462480045,0.9196381053751995,0.0
761,1,DT,ME/CFS,ME/CFS,0.0,0.0,1.0
768,1,DT,Both,Depression,0.06190169944726201,0.8434209035946751,0.09467739695806664
779,1,DT,Both,Depression,0.06190169944726201,0.8434209035946751,0.09467739695806664
780,1,DT,ME/CFS,ME/CFS,0.0,0.011107544141252026,0.988892455858748
781,1,DT,ME/CFS,ME/CFS,0.4037424240751597,0.08766214411092642,0.5085954318139179
786,1,DT,Depression,Depression,0.08036189462480045,0.9196381053751995,0.0
788,1,DT,Depression,ME/CFS,0.4037424240751597,0.08766214411092642,0.5085954318139179
795,1,DT,ME/CFS,ME/CFS,0.4037424240751597,0.08766214411092642,0.5085954318139179
811,1,DT,ME/CFS,ME/CFS,0.0,0.011107544141252026,0.988892455858748
821,1,DT,Depression,Depression,0.06190169944726201,0.8434209035946751,0.09467739695806664
823,1,DT,ME/CFS,ME/CFS,0.0,0.011107544141252026,0.988892455858748
827,1,DT,ME/CFS,ME/CFS,0.0,0.011107544141252026,0.988892455858748
829,1,DT,ME/CFS,ME/CFS,0.0,0.011107544141252026,0.988892455858748
831,1,DT,Both,Both,0.9285855980956165,0.0714144019043839,0.0
832,1,DT,Depression,Depression,0.06190169944726201,0.8434209035946751,0.09467739695806664
833,1,DT,Both,Both,0.9285855980956165,0.0714144019043839,0.0
835,1,DT,Depression,Depression,0.06190169944726201,0.8434209035946751,0.09467739695806664
836,1,DT,ME/CFS,ME/CFS,0.0,0.011107544141252026,0.988892455858748
839,1,DT,Both,ME/CFS,0.4037424240751597,0.08766214411092642,0.5085954318139179
844,1,DT,ME/CFS,ME/CFS,0.0,0.011107544141252026,0.988892455858748
847,1,DT,Both,Depression,0.06190169944726201,0.8434209035946751,0.09467739695806664
849,1,DT,Both,Both,0.9285855980956165,0.0714144019043839,0.0
850,1,DT,ME/CFS,ME/CFS,0.4037424240751597,0.08766214411092642,0.5085954318139179
861,1,DT,Both,Both,0.9285855980956165,0.0714144019043839,0.0
863,1,DT,Depression,Depression,0.06190169944726201,0.8434209035946751,0.09467739695806664
865,1,DT,ME/CFS,ME/CFS,0.4037424240751597,0.08766214411092642,0.5085954318139179
871,1,DT,Both,Both,0.9285855980956165,0.0714144019043839,0.0
878,1,DT,Both,Both,0.9285855980956165,0.0714144019043839,0.0
887,1,DT,ME/CFS,ME/CFS,0.4037424240751597,0.08766214411092642,0.5085954318139179
894,1,DT,Both,Depression,0.06190169944726201,0.8434209035946751,0.09467739695806664
896,1,DT,ME/CFS,Depression,0.06190169944726201,0.8434209035946751,0.09467739695806664
899,1,DT,Both,ME/CFS,0.4037424240751597,0.08766214411092642,0.5085954318139179
900,1,DT,Depression,Depression,0.06190169944726201,0.8434209035946751,0.09467739695806664
910,1,DT,Both,Depression,0.06190169944726201,0.8434209035946751,0.09467739695806664
911,1,DT,Depression,Depression,0.06190169944726201,0.8434209035946751,0.09467739695806664
923,1,DT,ME/CFS,ME/CFS,0.4037424240751597,0.08766214411092642,0.5085954318139179
928,1,DT,ME/CFS,ME/CFS,0.4037424240751597,0.08766214411092642,0.5085954318139179
932,1,DT,Both,Both,0.9285855980956165,0.0714144019043839,0.0
970,1,DT,ME/CFS,ME/CFS,0.0,0.011107544141252026,0.988892455858748
976,1,DT,ME/CFS,Depression,0.06190169944726201,0.8434209035946751,0.09467739695806664
996,1,DT,Depression,Depression,0.06190169944726201,0.8434209035946751,0.09467739695806664
997,1,DT,Both,Both,0.9285855980956165,0.0714144019043839,0.0
1000,1,DT,Both,Both,0.9285855980956165,0.0714144019043839,0.0
1002,1,DT,Both,Depression,0.06190169944726201,0.8434209035946751,0.09467739695806664
1019,1,DT,ME/CFS,ME/CFS,0.4037424240751597,0.08766214411092642,0.5085954318139179
1021,1,DT,ME/CFS,ME/CFS,0.0,0.0,1.0
1023,1,DT,ME/CFS,ME/CFS,0.4037424240751597,0.08766214411092642,0.5085954318139179
1043,1,DT,Both,ME/CFS,0.4037424240751597,0.08766214411092642,0.5085954318139179
1056,1,DT,ME/CFS,ME/CFS,0.0,0.011107544141252026,0.988892455858748
1063,1,DT,ME/CFS,ME/CFS,0.4037424240751597,0.08766214411092642,0.5085954318139179
1065,1,DT,Both,ME/CFS,0.4037424240751597,0.08766214411092642,0.5085954318139179
1067,1,DT,Both,Both,0.9285855980956165,0.0714144019043839,0.0
1068,1,DT,ME/CFS,ME/CFS,0.0,0.011107544141252026,0.988892455858748
1088,1,DT,ME/CFS,ME/CFS,0.0,0.011107544141252026,0.988892455858748
1099,1,DT,ME/CFS,Depression,0.06190169944726201,0.8434209035946751,0.09467739695806664
1100,1,DT,Depression,Both,0.9285855980956165,0.0714144019043839,0.0
1111,1,DT,Both,Both,0.9285855980956165,0.0714144019043839,0.0
1112,1,DT,Depression,Depression,0.06190169944726201,0.8434209035946751,0.09467739695806664
1115,1,DT,ME/CFS,ME/CFS,0.0,0.011107544141252026,0.988892455858748
1119,1,DT,Depression,Depression,0.06190169944726201,0.8434209035946751,0.09467739695806664
1124,1,DT,Both,Both,0.9285855980956165,0.0714144019043839,0.0
1126,1,DT,Depression,Depression,0.06190169944726201,0.8434209035946751,0.09467739695806664
1130,1,DT,Both,Both,0.9285855980956165,0.0714144019043839,0.0
1133,1,DT,Both,Both,0.9285855980956165,0.0714144019043839,0.0
1135,1,DT,ME/CFS,ME/CFS,0.0,0.011107544141252026,0.988892455858748
1136,1,DT,ME/CFS,ME/CFS,0.0,0.011107544141252026,0.988892455858748
1138,1,DT,ME/CFS,ME/CFS,0.4037424240751597,0.08766214411092642,0.5085954318139179
1139,1,DT,Depression,Depression,0.06190169944726201,0.8434209035946751,0.09467739695806664
1142,1,DT,Depression,Depression,0.06190169944726201,0.8434209035946751,0.09467739695806664
1145,1,DT,Depression,Depression,0.06190169944726201,0.8434209035946751,0.09467739695806664
1148,1,DT,Both,Both,0.9285855980956165,0.0714144019043839,0.0
1152,1,DT,Both,ME/CFS,0.4037424240751597,0.08766214411092642,0.5085954318139179
1153,1,DT,ME/CFS,ME/CFS,0.0,0.011107544141252026,0.988892455858748
1159,1,DT,ME/CFS,ME/CFS,0.0,0.011107544141252026,0.988892455858748
1160,1,DT,ME/CFS,ME/CFS,0.0,0.0,1.0
1162,1,DT,ME/CFS,ME/CFS,0.0,0.011107544141252026,0.988892455858748
1168,1,DT,ME/CFS,ME/CFS,0.4037424240751597,0.08766214411092642,0.5085954318139179
1170,1,DT,ME/CFS,ME/CFS,0.0,0.011107544141252026,0.988892455858748
1176,1,DT,Depression,Depression,0.06190169944726201,0.8434209035946751,0.09467739695806664
1177,1,DT,Both,Both,0.9285855980956165,0.0714144019043839,0.0
1179,1,DT,Depression,Depression,0.06190169944726201,0.8434209035946751,0.09467739695806664
1192,1,DT,ME/CFS,ME/CFS,0.4037424240751597,0.08766214411092642,0.5085954318139179
1193,1,DT,Both,Both,0.9285855980956165,0.0714144019043839,0.0
1197,1,DT,Both,Both,0.9285855980956165,0.0714144019043839,0.0
1203,1,DT,ME/CFS,ME/CFS,0.0,0.011107544141252026,0.988892455858748
1204,1,DT,ME/CFS,ME/CFS,0.0,0.011107544141252026,0.988892455858748
1206,1,DT,Depression,Depression,0.06190169944726201,0.8434209035946751,0.09467739695806664
1219,1,DT,ME/CFS,ME/CFS,0.4037424240751597,0.08766214411092642,0.5085954318139179
1229,1,DT,Both,Both,0.9285855980956165,0.0714144019043839,0.0
1234,1,DT,Both,Both,0.9285855980956165,0.0714144019043839,0.0
1235,1,DT,ME/CFS,ME/CFS,0.4037424240751597,0.08766214411092642,0.5085954318139179
1237,1,DT,Both,Both,0.9285855980956165,0.0714144019043839,0.0
1245,1,DT,Depression,Depression,0.06190169944726201,0.8434209035946751,0.09467739695806664
1246,1,DT,ME/CFS,ME/CFS,0.0,0.011107544141252026,0.988892455858748
1247,1,DT,ME/CFS,ME/CFS,0.4037424240751597,0.08766214411092642,0.5085954318139179
1253,1,DT,Depression,Depression,0.06190169944726201,0.8434209035946751,0.09467739695806664
1255,1,DT,ME/CFS,ME/CFS,0.0,0.011107544141252026,0.988892455858748
1266,1,DT,Depression,Depression,0.06190169944726201,0.8434209035946751,0.09467739695806664
1269,1,DT,Both,ME/CFS,0.4037424240751597,0.08766214411092642,0.5085954318139179
1276,1,DT,ME/CFS,ME/CFS,0.4037424240751597,0.08766214411092642,0.5085954318139179
1279,1,DT,Depression,Depression,0.06190169944726201,0.8434209035946751,0.09467739695806664
1282,1,DT,Depression,Depression,0.06190169944726201,0.8434209035946751,0.09467739695806664
1284,1,DT,Depression,Depression,0.06190169944726201,0.8434209035946751,0.09467739695806664
1285,1,DT,Both,Both,0.9285855980956165,0.0714144019043839,0.0
1287,1,DT,ME/CFS,ME/CFS,0.4037424240751597,0.08766214411092642,0.5085954318139179
1288,1,DT,Both,Both,0.9285855980956165,0.0714144019043839,0.0
1296,1,DT,Depression,Depression,0.06190169944726201,0.8434209035946751,0.09467739695806664
1300,1,DT,ME/CFS,ME/CFS,0.0,0.011107544141252026,0.988892455858748
1301,1,DT,ME/CFS,ME/CFS,0.4037424240751597,0.08766214411092642,0.5085954318139179
1309,1,DT,Both,Depression,0.06190169944726201,0.8434209035946751,0.09467739695806664
1318,1,DT,ME/CFS,ME/CFS,0.4037424240751597,0.08766214411092642,0.5085954318139179
1322,1,DT,Depression,Depression,0.06190169944726201,0.8434209035946751,0.09467739695806664
1329,1,DT,Depression,ME/CFS,0.4037424240751597,0.08766214411092642,0.5085954318139179
1335,1,DT,Both,Both,0.9285855980956165,0.0714144019043839,0.0
1340,1,DT,ME/CFS,ME/CFS,0.4037424240751597,0.08766214411092642,0.5085954318139179
1341,1,DT,Both,ME/CFS,0.38122520934332293,0.0,0.6187747906566771
1348,1,DT,Depression,Depression,0.06190169944726201,0.8434209035946751,0.09467739695806664
1354,1,DT,Both,ME/CFS,0.4037424240751597,0.08766214411092642,0.5085954318139179
1356,1,DT,ME/CFS,ME/CFS,0.4037424240751597,0.08766214411092642,0.5085954318139179
1359,1,DT,Depression,Depression,0.06190169944726201,0.8434209035946751,0.09467739695806664
1366,1,DT,Depression,Depression,0.08036189462480045,0.9196381053751995,0.0
1373,1,DT,ME/CFS,ME/CFS,0.4037424240751597,0.08766214411092642,0.5085954318139179
1380,1,DT,Depression,Depression,0.06190169944726201,0.8434209035946751,0.09467739695806664
1381,1,DT,Both,Depression,0.06190169944726201,0.8434209035946751,0.09467739695806664
1404,1,DT,ME/CFS,ME/CFS,0.4037424240751597,0.08766214411092642,0.5085954318139179
1411,1,DT,ME/CFS,ME/CFS,0.4037424240751597,0.08766214411092642,0.5085954318139179
1420,1,DT,ME/CFS,ME/CFS,0.0,0.011107544141252026,0.988892455858748
1427,1,DT,ME/CFS,ME/CFS,0.0,0.011107544141252026,0.988892455858748
1432,1,DT,Depression,Depression,0.06190169944726201,0.8434209035946751,0.09467739695806664
1440,1,DT,Both,ME/CFS,0.4037424240751597,0.08766214411092642,0.5085954318139179
1446,1,DT,Both,Both,0.9285855980956165,0.0714144019043839,0.0
1447,1,DT,Depression,Depression,0.06190169944726201,0.8434209035946751,0.09467739695806664
1451,1,DT,Both,Both,0.9285855980956165,0.0714144019043839,0.0
1453,1,DT,Depression,Depression,0.06190169944726201,0.8434209035946751,0.09467739695806664
1457,1,DT,ME/CFS,Depression,0.06190169944726201,0.8434209035946751,0.09467739695806664
1472,1,DT,Both,ME/CFS,0.4037424240751597,0.08766214411092642,0.5085954318139179
1473,1,DT,Depression,Depression,0.06190169944726201,0.8434209035946751,0.09467739695806664
1476,1,DT,Depression,Depression,0.06190169944726201,0.8434209035946751,0.09467739695806664
1481,1,DT,Depression,Both,0.9285855980956165,0.0714144019043839,0.0
1482,1,DT,ME/CFS,ME/CFS,0.4037424240751597,0.08766214411092642,0.5085954318139179
1493,1,DT,Depression,Depression,0.06190169944726201,0.8434209035946751,0.09467739695806664
1503,1,DT,Depression,Depression,0.06190169944726201,0.8434209035946751,0.09467739695806664
1510,1,DT,ME/CFS,ME/CFS,0.0,0.011107544141252026,0.988892455858748
1511,1,DT,ME/CFS,ME/CFS,0.0,0.011107544141252026,0.988892455858748
1528,1,DT,ME/CFS,ME/CFS,0.0,0.011107544141252026,0.988892455858748
1529,1,DT,ME/CFS,ME/CFS,0.0,0.011107544141252026,0.988892455858748
1531,1,DT,Both,Both,0.9285855980956165,0.0714144019043839,0.0
1536,1,DT,ME/CFS,Depression,0.06190169944726201,0.8434209035946751,0.09467739695806664
1541,1,DT,Depression,Depression,0.06190169944726201,0.8434209035946751,0.09467739695806664
1552,1,DT,Depression,Depression,0.06190169944726201,0.8434209035946751,0.09467739695806664
1557,1,DT,ME/CFS,ME/CFS,0.4037424240751597,0.08766214411092642,0.5085954318139179
1560,1,DT,ME/CFS,ME/CFS,0.0,0.011107544141252026,0.988892455858748
1564,1,DT,Both,Depression,0.06190169944726201,0.8434209035946751,0.09467739695806664
1565,1,DT,ME/CFS,ME/CFS,0.0,0.011107544141252026,0.988892455858748
1573,1,DT,Both,Both,0.9285855980956165,0.0714144019043839,0.0
1575,1,DT,Both,ME/CFS,0.4037424240751597,0.08766214411092642,0.5085954318139179
1584,1,DT,Depression,Depression,0.06190169944726201,0.8434209035946751,0.09467739695806664
1588,1,DT,ME/CFS,ME/CFS,0.4037424240751597,0.08766214411092642,0.5085954318139179
1591,1,DT,Depression,Depression,0.06190169944726201,0.8434209035946751,0.09467739695806664
1593,1,DT,Both,Depression,0.06190169944726201,0.8434209035946751,0.09467739695806664
1607,1,DT,Depression,Depression,0.06190169944726201,0.8434209035946751,0.09467739695806664
1608,1,DT,ME/CFS,ME/CFS,0.0,0.011107544141252026,0.988892455858748
1609,1,DT,Depression,Depression,0.06190169944726201,0.8434209035946751,0.09467739695806664
1612,1,DT,Depression,ME/CFS,0.4037424240751597,0.08766214411092642,0.5085954318139179
1617,1,DT,ME/CFS,Depression,0.06190169944726201,0.8434209035946751,0.09467739695806664
1619,1,DT,Depression,ME/CFS,0.4037424240751597,0.08766214411092642,0.5085954318139179
1,1,RF,ME/CFS,ME/CFS,0.32599809665602103,0.04741673457303616,0.626585168770943
4,1,RF,ME/CFS,ME/CFS,0.0,0.0007032520325203252,0.9992967479674797
12,1,RF,ME/CFS,ME/CFS,0.3871325693671483,0.018695867502557244,0.5941715631302946
15,1,RF,ME/CFS,ME/CFS,0.004963894562689581,0.004500786913503031,0.9905353185238074
26,1,RF,Both,ME/CFS,0.09086490073210866,0.13572926673372485,0.773405832534167
28,1,RF,ME/CFS,ME/CFS,0.012484432515599496,0.001310242074029368,0.9862053254103711
29,1,RF,Depression,Depression,0.011251132556576868,0.6630545899017934,0.32569427754162966
35,1,RF,ME/CFS,ME/CFS,0.005520161812311175,0.0,0.9944798381876887
46,1,RF,Both,Both,0.9322202970037423,0.06550840962086331,0.0022712933753943217
47,1,RF,ME/CFS,ME/CFS,0.022334411935415,0.006260970999986797,0.971404617064598
55,1,RF,ME/CFS,ME/CFS,0.04841240490614827,0.16703410885868286,0.7845534862351694
58,1,RF,Both,Both,0.48024847863861403,0.039879967691424864,0.47987155366996115
69,1,RF,ME/CFS,ME/CFS,0.42864392921611866,0.055199059198159095,0.5161570115857222
70,1,RF,Both,Both,0.8284734967699705,0.1665265032300294,0.005
71,1,RF,Depression,Depression,0.002638562227176511,0.9869990057599142,0.010362432012909217
73,1,RF,Depression,Depression,0.0,0.9947531372414191,0.005246862758580839
75,1,RF,ME/CFS,ME/CFS,0.4456074530708587,0.06449283390510065,0.48989971302404084
80,1,RF,ME/CFS,Depression,0.038414805867912426,0.725879406830084,0.23570578730200356
86,1,RF,Depression,Depression,0.002690662865288667,0.9973093371347113,0.0
91,1,RF,Depression,Depression,0.06896790354449443,0.669010153034675,0.26202194342083024
94,1,RF,Depression,Depression,0.06424659404796908,0.9206343695714131,0.015119036380617542
100,1,RF,ME/CFS,ME/CFS,0.019322665899328174,0.0048924368956486655,0.9757848972050231
101,1,RF,Both,Both,0.8478097844843271,0.1425002986511525,0.009689916864520625
103,1,RF,Depression,Depression,0.010026607224718376,0.9846864433801223,0.005286949395159163
105,1,RF,Both,Both,0.7910222700041717,0.20459262819711896,0.004385101798709469
108,1,RF,Both,ME/CFS,0.4323853522931453,0.05207064278120813,0.5155440049256468
110,1,RF,Depression,Depression,0.2336323981614272,0.7012842588177102,0.06508334302086205
114,1,RF,ME/CFS,ME/CFS,0.3479896446105685,0.034747338068954796,0.6172630173204774
120,1,RF,Depression,Depression,0.016937577689576846,0.9703525698208444,0.012709852489578708
123,1,RF,ME/CFS,ME/CFS,0.3401314031370106,0.05057794206121035,0.609290654801779
124,1,RF,Depression,Depression,0.2068813123839038,0.7703669373047662,0.02275175031132978
127,1,RF,Depression,Depression,0.0187128272610952,0.6400458243248253,0.3412413484140791
136,1,RF,Depression,Depression,0.06603759710027589,0.6619108172690474,0.2720515856306765
142,1,RF,ME/CFS,Both,0.6491040792618563,0.013574770699873727,0.33732115003826946
143,1,RF,ME/CFS,Both,0.5356160910184572,0.04806194766863741,0.41632196131290505
145,1,RF,Depression,Depression,0.060810044355544136,0.8896864393245388,0.04950351631991687
148,1,RF,ME/CFS,ME/CFS,0.0,0.0019467748255637578,0.9980532251744363
164,1,RF,Depression,Depression,0.003311740591738316,0.982084204691037,0.014604054717224651
165,1,RF,ME/CFS,Depression,0.025834008806603203,0.6709889195002695,0.3031770716931272
167,1,RF,Depression,Depression,0.008054437292031277,0.9910499517945642,0.0008956109134045079
170,1,RF,Both,ME/CFS,0.2836595372019097,0.08617987227291528,0.6301605905251751
185,1,RF,Depression,ME/CFS,0.2478998092951612,0.07066518471449536,0.6814350059903433
201,1,RF,Depression,Depression,0.05788138913020122,0.6351845800922824,0.30693403077751613
205,1,RF,Depression,Depression,0.04212010634207717,0.9415132409827508,0.016366652675172
209,1,RF,Both,Both,0.9266855237549915,0.06795931915220738,0.005355157092801366
214,1,RF,ME/CFS,ME/CFS,0.018326369164663542,0.00198736930800084,0.9796862615273355
216,1,RF,Depression,Depression,0.03913390351518617,0.9514597362907758,0.009406360194037686
224,1,RF,Depression,Depression,0.1527144635779626,0.8251948131810937,0.02209072324094362
225,1,RF,Depression,Depression,0.009316695724203858,0.9821464804864685,0.008536823789327684
234,1,RF,ME/CFS,ME/CFS,0.005870703502214968,0.0,0.994129296497785
235,1,RF,ME/CFS,ME/CFS,0.017349107121270267,0.001978273299028016,0.9806726195797018
239,1,RF,ME/CFS,ME/CFS,0.007360860785168447,0.00901981728715141,0.9836193219276802
250,1,RF,Both,Both,0.7930363451598847,0.20563120663249504,0.0013324482076204314
251,1,RF,ME/CFS,ME/CFS,0.014424917100318915,0.016163462030197254,0.9694116208694836
252,1,RF,ME/CFS,ME/CFS,0.0010535931790499392,0.012310252897381208,0.9866361539235688
254,1,RF,Depression,Depression,0.021825495496447488,0.6615911813208354,0.3165833231827171
256,1,RF,Depression,ME/CFS,0.24026219391823708,0.07777523255001396,0.6819625735317488
268,1,RF,Both,Depression,0.06789795948839629,0.9210645454616889,0.011037495049914399
270,1,RF,Depression,Depression,0.04761685014048595,0.9133545467465405,0.03902860311297365
273,1,RF,ME/CFS,ME/CFS,0.012962390691243927,0.004818787234845337,0.9822188220739108
277,1,RF,ME/CFS,ME/CFS,0.0025188560771551884,0.0026200065065458094,0.9948611374162991
278,1,RF,Depression,Depression,0.002512221802085565,0.9944003400726455,0.0030874381252688943
282,1,RF,Depression,Depression,0.0690478604512154,0.9171027779470751,0.01384936160170902
286,1,RF,Both,Both,0.9324808186194571,0.0675191813805432,0.0
299,1,RF,Depression,Depression,0.0353970400986019,0.9541457126683639,0.010457247233033977
304,1,RF,Depression,Both,0.4896212467479465,0.026828800149013378,0.4835499531030402
310,1,RF,Depression,Depression,0.025340567805907453,0.5931626690402941,0.3814967631537984
319,1,RF,ME/CFS,ME/CFS,0.36834457774010376,0.0673813705872587,0.5642740516726374
322,1,RF,Depression,Depression,0.0,0.9786573377944358,0.021342662205564064
329,1,RF,Depression,Depression,0.04894937483383517,0.9394818646478958,0.011568760518269416
332,1,RF,Depression,Depression,0.0036144788777566156,0.9963855211222434,0.0
333,1,RF,Both,ME/CFS,0.45870494933756867,0.037611563624849846,0.5036834870375814
339,1,RF,Depression,Depression,0.05387266935518551,0.9305506043982761,0.01557672624653848
352,1,RF,ME/CFS,ME/CFS,0.0,0.0,1.0
353,1,RF,ME/CFS,ME/CFS,0.08027971338683258,0.08409678258252967,0.835623504030638
356,1,RF,ME/CFS,ME/CFS,0.3121145431976935,0.03377814753475064,0.6541073092675563
358,1,RF,ME/CFS,ME/CFS,0.20933682624619226,0.06392976368373116,0.7267334100700766
359,1,RF,Depression,Depression,0.023842342958178105,0.6296123727053611,0.3465452843364604
369,1,RF,ME/CFS,ME/CFS,0.021938148054545303,0.02251229846458476,0.9555495534808699
382,1,RF,Depression,Depression,0.030633661315083258,0.6030881261165161,0.36627821256840065
384,1,RF,Both,Both,0.965743047171072,0.034256952828928336,0.0
385,1,RF,Both,Both,0.5426830461396024,0.0071485514178145195,0.4501684024425827
386,1,RF,ME/CFS,ME/CFS,0.006907089552238805,0.0,0.9930929104477613
391,1,RF,Depression,Depression,0.0,0.9975852743984668,0.0024147256015332806
392,1,RF,Both,Both,0.949352532498458,0.03655996427216493,0.014087503229377032
394,1,RF,Depression,Depression,0.10295986563873233,0.8778462085589473,0.019193925802320523
403,1,RF,ME/CFS,ME/CFS,0.005634730924170642,0.0,0.9943652690758294
407,1,RF,Depression,Depression,0.026955080693405863,0.746089382897179,0.22695553640941488
408,1,RF,Both,Both,0.8897142921077885,0.10548368057700287,0.004802027315208806
411,1,RF,ME/CFS,ME/CFS,0.003310315614193327,0.0020850411699005166,0.9946046432159062
421,1,RF,Both,Both,0.9283270665720608,0.06929966399753522,0.0023732694304036952
422,1,RF,Both,ME/CFS,0.33822746837034373,0.054874811225017944,0.6068977204046386
429,1,RF,ME/CFS,ME/CFS,0.004270078506974414,0.00027329853959932594,0.9954566229534262
435,1,RF,Depression,Depression,0.026635013536419175,0.7996201410628495,0.17374484540073076
439,1,RF,ME/CFS,ME/CFS,0.16986912775932567,0.08741341480725151,0.742717457433423
453,1,RF,ME/CFS,ME/CFS,0.2167332475642608,0.03016102327477932,0.75310572916096
475,1,RF,Both,Both,0.5023682006886857,0.022098614951090605,0.4755331843602238
477,1,RF,ME/CFS,ME/CFS,0.321532165452778,0.10235566585951654,0.5761121686877059
489,1,RF,ME/CFS,ME/CFS,0.0,0.0,1.0
490,1,RF,Depression,Depression,0.0,0.9982059399367802,0.0017940600632198145
495,1,RF,Depression,Depression,0.03682935497849732,0.9550315336534025,0.008139111368099874
504,1,RF,Both,Both,0.4970222781024259,0.058530292511239014,0.44444742938633497
508,1,RF,Depression,Depression,0.018894126703461342,0.8155787692633762,0.16552710403316234
509,1,RF,Both,Depression,0.01817126966719684,0.8166187568588928,0.16520997347390995
512,1,RF,Depression,Depression,0.22759571934087774,0.7513428942807997,0.021061386378322423
521,1,RF,Depression,Depression,0.01567194124806781,0.9840531133768411,0.0002749453750910415
526,1,RF,Both,Both,0.9505968369729129,0.04940316302708707,0.0
530,1,RF,Both,Both,0.9435679814219396,0.055097812572987966,0.0013342060050724044
531,1,RF,ME/CFS,Both,0.5477090033253355,0.018415723429909846,0.4338752732447546
532,1,RF,ME/CFS,ME/CFS,0.0,0.001174898706457075,0.9988251012935428
536,1,RF,Both,ME/CFS,0.18497487957065167,0.35672572226293014,0.4582993981664179
537,1,RF,ME/CFS,ME/CFS,0.0027669138322932003,0.0031635655379571386,0.9940695206297495
539,1,RF,ME/CFS,ME/CFS,0.0,0.006982925607402587,0.9930170743925975
541,1,RF,ME/CFS,ME/CFS,0.0009614577735901832,0.021701645083237023,0.977336897143173
556,1,RF,ME/CFS,ME/CFS,0.4550050628486338,0.058710879103383906,0.4862840580479824
572,1,RF,Depression,Depression,0.01740250064796141,0.978825946168815,0.003771553183223566
574,1,RF,ME/CFS,ME/CFS,0.0066232781453184186,0.0008747805323407541,0.9925019413223408
575,1,RF,Depression,Depression,0.005074255708274344,0.9912578489940148,0.0036678952977107506
582,1,RF,Both,Both,0.9583250264878902,0.04033380165402746,0.0013411718580825776
589,1,RF,Depression,Depression,0.12710988689816408,0.8590918601813048,0.013798252920530763
593,1,RF,Depression,Depression,0.0164093045642132,0.9689919561411046,0.014598739294682153
594,1,RF,Depression,Depression,0.04102408378051452,0.5434633848144423,0.41551253140504324
598,1,RF,Depression,Depression,0.006578637658977367,0.6286135846381199,0.3648077777029025
610,1,RF,ME/CFS,ME/CFS,0.0005888359428182437,0.0,0.9994111640571818
619,1,RF,Depression,Depression,0.0015266859374930407,0.9937596219536831,0.004713692108823931
620,1,RF,ME/CFS,ME/CFS,0.013273701871514599,0.007826472104190131,0.9788998260242953
628,1,RF,Depression,Depression,0.013469396905851765,0.6941132825114238,0.2924173205827243
631,1,RF,Depression,Both,0.7861900839812993,0.2138099160187006,0.0
634,1,RF,ME/CFS,ME/CFS,0.005,0.0,0.995
637,1,RF,Both,Both,0.946332871073689,0.05366712892631123,0.0
638,1,RF,ME/CFS,ME/CFS,0.005899424636626393,0.0044474146231052,0.9896531607402684
640,1,RF,ME/CFS,ME/CFS,0.4629897425778573,0.0307014735395245,0.5063087838826184
642,1,RF,Depression,Depression,0.01700659615623412,0.8943095727332667,0.08868383111049917
649,1,RF,Depression,Depression,0.4309451973483431,0.5332386057982601,0.03581619685339656
651,1,RF,Both,Both,0.914819490387154,0.08399108230007077,0.0011894273127753304
652,1,RF,ME/CFS,ME/CFS,0.0,0.008157513192649379,0.9918424868073507
665,1,RF,Both,Both,0.9832662164066923,0.016486530846054982,0.0002472527472527473
669,1,RF,ME/CFS,ME/CFS,0.00537779175668664,0.015952334630946488,0.9786698736123668
677,1,RF,Depression,Depression,0.037205339315481034,0.6799689044552973,0.2828257562292215
680,1,RF,Depression,Depression,0.0006723063223508459,0.9979665157930339,0.001361177884615385
686,1,RF,Depression,Depression,0.09411008814086264,0.8937950668938254,0.012094844965311819
692,1,RF,ME/CFS,ME/CFS,0.008702965202014318,0.004814047593661314,0.9864829872043244
695,1,RF,ME/CFS,ME/CFS,0.21818721689596635,0.0476464212826515,0.7341663618213826
697,1,RF,Depression,ME/CFS,0.07187687189905911,0.10773145327812365,0.8203916748228175
703,1,RF,Depression,Depression,0.002690662865288667,0.9959481592500958,0.001361177884615385
707,1,RF,Depression,Depression,0.0,0.9976697530864197,0.002330246913580247
711,1,RF,ME/CFS,ME/CFS,0.013754399377919967,0.004608176459123282,0.9816374241629567
716,1,RF,Both,ME/CFS,0.43122453062355803,0.056110483201680245,0.5126649861747616
718,1,RF,Depression,Depression,0.004040846625994642,0.9745359427164856,0.0214232106575197
719,1,RF,ME/CFS,ME/CFS,0.0019274559363540022,0.018427323207323286,0.9796452208563227
723,1,RF,Depression,Depression,0.03261725946287188,0.9588055786836722,0.008577161853455813
726,1,RF,Depression,Depression,0.07898363934298602,0.8990970362571449,0.021919324399869055
731,1,RF,Depression,Depression,0.15349424384938787,0.8287100455712606,0.01779571057935182
732,1,RF,Both,Both,0.9299886429360942,0.06606495024295571,0.003946406820950061
741,1,RF,ME/CFS,ME/CFS,0.008199526370636874,0.006335665903121049,0.9854648077262421
758,1,RF,ME/CFS,ME/CFS,0.009876782795938854,0.0158793308046715,0.9742438863993896
759,1,RF,Both,ME/CFS,0.32274054768898763,0.04614717356421833,0.6311122787467945
760,1,RF,Depression,Depression,0.06782530096687867,0.9112104436274784,0.02096425540564259
761,1,RF,ME/CFS,ME/CFS,0.001894975844008879,0.026632270095747756,0.9714727540602434
768,1,RF,Both,Depression,0.03734010419632862,0.7342554388359568,0.2284044569677147
779,1,RF,Both,Depression,0.19777083502316856,0.7598412068106161,0.042387958166214997
780,1,RF,ME/CFS,ME/CFS,0.007079216884326823,0.0029009085635785885,0.9900198745520945
781,1,RF,ME/CFS,ME/CFS,0.05645039548372049,0.10898928144836101,0.8345603230679188
786,1,RF,Depression,Depression,0.05077498867955593,0.9369045189115086,0.012320492408935329
788,1,RF,Depression,Depression,0.026696493877893652,0.8740161735343709,0.09928733258773534
795,1,RF,ME/CFS,ME/CFS,0.32195631628611976,0.09702352372960518,0.5810201599842753
811,1,RF,ME/CFS,ME/CFS,0.0,0.0,1.0
821,1,RF,Depression,Depression,0.00043996038790214187,0.986427594016484,0.013132445595613981
823,1,RF,ME/CFS,ME/CFS,0.004468338456942903,0.0005182686653278153,0.9950133928777292
827,1,RF,ME/CFS,ME/CFS,0.0,0.0004716466739367501,0.9995283533260633
829,1,RF,ME/CFS,ME/CFS,0.005326941459849783,0.03830404805570584,0.9563690104844444
831,1,RF,Both,Both,0.9180628767390344,0.07693712326096551,0.005
832,1,RF,Depression,Depression,0.17898483580829028,0.7999153300201766,0.021099834171532775
833,1,RF,Both,Both,0.8290070823347344,0.16841536265080184,0.0025775550144636196
835,1,RF,Depression,Depression,0.0,0.9973948077113286,0.002605192288671289
836,1,RF,ME/CFS,ME/CFS,0.0015698729582577133,0.0,0.9984301270417423
839,1,RF,Both,ME/CFS,0.38652649059990524,0.07456268585852521,0.5389108235415698
844,1,RF,ME/CFS,ME/CFS,0.013815955737200014,0.008007806633239916,0.9781762376295599
847,1,RF,Both,Depression,0.021065173977382744,0.8322827432724086,0.14665208275020836
849,1,RF,Both,Both,0.8551043584347157,0.13767694664190833,0.0072186949233757
850,1,RF,ME/CFS,ME/CFS,0.30188331019708514,0.05510990415433985,0.6430067856485754
861,1,RF,Both,Both,0.9399457745302773,0.06005422546972291,0.0
863,1,RF,Depression,Depression,0.1104265744106189,0.5399116097091217,0.3496618158802594
865,1,RF,ME/CFS,Both,0.5153408216916456,0.017612028810456717,0.4670471494978976
871,1,RF,Both,Both,0.8882305354948089,0.11043525850011872,0.0013342060050724044
878,1,RF,Both,Both,0.9017019458604598,0.09637634595448727,0.0019217081850533809
887,1,RF,ME/CFS,Both,0.49890748462873463,0.0561116683321702,0.4449808470390952
894,1,RF,Both,Depression,0.1444085907524386,0.8417743147099485,0.013817094537612819
896,1,RF,ME/CFS,Depression,0.13414422201753431,0.5840214121400613,0.281834365842404
899,1,RF,Both,ME/CFS,0.379637498320603,0.026239935209216685,0.594122566470181
900,1,RF,Depression,Depression,0.039528600763724824,0.7697669821905315,0.19070441704574354
910,1,RF,Both,Depression,0.10614235557390206,0.8823700505326544,0.01148759389344316
911,1,RF,Depression,Depression,0.04339799876484506,0.7247839949494024,0.23181800628575217
923,1,RF,ME/CFS,ME/CFS,0.449131036926956,0.0338502430736162,0.5170187199994277
928,1,RF,ME/CFS,ME/CFS,0.050695141361745966,0.1401307718472503,0.809174086791004
932,1,RF,Both,Both,0.9361118190912382,0.05510136463947734,0.008786816269284714
970,1,RF,ME/CFS,ME/CFS,0.002874246156096878,0.12124464038228813,0.8758811134616148
976,1,RF,ME/CFS,Depression,0.021043006642379278,0.789323208308695,0.18963378504892542
996,1,RF,Depression,Depression,0.03382004301516559,0.8155330147394007,0.15064694224543373
997,1,RF,Both,Both,0.878486227967587,0.12032434471963764,0.0011894273127753304
1000,1,RF,Both,Both,0.8972002187888988,0.10279978121110163,0.0
1002,1,RF,Both,Depression,0.10751115514315814,0.8651211560471682,0.027367688809673395
1019,1,RF,ME/CFS,Both,0.49723417519297014,0.014172942751700864,0.4885928820553289
1021,1,RF,ME/CFS,ME/CFS,0.0023583298910754293,0.01430123237864124,0.9833404377302832
1023,1,RF,ME/CFS,ME/CFS,0.2566594265596724,0.052192995821577035,0.6911475776187506
1043,1,RF,Both,ME/CFS,0.3458086817249796,0.02641558215645623,0.6277757361185643
1056,1,RF,ME/CFS,ME/CFS,0.004841609810146239,0.03722603172094238,0.9579323584689113
1063,1,RF,ME/CFS,ME/CFS,0.44113312343493766,0.034513198578646834,0.5243536779864154
1065,1,RF,Both,ME/CFS,0.11713310936323472,0.05364949844231695,0.8292173921944485
1067,1,RF,Both,Both,0.9546557389047172,0.04199885571984305,0.003345405375439923
1068,1,RF,ME/CFS,ME/CFS,0.010060394530093487,0.0009219260906465259,0.98901767937926
1088,1,RF,ME/CFS,ME/CFS,0.0025414318796128255,0.010223544427787364,0.9872350236925997
1099,1,RF,ME/CFS,Depression,0.013800790297345435,0.7259304441713226,0.26026876553133166
1100,1,RF,Depression,Both,0.924945824500532,0.0750541754994679,0.0
1111,1,RF,Both,Both,0.8999813404017548,0.09618807273851626,0.0038305868597288844
1112,1,RF,Depression,Depression,0.026885343035166053,0.7620429082406219,0.21107174872421183
1115,1,RF,ME/CFS,ME/CFS,0.001834609171992415,0.0008747805323407541,0.9972906102956668
1119,1,RF,Depression,Depression,0.127306927413065,0.8603044528344003,0.012388619752534686
1124,1,RF,Both,Both,0.9095404803846572,0.09045951961534288,0.0
1126,1,RF,Depression,Depression,0.0008452130585304299,0.9871493056106246,0.012005481330844819
1130,1,RF,Both,Both,0.9396932514798765,0.05961030462041342,0.0006964438997100286
1133,1,RF,Both,Both,0.7583201512635677,0.23910229372196892,0.0025775550144636196
1135,1,RF,ME/CFS,ME/CFS,0.006164954832025975,0.0013817891373801917,0.9924532560305938
1136,1,RF,ME/CFS,ME/CFS,0.00828440560578154,0.0058047191368915275,0.9859108752573269
1138,1,RF,ME/CFS,ME/CFS,0.3442723666350723,0.07401377412012698,0.5817138592448007
1139,1,RF,Depression,Depression,0.045828126213914445,0.707466176808392,0.2467056969776934
1142,1,RF,Depression,Depression,0.056664342631657566,0.9312377278877506,0.012097929480591492
1145,1,RF,Depression,Depression,0.025666872437230804,0.717641315085244,0.25669181247752487
1148,1,RF,Both,Both,0.9440144788091246,0.05598552119087545,0.0
1152,1,RF,Both,ME/CFS,0.44803008221584656,0.045257163196862356,0.5067127545872911
1153,1,RF,ME/CFS,ME/CFS,0.0012131837307152876,0.001978273299028016,0.9968085429702566
1159,1,RF,ME/CFS,ME/CFS,0.005565380657147676,0.0017841167842935308,0.9926505025585588
1160,1,RF,ME/CFS,ME/CFS,0.022639512742637848,0.005390733131506311,0.9719697541258558
1162,1,RF,ME/CFS,ME/CFS,0.011583564019768828,0.0008730303414355878,0.9875434056387955
1168,1,RF,ME/CFS,Both,0.5577423355368194,0.028116026222325577,0.41414163824085487
1170,1,RF,ME/CFS,ME/CFS,0.008935963947718867,0.009157140642181752,0.9819068954100993
1176,1,RF,Depression,Depression,0.010861684570340861,0.9853713874182551,0.0037669280114041343
1177,1,RF,Both,Both,0.905286807989174,0.09471319201082583,0.0
1179,1,RF,Depression,Depression,0.0,1.0,0.0
1192,1,RF,ME/CFS,ME/CFS,0.2500648421723793,0.10870743670107226,0.6412277211265489
1193,1,RF,Both,Both,0.8928803896067232,0.10545422874331535,0.0016653816499614495
1197,1,RF,Both,Both,0.9649326420968243,0.03506735790317584,0.0
1203,1,RF,ME/CFS,ME/CFS,0.006213771606457731,0.008946232001951724,0.9848399963915907
1204,1,RF,ME/CFS,ME/CFS,0.0,0.02403269095572309,0.975967309044277
1206,1,RF,Depression,Depression,0.05776537582923249,0.5970108912796018,0.3452237328911652
1219,1,RF,ME/CFS,ME/CFS,0.3680009186250246,0.042077068742743175,0.589922012632232
1229,1,RF,Both,Both,0.9748789156844658,0.02512108431553423,0.0
1234,1,RF,Both,Both,0.9627205616685756,0.03727943833142437,0.0
1235,1,RF,ME/CFS,ME/CFS,0.38752475557925725,0.04414738171554399,0.5683278627051991
1237,1,RF,Both,Both,0.9853760353617809,0.01343453732544398,0.0011894273127753304
1245,1,RF,Depression,Depression,0.0,0.9870534861998645,0.0129465138001355
1246,1,RF,ME/CFS,ME/CFS,0.009197958202040037,0.005133914517812656,0.9856681272801474
1247,1,RF,ME/CFS,ME/CFS,0.4192771630929132,0.045639248701799764,0.535083588205287
1253,1,RF,Depression,Depression,0.11661738891025342,0.864098598458659,0.01928401263108762
1255,1,RF,ME/CFS,ME/CFS,0.0030373614504722872,0.13190454805145424,0.8650580904980737
1266,1,RF,Depression,Depression,0.0018101568507023719,0.9962773176040048,0.0019125255452928092
1269,1,RF,Both,Both,0.5689820981858582,0.01095403635617298,0.42006386545796864
1276,1,RF,ME/CFS,ME/CFS,0.2567544489752202,0.12241158324368533,0.6208339677810946
1279,1,RF,Depression,Depression,0.10473198415024082,0.8814453659190359,0.013822649930723218
1282,1,RF,Depression,Depression,0.0,0.9881932650529365,0.011806734947063535
1284,1,RF,Depression,Depression,0.18719552220022198,0.8025754241025276,0.010229053697249892
1285,1,RF,Both,Both,0.9089186966012831,0.09108130339871723,0.0
1287,1,RF,ME/CFS,ME/CFS,0.4336853011904415,0.04795841576049343,0.5183562830490652
1288,1,RF,Both,Both,0.7966834024841344,0.197186815395408,0.006129782120457732
1296,1,RF,Depression,Depression,0.0187424919937089,0.7992754910409283,0.1819820169653629
1300,1,RF,ME/CFS,ME/CFS,0.013409679356012713,0.003392351450834169,0.983197969193153
1301,1,RF,ME/CFS,ME/CFS,0.47609607944720655,0.041956443461268866,0.48194747709152447
1309,1,RF,Both,Depression,0.007204286360919676,0.8570382877158202,0.13575742592326007
1318,1,RF,ME/CFS,ME/CFS,0.34148922404614745,0.06494710956122982,0.5935636663926228
1322,1,RF,Depression,Depression,0.001369793340069655,0.9939516368431164,0.004678569816813841
1329,1,RF,Depression,ME/CFS,0.036698331276066386,0.3575607284814242,0.6057409402425097
1335,1,RF,Both,Both,0.9733654830888027,0.026634516911197365,0.0
1340,1,RF,ME/CFS,ME/CFS,0.28073436978649313,0.027433959775676146,0.6918316704378307
1341,1,RF,Both,ME/CFS,0.17111591013427366,0.14414806697199897,0.6847360228937275
1348,1,RF,Depression,Depression,0.18903916947940666,0.7957591272526465,0.015201703267946181
1354,1,RF,Both,ME/CFS,0.2517638191769597,0.0450128463151459,0.7032233345078948
1356,1,RF,ME/CFS,ME/CFS,0.2810693517897547,0.11888641987239758,0.6000442283378484
1359,1,RF,Depression,Depression,0.0,0.9959437150124311,0.004056284987569059
1366,1,RF,Depression,Depression,0.05435687694533598,0.9318188417584912,0.013824281296172376
1373,1,RF,ME/CFS,ME/CFS,0.344335730209685,0.049763691725528386,0.6059005780647869
1380,1,RF,Depression,Depression,0.07555289420178796,0.6062935727724503,0.3181535330257613
1381,1,RF,Both,Depression,0.06459681028824064,0.7500059396657516,0.18539725004600777
1404,1,RF,ME/CFS,ME/CFS,0.04086443582688155,0.20457496668556552,0.7545605974875532
1411,1,RF,ME/CFS,ME/CFS,0.3771725376114217,0.04249262094452932,0.5803348414440492
1420,1,RF,ME/CFS,ME/CFS,0.0,0.0,1.0
1427,1,RF,ME/CFS,ME/CFS,0.003405511811023622,0.0,0.9965944881889763
1432,1,RF,Depression,Depression,0.028225147700334442,0.804402392316073,0.16737245998359246
1440,1,RF,Both,ME/CFS,0.2625635516861348,0.07656285658690118,0.6608735917269642
1446,1,RF,Both,Both,0.846511003919401,0.1330406038734278,0.02044839220717053
1447,1,RF,Depression,Depression,0.4365943931314766,0.5416670894969365,0.02173851737158684
1451,1,RF,Both,Both,0.9497302047817388,0.05000127209543735,0.00026852312282446545
1453,1,RF,Depression,Depression,0.05011950864396124,0.9292343460246622,0.02064614533137662
1457,1,RF,ME/CFS,Depression,0.0426020454747401,0.7962834549216162,0.1611144996036437
1472,1,RF,Both,Both,0.6455912060007506,0.019175588235764675,0.3352332057634841
1473,1,RF,Depression,Depression,0.0,1.0,0.0
1476,1,RF,Depression,Depression,0.008375384485534933,0.9905162983786372,0.0011083171358279758
1481,1,RF,Depression,Both,0.9585642781398959,0.04143572186010437,0.0
1482,1,RF,ME/CFS,ME/CFS,0.02186780209587984,0.1615522571342344,0.8165799407698858
1493,1,RF,Depression,Depression,0.0024121405750798723,0.9728636193007977,0.024724240124122537
1503,1,RF,Depression,Depression,0.001185243328100471,0.9919847299301934,0.006830026741705994
1510,1,RF,ME/CFS,ME/CFS,0.0062856712539519554,0.0037228301384335228,0.9899914986076146
1511,1,RF,ME/CFS,ME/CFS,0.0030888318976333806,0.016204842802592524,0.980706325299774
1528,1,RF,ME/CFS,ME/CFS,0.01258488779153554,0.002225840508852055,0.9851892716996125
1529,1,RF,ME/CFS,ME/CFS,0.009228397717243965,0.04955893732816264,0.9412126649545933
1531,1,RF,Both,Both,0.9210728850840278,0.07892711491597217,0.0
1536,1,RF,ME/CFS,Depression,0.022362724583663417,0.6515498087335859,0.3260874666827503
1541,1,RF,Depression,Depression,0.25008224628912645,0.7203418594925349,0.029575894218337933
1552,1,RF,Depression,Depression,0.017581804440137162,0.9766251157938717,0.005793079765990845
1557,1,RF,ME/CFS,ME/CFS,0.380255989405554,0.05262907375835546,0.5671149368360905
1560,1,RF,ME/CFS,ME/CFS,0.0,0.0,1.0
1564,1,RF,Both,Depression,0.014001138899448954,0.6483312375871373,0.33766762351341356
1565,1,RF,ME/CFS,ME/CFS,0.0064069436777017775,0.0011003424313534378,0.9924927138909447
1573,1,RF,Both,Both,0.9867280134600486,0.011025954030573683,0.002246032509377705
1575,1,RF,Both,ME/CFS,0.45548365406001406,0.020132992318548645,0.5243833536214373
1584,1,RF,Depression,Depression,0.015250640028473084,0.7813309716279278,0.20341838834359893
1588,1,RF,ME/CFS,Both,0.5214859300394503,0.045285309522559866,0.43322876043798947
1591,1,RF,Depression,Depression,0.0,0.9894198976357325,0.010580102364267601
1593,1,RF,Both,Depression,0.17027392976697459,0.8159064699822602,0.013819600250764895
1607,1,RF,Depression,Depression,0.0,0.9799521489968241,0.02004785100317588
1608,1,RF,ME/CFS,ME/CFS,0.0013935090845077936,0.02034086937118082,0.9782656215443114
1609,1,RF,Depression,Depression,0.0,0.9989636303721557,0.0010363696278441088
1612,1,RF,Depression,ME/CFS,0.3769459936625925,0.03983787143492194,0.5832161349024857
1617,1,RF,ME/CFS,Depression,0.05299206502905067,0.6556638822977103,0.29134405267323843
1619,1,RF,Depression,ME/CFS,0.04848534639224494,0.11320692884192086,0.8383077247658344
1,1,Majority,ME/CFS,ME/CFS,0.0,0.0,1.0
4,1,Majority,ME/CFS,ME/CFS,0.0,0.0,1.0
12,1,Majority,ME/CFS,ME/CFS,0.0,0.0,1.0
15,1,Majority,ME/CFS,ME/CFS,0.0,0.0,1.0
26,1,Majority,Both,ME/CFS,0.0,0.0,1.0
28,1,Majority,ME/CFS,ME/CFS,0.0,0.0,1.0
29,1,Majority,Depression,ME/CFS,0.0,0.0,1.0
35,1,Majority,ME/CFS,ME/CFS,0.0,0.0,1.0
46,1,Majority,Both,ME/CFS,0.0,0.0,1.0
47,1,Majority,ME/CFS,ME/CFS,0.0,0.0,1.0
55,1,Majority,ME/CFS,ME/CFS,0.0,0.0,1.0
58,1,Majority,Both,ME/CFS,0.0,0.0,1.0
69,1,Majority,ME/CFS,ME/CFS,0.0,0.0,1.0
70,1,Majority,Both,ME/CFS,0.0,0.0,1.0
71,1,Majority,Depression,ME/CFS,0.0,0.0,1.0
73,1,Majority,Depression,ME/CFS,0.0,0.0,1.0
75,1,Majority,ME/CFS,ME/CFS,0.0,0.0,1.0
80,1,Majority,ME/CFS,ME/CFS,0.0,0.0,1.0
86,1,Majority,Depression,ME/CFS,0.0,0.0,1.0
91,1,Majority,Depression,ME/CFS,0.0,0.0,1.0
94,1,Majority,Depression,ME/CFS,0.0,0.0,1.0
100,1,Majority,ME/CFS,ME/CFS,0.0,0.0,1.0
101,1,Majority,Both,ME/CFS,0.0,0.0,1.0
103,1,Majority,Depression,ME/CFS,0.0,0.0,1.0
105,1,Majority,Both,ME/CFS,0.0,0.0,1.0
108,1,Majority,Both,ME/CFS,0.0,0.0,1.0
110,1,Majority,Depression,ME/CFS,0.0,0.0,1.0
114,1,Majority,ME/CFS,ME/CFS,0.0,0.0,1.0
120,1,Majority,Depression,ME/CFS,0.0,0.0,1.0
123,1,Majority,ME/CFS,ME/CFS,0.0,0.0,1.0
124,1,Majority,Depression,ME/CFS,0.0,0.0,1.0
127,1,Majority,Depression,ME/CFS,0.0,0.0,1.0
136,1,Majority,Depression,ME/CFS,0.0,0.0,1.0
142,1,Majority,ME/CFS,ME/CFS,0.0,0.0,1.0
143,1,Majority,ME/CFS,ME/CFS,0.0,0.0,1.0
145,1,Majority,Depression,ME/CFS,0.0,0.0,1.0
148,1,Majority,ME/CFS,ME/CFS,0.0,0.0,1.0
164,1,Majority,Depression,ME/CFS,0.0,0.0,1.0
165,1,Majority,ME/CFS,ME/CFS,0.0,0.0,1.0
167,1,Majority,Depression,ME/CFS,0.0,0.0,1.0
170,1,Majority,Both,ME/CFS,0.0,0.0,1.0
185,1,Majority,Depression,ME/CFS,0.0,0.0,1.0
201,1,Majority,Depression,ME/CFS,0.0,0.0,1.0
205,1,Majority,Depression,ME/CFS,0.0,0.0,1.0
209,1,Majority,Both,ME/CFS,0.0,0.0,1.0
214,1,Majority,ME/CFS,ME/CFS,0.0,0.0,1.0
216,1,Majority,Depression,ME/CFS,0.0,0.0,1.0
224,1,Majority,Depression,ME/CFS,0.0,0.0,1.0
225,1,Majority,Depression,ME/CFS,0.0,0.0,1.0
234,1,Majority,ME/CFS,ME/CFS,0.0,0.0,1.0
235,1,Majority,ME/CFS,ME/CFS,0.0,0.0,1.0
239,1,Majority,ME/CFS,ME/CFS,0.0,0.0,1.0
250,1,Majority,Both,ME/CFS,0.0,0.0,1.0
251,1,Majority,ME/CFS,ME/CFS,0.0,0.0,1.0
252,1,Majority,ME/CFS,ME/CFS,0.0,0.0,1.0
254,1,Majority,Depression,ME/CFS,0.0,0.0,1.0
256,1,Majority,Depression,ME/CFS,0.0,0.0,1.0
268,1,Majority,Both,ME/CFS,0.0,0.0,1.0
270,1,Majority,Depression,ME/CFS,0.0,0.0,1.0
273,1,Majority,ME/CFS,ME/CFS,0.0,0.0,1.0
277,1,Majority,ME/CFS,ME/CFS,0.0,0.0,1.0
278,1,Majority,Depression,ME/CFS,0.0,0.0,1.0
282,1,Majority,Depression,ME/CFS,0.0,0.0,1.0
286,1,Majority,Both,ME/CFS,0.0,0.0,1.0
299,1,Majority,Depression,ME/CFS,0.0,0.0,1.0
304,1,Majority,Depression,ME/CFS,0.0,0.0,1.0
310,1,Majority,Depression,ME/CFS,0.0,0.0,1.0
319,1,Majority,ME/CFS,ME/CFS,0.0,0.0,1.0
322,1,Majority,Depression,ME/CFS,0.0,0.0,1.0
329,1,Majority,Depression,ME/CFS,0.0,0.0,1.0
332,1,Majority,Depression,ME/CFS,0.0,0.0,1.0
333,1,Majority,Both,ME/CFS,0.0,0.0,1.0
339,1,Majority,Depression,ME/CFS,0.0,0.0,1.0
352,1,Majority,ME/CFS,ME/CFS,0.0,0.0,1.0
353,1,Majority,ME/CFS,ME/CFS,0.0,0.0,1.0
356,1,Majority,ME/CFS,ME/CFS,0.0,0.0,1.0
358,1,Majority,ME/CFS,ME/CFS,0.0,0.0,1.0
359,1,Majority,Depression,ME/CFS,0.0,0.0,1.0
369,1,Majority,ME/CFS,ME/CFS,0.0,0.0,1.0
382,1,Majority,Depression,ME/CFS,0.0,0.0,1.0
384,1,Majority,Both,ME/CFS,0.0,0.0,1.0
385,1,Majority,Both,ME/CFS,0.0,0.0,1.0
386,1,Majority,ME/CFS,ME/CFS,0.0,0.0,1.0
391,1,Majority,Depression,ME/CFS,0.0,0.0,1.0
392,1,Majority,Both,ME/CFS,0.0,0.0,1.0
394,1,Majority,Depression,ME/CFS,0.0,0.0,1.0
403,1,Majority,ME/CFS,ME/CFS,0.0,0.0,1.0
407,1,Majority,Depression,ME/CFS,0.0,0.0,1.0
408,1,Majority,Both,ME/CFS,0.0,0.0,1.0
411,1,Majority,ME/CFS,ME/CFS,0.0,0.0,1.0
421,1,Majority,Both,ME/CFS,0.0,0.0,1.0
422,1,Majority,Both,ME/CFS,0.0,0.0,1.0
429,1,Majority,ME/CFS,ME/CFS,0.0,0.0,1.0
435,1,Majority,Depression,ME/CFS,0.0,0.0,1.0
439,1,Majority,ME/CFS,ME/CFS,0.0,0.0,1.0
453,1,Majority,ME/CFS,ME/CFS,0.0,0.0,1.0
475,1,Majority,Both,ME/CFS,0.0,0.0,1.0
477,1,Majority,ME/CFS,ME/CFS,0.0,0.0,1.0
489,1,Majority,ME/CFS,ME/CFS,0.0,0.0,1.0
490,1,Majority,Depression,ME/CFS,0.0,0.0,1.0
495,1,Majority,Depression,ME/CFS,0.0,0.0,1.0
504,1,Majority,Both,ME/CFS,0.0,0.0,1.0
508,1,Majority,Depression,ME/CFS,0.0,0.0,1.0
509,1,Majority,Both,ME/CFS,0.0,0.0,1.0
512,1,Majority,Depression,ME/CFS,0.0,0.0,1.0
521,1,Majority,Depression,ME/CFS,0.0,0.0,1.0
526,1,Majority,Both,ME/CFS,0.0,0.0,1.0
530,1,Majority,Both,ME/CFS,0.0,0.0,1.0
531,1,Majority,ME/CFS,ME/CFS,0.0,0.0,1.0
532,1,Majority,ME/CFS,ME/CFS,0.0,0.0,1.0
536,1,Majority,Both,ME/CFS,0.0,0.0,1.0
537,1,Majority,ME/CFS,ME/CFS,0.0,0.0,1.0
539,1,Majority,ME/CFS,ME/CFS,0.0,0.0,1.0
541,1,Majority,ME/CFS,ME/CFS,0.0,0.0,1.0
556,1,Majority,ME/CFS,ME/CFS,0.0,0.0,1.0
572,1,Majority,Depression,ME/CFS,0.0,0.0,1.0
574,1,Majority,ME/CFS,ME/CFS,0.0,0.0,1.0
575,1,Majority,Depression,ME/CFS,0.0,0.0,1.0
582,1,Majority,Both,ME/CFS,0.0,0.0,1.0
589,1,Majority,Depression,ME/CFS,0.0,0.0,1.0
593,1,Majority,Depression,ME/CFS,0.0,0.0,1.0
594,1,Majority,Depression,ME/CFS,0.0,0.0,1.0
598,1,Majority,Depression,ME/CFS,0.0,0.0,1.0
610,1,Majority,ME/CFS,ME/CFS,0.0,0.0,1.0
619,1,Majority,Depression,ME/CFS,0.0,0.0,1.0
620,1,Majority,ME/CFS,ME/CFS,0.0,0.0,1.0
628,1,Majority,Depression,ME/CFS,0.0,0.0,1.0
631,1,Majority,Depression,ME/CFS,0.0,0.0,1.0
634,1,Majority,ME/CFS,ME/CFS,0.0,0.0,1.0
637,1,Majority,Both,ME/CFS,0.0,0.0,1.0
638,1,Majority,ME/CFS,ME/CFS,0.0,0.0,1.0
640,1,Majority,ME/CFS,ME/CFS,0.0,0.0,1.0
642,1,Majority,Depression,ME/CFS,0.0,0.0,1.0
649,1,Majority,Depression,ME/CFS,0.0,0.0,1.0
651,1,Majority,Both,ME/CFS,0.0,0.0,1.0
652,1,Majority,ME/CFS,ME/CFS,0.0,0.0,1.0
665,1,Majority,Both,ME/CFS,0.0,0.0,1.0
669,1,Majority,ME/CFS,ME/CFS,0.0,0.0,1.0
677,1,Majority,Depression,ME/CFS,0.0,0.0,1.0
680,1,Majority,Depression,ME/CFS,0.0,0.0,1.0
686,1,Majority,Depression,ME/CFS,0.0,0.0,1.0
692,1,Majority,ME/CFS,ME/CFS,0.0,0.0,1.0
695,1,Majority,ME/CFS,ME/CFS,0.0,0.0,1.0
697,1,Majority,Depression,ME/CFS,0.0,0.0,1.0
703,1,Majority,Depression,ME/CFS,0.0,0.0,1.0
707,1,Majority,Depression,ME/CFS,0.0,0.0,1.0
711,1,Majority,ME/CFS,ME/CFS,0.0,0.0,1.0
716,1,Majority,Both,ME/CFS,0.0,0.0,1.0
718,1,Majority,Depression,ME/CFS,0.0,0.0,1.0
719,1,Majority,ME/CFS,ME/CFS,0.0,0.0,1.0
723,1,Majority,Depression,ME/CFS,0.0,0.0,1.0
726,1,Majority,Depression,ME/CFS,0.0,0.0,1.0
731,1,Majority,Depression,ME/CFS,0.0,0.0,1.0
732,1,Majority,Both,ME/CFS,0.0,0.0,1.0
741,1,Majority,ME/CFS,ME/CFS,0.0,0.0,1.0
758,1,Majority,ME/CFS,ME/CFS,0.0,0.0,1.0
759,1,Majority,Both,ME/CFS,0.0,0.0,1.0
760,1,Majority,Depression,ME/CFS,0.0,0.0,1.0
761,1,Majority,ME/CFS,ME/CFS,0.0,0.0,1.0
768,1,Majority,Both,ME/CFS,0.0,0.0,1.0
779,1,Majority,Both,ME/CFS,0.0,0.0,1.0
780,1,Majority,ME/CFS,ME/CFS,0.0,0.0,1.0
781,1,Majority,ME/CFS,ME/CFS,0.0,0.0,1.0
786,1,Majority,Depression,ME/CFS,0.0,0.0,1.0
788,1,Majority,Depression,ME/CFS,0.0,0.0,1.0
795,1,Majority,ME/CFS,ME/CFS,0.0,0.0,1.0
811,1,Majority,ME/CFS,ME/CFS,0.0,0.0,1.0
821,1,Majority,Depression,ME/CFS,0.0,0.0,1.0
823,1,Majority,ME/CFS,ME/CFS,0.0,0.0,1.0
827,1,Majority,ME/CFS,ME/CFS,0.0,0.0,1.0
829,1,Majority,ME/CFS,ME/CFS,0.0,0.0,1.0
831,1,Majority,Both,ME/CFS,0.0,0.0,1.0
832,1,Majority,Depression,ME/CFS,0.0,0.0,1.0
833,1,Majority,Both,ME/CFS,0.0,0.0,1.0
835,1,Majority,Depression,ME/CFS,0.0,0.0,1.0
836,1,Majority,ME/CFS,ME/CFS,0.0,0.0,1.0
839,1,Majority,Both,ME/CFS,0.0,0.0,1.0
844,1,Majority,ME/CFS,ME/CFS,0.0,0.0,1.0
847,1,Majority,Both,ME/CFS,0.0,0.0,1.0
849,1,Majority,Both,ME/CFS,0.0,0.0,1.0
850,1,Majority,ME/CFS,ME/CFS,0.0,0.0,1.0
861,1,Majority,Both,ME/CFS,0.0,0.0,1.0
863,1,Majority,Depression,ME/CFS,0.0,0.0,1.0
865,1,Majority,ME/CFS,ME/CFS,0.0,0.0,1.0
871,1,Majority,Both,ME/CFS,0.0,0.0,1.0
878,1,Majority,Both,ME/CFS,0.0,0.0,1.0
887,1,Majority,ME/CFS,ME/CFS,0.0,0.0,1.0
894,1,Majority,Both,ME/CFS,0.0,0.0,1.0
896,1,Majority,ME/CFS,ME/CFS,0.0,0.0,1.0
899,1,Majority,Both,ME/CFS,0.0,0.0,1.0
900,1,Majority,Depression,ME/CFS,0.0,0.0,1.0
910,1,Majority,Both,ME/CFS,0.0,0.0,1.0
911,1,Majority,Depression,ME/CFS,0.0,0.0,1.0
923,1,Majority,ME/CFS,ME/CFS,0.0,0.0,1.0
928,1,Majority,ME/CFS,ME/CFS,0.0,0.0,1.0
932,1,Majority,Both,ME/CFS,0.0,0.0,1.0
970,1,Majority,ME/CFS,ME/CFS,0.0,0.0,1.0
976,1,Majority,ME/CFS,ME/CFS,0.0,0.0,1.0
996,1,Majority,Depression,ME/CFS,0.0,0.0,1.0
997,1,Majority,Both,ME/CFS,0.0,0.0,1.0
1000,1,Majority,Both,ME/CFS,0.0,0.0,1.0
1002,1,Majority,Both,ME/CFS,0.0,0.0,1.0
1019,1,Majority,ME/CFS,ME/CFS,0.0,0.0,1.0
1021,1,Majority,ME/CFS,ME/CFS,0.0,0.0,1.0
1023,1,Majority,ME/CFS,ME/CFS,0.0,0.0,1.0
1043,1,Majority,Both,ME/CFS,0.0,0.0,1.0
1056,1,Majority,ME/CFS,ME/CFS,0.0,0.0,1.0
1063,1,Majority,ME/CFS,ME/CFS,0.0,0.0,1.0
1065,1,Majority,Both,ME/CFS,0.0,0.0,1.0
1067,1,Majority,Both,ME/CFS,0.0,0.0,1.0
1068,1,Majority,ME/CFS,ME/CFS,0.0,0.0,1.0
1088,1,Majority,ME/CFS,ME/CFS,0.0,0.0,1.0
1099,1,Majority,ME/CFS,ME/CFS,0.0,0.0,1.0
1100,1,Majority,Depression,ME/CFS,0.0,0.0,1.0
1111,1,Majority,Both,ME/CFS,0.0,0.0,1.0
1112,1,Majority,Depression,ME/CFS,0.0,0.0,1.0
1115,1,Majority,ME/CFS,ME/CFS,0.0,0.0,1.0
1119,1,Majority,Depression,ME/CFS,0.0,0.0,1.0
1124,1,Majority,Both,ME/CFS,0.0,0.0,1.0
1126,1,Majority,Depression,ME/CFS,0.0,0.0,1.0
1130,1,Majority,Both,ME/CFS,0.0,0.0,1.0
1133,1,Majority,Both,ME/CFS,0.0,0.0,1.0
1135,1,Majority,ME/CFS,ME/CFS,0.0,0.0,1.0
1136,1,Majority,ME/CFS,ME/CFS,0.0,0.0,1.0
1138,1,Majority,ME/CFS,ME/CFS,0.0,0.0,1.0
1139,1,Majority,Depression,ME/CFS,0.0,0.0,1.0
1142,1,Majority,Depression,ME/CFS,0.0,0.0,1.0
1145,1,Majority,Depression,ME/CFS,0.0,0.0,1.0
1148,1,Majority,Both,ME/CFS,0.0,0.0,1.0
1152,1,Majority,Both,ME/CFS,0.0,0.0,1.0
1153,1,Majority,ME/CFS,ME/CFS,0.0,0.0,1.0
1159,1,Majority,ME/CFS,ME/CFS,0.0,0.0,1.0
1160,1,Majority,ME/CFS,ME/CFS,0.0,0.0,1.0
1162,1,Majority,ME/CFS,ME/CFS,0.0,0.0,1.0
1168,1,Majority,ME/CFS,ME/CFS,0.0,0.0,1.0
1170,1,Majority,ME/CFS,ME/CFS,0.0,0.0,1.0
1176,1,Majority,Depression,ME/CFS,0.0,0.0,1.0
1177,1,Majority,Both,ME/CFS,0.0,0.0,1.0
1179,1,Majority,Depression,ME/CFS,0.0,0.0,1.0
1192,1,Majority,ME/CFS,ME/CFS,0.0,0.0,1.0
1193,1,Majority,Both,ME/CFS,0.0,0.0,1.0
1197,1,Majority,Both,ME/CFS,0.0,0.0,1.0
1203,1,Majority,ME/CFS,ME/CFS,0.0,0.0,1.0
1204,1,Majority,ME/CFS,ME/CFS,0.0,0.0,1.0
1206,1,Majority,Depression,ME/CFS,0.0,0.0,1.0
1219,1,Majority,ME/CFS,ME/CFS,0.0,0.0,1.0
1229,1,Majority,Both,ME/CFS,0.0,0.0,1.0
1234,1,Majority,Both,ME/CFS,0.0,0.0,1.0
1235,1,Majority,ME/CFS,ME/CFS,0.0,0.0,1.0
1237,1,Majority,Both,ME/CFS,0.0,0.0,1.0
1245,1,Majority,Depression,ME/CFS,0.0,0.0,1.0
1246,1,Majority,ME/CFS,ME/CFS,0.0,0.0,1.0
1247,1,Majority,ME/CFS,ME/CFS,0.0,0.0,1.0
1253,1,Majority,Depression,ME/CFS,0.0,0.0,1.0
1255,1,Majority,ME/CFS,ME/CFS,0.0,0.0,1.0
1266,1,Majority,Depression,ME/CFS,0.0,0.0,1.0
1269,1,Majority,Both,ME/CFS,0.0,0.0,1.0
1276,1,Majority,ME/CFS,ME/CFS,0.0,0.0,1.0
1279,1,Majority,Depression,ME/CFS,0.0,0.0,1.0
1282,1,Majority,Depression,ME/CFS,0.0,0.0,1.0
1284,1,Majority,Depression,ME/CFS,0.0,0.0,1.0
1285,1,Majority,Both,ME/CFS,0.0,0.0,1.0
1287,1,Majority,ME/CFS,ME/CFS,0.0,0.0,1.0
1288,1,Majority,Both,ME/CFS,0.0,0.0,1.0
1296,1,Majority,Depression,ME/CFS,0.0,0.0,1.0
1300,1,Majority,ME/CFS,ME/CFS,0.0,0.0,1.0
1301,1,Majority,ME/CFS,ME/CFS,0.0,0.0,1.0
1309,1,Majority,Both,ME/CFS,0.0,0.0,1.0
1318,1,Majority,ME/CFS,ME/CFS,0.0,0.0,1.0
1322,1,Majority,Depression,ME/CFS,0.0,0.0,1.0
1329,1,Majority,Depression,ME/CFS,0.0,0.0,1.0
1335,1,Majority,Both,ME/CFS,0.0,0.0,1.0
1340,1,Majority,ME/CFS,ME/CFS,0.0,0.0,1.0
1341,1,Majority,Both,ME/CFS,0.0,0.0,1.0
1348,1,Majority,Depression,ME/CFS,0.0,0.0,1.0
1354,1,Majority,Both,ME/CFS,0.0,0.0,1.0
1356,1,Majority,ME/CFS,ME/CFS,0.0,0.0,1.0
1359,1,Majority,Depression,ME/CFS,0.0,0.0,1.0
1366,1,Majority,Depression,ME/CFS,0.0,0.0,1.0
1373,1,Majority,ME/CFS,ME/CFS,0.0,0.0,1.0
1380,1,Majority,Depression,ME/CFS,0.0,0.0,1.0
1381,1,Majority,Both,ME/CFS,0.0,0.0,1.0
1404,1,Majority,ME/CFS,ME/CFS,0.0,0.0,1.0
1411,1,Majority,ME/CFS,ME/CFS,0.0,0.0,1.0
1420,1,Majority,ME/CFS,ME/CFS,0.0,0.0,1.0
1427,1,Majority,ME/CFS,ME/CFS,0.0,0.0,1.0
1432,1,Majority,Depression,ME/CFS,0.0,0.0,1.0
1440,1,Majority,Both,ME/CFS,0.0,0.0,1.0
1446,1,Majority,Both,ME/CFS,0.0,0.0,1.0
1447,1,Majority,Depression,ME/CFS,0.0,0.0,1.0
1451,1,Majority,Both,ME/CFS,0.0,0.0,1.0
1453,1,Majority,Depression,ME/CFS,0.0,0.0,1.0
1457,1,Majority,ME/CFS,ME/CFS,0.0,0.0,1.0
1472,1,Majority,Both,ME/CFS,0.0,0.0,1.0
1473,1,Majority,Depression,ME/CFS,0.0,0.0,1.0
1476,1,Majority,Depression,ME/CFS,0.0,0.0,1.0
1481,1,Majority,Depression,ME/CFS,0.0,0.0,1.0
1482,1,Majority,ME/CFS,ME/CFS,0.0,0.0,1.0
1493,1,Majority,Depression,ME/CFS,0.0,0.0,1.0
1503,1,Majority,Depression,ME/CFS,0.0,0.0,1.0
1510,1,Majority,ME/CFS,ME/CFS,0.0,0.0,1.0
1511,1,Majority,ME/CFS,ME/CFS,0.0,0.0,1.0
1528,1,Majority,ME/CFS,ME/CFS,0.0,0.0,1.0
1529,1,Majority,ME/CFS,ME/CFS,0.0,0.0,1.0
1531,1,Majority,Both,ME/CFS,0.0,0.0,1.0
1536,1,Majority,ME/CFS,ME/CFS,0.0,0.0,1.0
1541,1,Majority,Depression,ME/CFS,0.0,0.0,1.0
1552,1,Majority,Depression,ME/CFS,0.0,0.0,1.0
1557,1,Majority,ME/CFS,ME/CFS,0.0,0.0,1.0
1560,1,Majority,ME/CFS,ME/CFS,0.0,0.0,1.0
1564,1,Majority,Both,ME/CFS,0.0,0.0,1.0
1565,1,Majority,ME/CFS,ME/CFS,0.0,0.0,1.0
1573,1,Majority,Both,ME/CFS,0.0,0.0,1.0
1575,1,Majority,Both,ME/CFS,0.0,0.0,1.0
1584,1,Majority,Depression,ME/CFS,0.0,0.0,1.0
1588,1,Majority,ME/CFS,ME/CFS,0.0,0.0,1.0
1591,1,Majority,Depression,ME/CFS,0.0,0.0,1.0
1593,1,Majority,Both,ME/CFS,0.0,0.0,1.0
1607,1,Majority,Depression,ME/CFS,0.0,0.0,1.0
1608,1,Majority,ME/CFS,ME/CFS,0.0,0.0,1.0
1609,1,Majority,Depression,ME/CFS,0.0,0.0,1.0
1612,1,Majority,Depression,ME/CFS,0.0,0.0,1.0
1617,1,Majority,ME/CFS,ME/CFS,0.0,0.0,1.0
1619,1,Majority,Depression,ME/CFS,0.0,0.0,1.0
3,2,LR,Both,Both,0.6910379277958199,0.024766965801096223,0.284195106403084
14,2,LR,ME/CFS,ME/CFS,0.05000887669120693,0.12708119303893523,0.8229099302698578
16,2,LR,ME/CFS,Depression,0.010619979462285538,0.601019084758962,0.3883609357787524
18,2,LR,ME/CFS,ME/CFS,0.016605651296012686,0.012773935948104234,0.9706204127558831
25,2,LR,Depression,Both,0.4859269728260278,0.41036453861740974,0.10370848855656249
31,2,LR,Depression,Depression,0.05963250677890298,0.5178800920175831,0.4224874012035139
37,2,LR,Depression,Depression,0.1243591114176246,0.6970317809579324,0.17860910762444301
40,2,LR,Depression,Depression,0.2519161554919807,0.7431245404315441,0.0049593040764753194
45,2,LR,Depression,ME/CFS,0.13850707791781278,0.3499349068259116,0.5115580152562756
52,2,LR,Depression,Depression,0.010232746210457545,0.9745000830219462,0.015267170767596242
57,2,LR,Depression,Depression,0.07829926736605024,0.9104699479653001,0.011230784668649766
62,2,LR,Depression,Depression,0.02877737545709678,0.9234937839099724,0.047728840632930765
65,2,LR,ME/CFS,Both,0.6559656011598421,0.05332405204895267,0.2907103467912051
67,2,LR,Depression,Depression,0.005830445063590113,0.9936960305790484,0.0004735243573614132
68,2,LR,Both,Both,0.8905042301595819,0.10176837715780253,0.007727392682615351
72,2,LR,ME/CFS,Depression,0.012557941955816805,0.8882502568062056,0.09919180123797747
74,2,LR,ME/CFS,ME/CFS,0.04418988224103588,0.06968002139914972,0.8861300963598143
76,2,LR,Depression,Depression,0.1450391310478382,0.5344339019293702,0.3205269670227916
89,2,LR,ME/CFS,Depression,0.021940907690853495,0.879728405300104,0.09833068700904252
90,2,LR,ME/CFS,Both,0.8691364945629906,0.01311327732789722,0.11775022810911237
95,2,LR,ME/CFS,ME/CFS,0.25781118462651115,0.24320380782058537,0.4989850075529034
102,2,LR,ME/CFS,Depression,0.022611913910430884,0.6653124894746071,0.312075596614962
111,2,LR,Depression,Depression,0.010978173942136045,0.9878679614502264,0.0011538646076376413
118,2,LR,ME/CFS,ME/CFS,0.009547853835794382,0.016356548869502916,0.9740955972947026
126,2,LR,ME/CFS,ME/CFS,0.03211492701203963,0.02159613558348454,0.9462889374044757
129,2,LR,ME/CFS,Depression,0.225202685534342,0.4930305546647485,0.28176675980090954
137,2,LR,ME/CFS,ME/CFS,0.11712584887429751,0.04047420991806853,0.8423999412076341
139,2,LR,Depression,Depression,0.008180950216318364,0.9406622337034481,0.05115681608023354
151,2,LR,Both,Both,0.9682716544841726,0.021469846672238273,0.01025849884358908
152,2,LR,ME/CFS,ME/CFS,0.18904148450775723,0.025714339641415198,0.7852441758508276
161,2,LR,Both,Both,0.8728922344633313,0.11219082284830409,0.014916942688364573
169,2,LR,ME/CFS,ME/CFS,0.19348646624813998,0.1359383534213118,0.6705751803305482
172,2,LR,Depression,Depression,0.18715323230008898,0.7918734920500884,0.020973275649822553
179,2,LR,ME/CFS,ME/CFS,0.04367223185276982,0.01917872998788926,0.937149038159341
180,2,LR,Both,Both,0.6131490331629325,0.07273866173589086,0.3141123051011766
184,2,LR,Depression,Depression,0.276555891159927,0.7041228941860525,0.01932121465402051
191,2,LR,Depression,Depression,0.28914067093591733,0.5972409478528996,0.11361838121118303
196,2,LR,ME/CFS,Both,0.37757255284759034,0.2645460303350474,0.3578814168173623
200,2,LR,Depression,Depression,0.003706180194236074,0.9871058903401733,0.009187929465590742
203,2,LR,ME/CFS,ME/CFS,0.016925024719244747,0.0356424392881737,0.9474325359925815
211,2,LR,ME/CFS,Depression,0.01756780220138051,0.7752963817401102,0.20713581605850923
232,2,LR,ME/CFS,ME/CFS,0.11945977225609104,0.015317239504667504,0.8652229882392414
236,2,LR,Depression,Depression,0.38303053100904366,0.5759462974427146,0.04102317154824179
238,2,LR,Both,ME/CFS,0.27825449554086845,0.0577690556755262,0.6639764487836053
244,2,LR,Both,Both,0.8486196437849842,0.05756394535144417,0.09381641086357152
247,2,LR,Both,Both,0.8873547716983595,0.02140113536643275,0.09124409293520776
260,2,LR,Depression,Both,0.528200199841132,0.4626012323696215,0.009198567789246498
261,2,LR,Depression,Depression,0.04400806746772753,0.952408694743728,0.0035832377885443357
266,2,LR,Both,ME/CFS,0.23304024798591438,0.1395034766020035,0.6274562754120822
269,2,LR,Depression,ME/CFS,0.03037914264627489,0.3997186764273519,0.5699021809263732
279,2,LR,Both,Both,0.8159843726893904,0.027597854011749048,0.1564177732988605
285,2,LR,Depression,Depression,0.0032586651431145424,0.9869260041347067,0.009815330722178902
289,2,LR,Both,Both,0.7264258405780227,0.21749167181414802,0.056082487607829246
291,2,LR,ME/CFS,Depression,0.04382337788028606,0.8569069161266694,0.09926970599304448
292,2,LR,ME/CFS,ME/CFS,0.05560215442761227,0.00503259538008394,0.9393652501923037
298,2,LR,ME/CFS,Both,0.5238630319626101,0.07884422537768415,0.3972927426597057
301,2,LR,Depression,Depression,0.23400603128301806,0.5972213468612801,0.16877262185570188
307,2,LR,ME/CFS,Both,0.8501272742310466,0.016834389952466597,0.13303833581648675
309,2,LR,ME/CFS,ME/CFS,0.1269486935388014,0.34508537171369535,0.5279659347475033
314,2,LR,Both,Both,0.6244294547622553,0.2694807548726407,0.10608979036510387
315,2,LR,Depression,Depression,0.013133243231679113,0.7149051555062634,0.27196160126205743
321,2,LR,Depression,Depression,0.008930936216705645,0.9694156679152038,0.021653395868090564
326,2,LR,ME/CFS,ME/CFS,0.13200696724755903,0.15748883342378253,0.7105041993286584
328,2,LR,Both,Both,0.688435787945461,0.11558276179300692,0.19598145026153221
342,2,LR,ME/CFS,ME/CFS,0.07997485240325568,0.008922753454140299,0.911102394142604
343,2,LR,Depression,Depression,0.0009630809629013464,0.9614569106101674,0.03758000842693133
349,2,LR,ME/CFS,ME/CFS,0.04398315387888622,0.013639880558960251,0.9423769655621534
355,2,LR,Depression,Depression,0.1928958846562335,0.7832633521974203,0.02384076314634633
361,2,LR,Both,Both,0.8280507038254155,0.012932877943186908,0.15901641823139775
363,2,LR,ME/CFS,Both,0.3463515869682815,0.32231841862686006,0.3313299944048585
367,2,LR,ME/CFS,ME/CFS,0.02043506392717,0.02045603070041896,0.9591089053724111
380,2,LR,ME/CFS,ME/CFS,0.03514570406780278,0.00905722395886939,0.9557970719733279
387,2,LR,Depression,Depression,0.007428496407698044,0.9447818324245786,0.047789671167723355
390,2,LR,ME/CFS,Both,0.6043522827140331,0.05899138636891767,0.3366563309170493
395,2,LR,ME/CFS,ME/CFS,0.04151168123349814,0.029568165575798448,0.9289201531907034
402,2,LR,Both,Both,0.49401560022718716,0.47380472272634505,0.03217967704646773
409,2,LR,ME/CFS,ME/CFS,0.2681581579136755,0.2985871424301043,0.43325469965622015
418,2,LR,Both,Both,0.8047723195932128,0.04100369156599719,0.15422398884078997
420,2,LR,Depression,Depression,0.004868264427486839,0.8867744595374731,0.10835727603504001
424,2,LR,ME/CFS,ME/CFS,0.07517478835515257,0.26996853456426845,0.6548566770805789
427,2,LR,Depression,Both,0.7000121911314088,0.1636733046008585,0.1363145042677326
437,2,LR,Depression,Depression,0.12304415612266752,0.5932340971234926,0.28372174675383977
443,2,LR,ME/CFS,ME/CFS,0.0587389519925394,0.08398328789396896,0.8572777601134918
444,2,LR,ME/CFS,ME/CFS,0.3229350469374679,0.04696410242004773,0.6301008506424843
448,2,LR,Depression,Depression,0.0859650606650934,0.910144499112517,0.0038904402223894482
449,2,LR,Depression,Depression,0.12507733738363963,0.7821108976689705,0.09281176494738995
455,2,LR,Both,Both,0.9647378184790952,0.020482944279938232,0.014779237240966527
457,2,LR,Depression,Depression,0.002454457327244634,0.9941519052654709,0.0033936374072844285
460,2,LR,Depression,Depression,0.008289525527773645,0.968603878070633,0.023106596401593446
476,2,LR,Depression,Depression,0.09128920785435214,0.8944965095442923,0.01421428260135563
478,2,LR,Depression,Depression,0.10405568549653425,0.764326342327694,0.13161797217577173
485,2,LR,Both,Both,0.8880558309574562,0.07715282542437643,0.0347913436181675
491,2,LR,Depression,Depression,0.01078445449566401,0.9064735813603793,0.08274196414395692
502,2,LR,ME/CFS,Depression,0.051565270140635965,0.8028943116868754,0.1455404181724886
503,2,LR,Both,Both,0.935604277255942,0.05576854971802297,0.008627173026035
505,2,LR,ME/CFS,ME/CFS,0.017787713130757717,0.018312976729142904,0.9638993101400993
520,2,LR,Both,Both,0.7215306480716879,0.17130218403025485,0.10716716789805732
523,2,LR,ME/CFS,Depression,0.02506651958854644,0.7091879022719216,0.26574557813953203
524,2,LR,Both,Both,0.7982575376275688,0.014405442653299903,0.1873370197191314
528,2,LR,Both,Both,0.8438368643385963,0.1016006079694225,0.054562527691981305
534,2,LR,ME/CFS,ME/CFS,0.28590055094419725,0.12965919626875208,0.5844402527870506
540,2,LR,Both,ME/CFS,0.4490742208357652,0.09292942618014913,0.4579963529840857
543,2,LR,ME/CFS,ME/CFS,0.4095165648493619,0.09396242887823938,0.4965210062723988
550,2,LR,Both,Both,0.7342144887483991,0.04759855385750869,0.21818695739409208
552,2,LR,Depression,Depression,0.4732656759882468,0.49200676190507786,0.03472756210667537
553,2,LR,ME/CFS,Depression,0.15982552757551796,0.4272014771987457,0.4129729952257364
555,2,LR,Depression,Depression,0.09734109341628203,0.8992309783453977,0.0034279282383203997
557,2,LR,ME/CFS,ME/CFS,0.034970943898897607,0.018396284348821686,0.9466327717522807
570,2,LR,Depression,Depression,0.3316348175431498,0.6367388927726199,0.03162628968423031
577,2,LR,Both,ME/CFS,0.2637289910564421,0.07177822980300048,0.6644927791405574
580,2,LR,Depression,Depression,0.012965067952260914,0.8167292587148852,0.17030567333285385
588,2,LR,ME/CFS,ME/CFS,0.017735489695626428,0.02141065591439793,0.9608538543899755
592,2,LR,ME/CFS,ME/CFS,0.01930002588746824,0.0038152272755306604,0.9768847468370011
597,2,LR,ME/CFS,ME/CFS,0.04272667096275288,0.010132812646020839,0.9471405163912262
601,2,LR,Both,Both,0.9760667165888601,0.006977290801915107,0.0169559926092246
606,2,LR,ME/CFS,ME/CFS,0.19085817605913133,0.06060654809320547,0.7485352758476632
609,2,LR,ME/CFS,ME/CFS,0.010203583141376161,0.30256834289997897,0.6872280739586448
618,2,LR,Depression,Depression,0.00598180257961897,0.992903549069017,0.001114648351364067
621,2,LR,Depression,Depression,0.0020933073999468217,0.9820723255104565,0.015834367089596693
622,2,LR,Both,Both,0.5713352787222927,0.05041101317671441,0.3782537081009929
643,2,LR,Depression,Both,0.7614839190433239,0.0969752637748897,0.1415408171817864
644,2,LR,ME/CFS,ME/CFS,0.03202337952072417,0.0034417502555537604,0.9645348702237222
646,2,LR,ME/CFS,ME/CFS,0.023623160221644096,0.0037803603154756365,0.9725964794628802
647,2,LR,ME/CFS,Both,0.5029984318815767,0.10824369482240408,0.3887578732960193
648,2,LR,Both,Both,0.8879729590611126,0.03430619645412241,0.0777208444847651
653,2,LR,Depression,Depression,0.07388693028943373,0.9112025245289571,0.014910545181609305
657,2,LR,ME/CFS,ME/CFS,0.08376028913831393,0.06269707021392372,0.8535426406477623
659,2,LR,ME/CFS,ME/CFS,0.08591043798790288,0.025176859696156826,0.8889127023159402
671,2,LR,Both,Both,0.9354604083296032,0.04025601732534051,0.02428357434505626
676,2,LR,Both,Both,0.8766029423149625,0.06365502333903308,0.05974203434600444
687,2,LR,ME/CFS,ME/CFS,0.26913732088045433,0.013835286011091545,0.7170273931084541
699,2,LR,Depression,Depression,0.00441003693626461,0.9950048651737943,0.0005850978899410659
702,2,LR,ME/CFS,ME/CFS,0.0879576876876101,0.011357466904638559,0.9006848454077514
705,2,LR,Both,Both,0.7375023538862243,0.21662446899805568,0.04587317711572013
710,2,LR,Depression,Depression,0.27087321764258854,0.5412832394505304,0.18784354290688116
720,2,LR,ME/CFS,ME/CFS,0.009539184123216407,0.03194937274804461,0.9585114431287389
724,2,LR,Depression,Depression,0.3729717645846277,0.5981856773099079,0.028842558105464437
725,2,LR,Both,Both,0.8807443387017109,0.0681743149522657,0.051081346346023335
736,2,LR,Depression,Depression,0.06300491695427383,0.923447674650396,0.013547408395330302
739,2,LR,Both,ME/CFS,0.2850629603960355,0.1760828460578731,0.5388541935460913
742,2,LR,Both,Both,0.987803430052688,0.008838012918785861,0.0033585570285262424
750,2,LR,Depression,Depression,0.015383264404318767,0.974882182286065,0.009734553309615944
751,2,LR,ME/CFS,ME/CFS,0.04826682570452157,0.0024935530251246904,0.9492396212703538
752,2,LR,Both,Both,0.910762164679871,0.054329287964463714,0.034908547355665155
755,2,LR,Depression,Depression,0.002919496914767592,0.9967397921760724,0.00034071090916008184
764,2,LR,ME/CFS,ME/CFS,0.016485883590999038,0.04877415850332383,0.9347399579056772
765,2,LR,Depression,Depression,0.00523741666646925,0.9716312482950467,0.023131335038484017
771,2,LR,ME/CFS,ME/CFS,0.21455688194402145,0.008299784788636995,0.7771433332673415
772,2,LR,Depression,ME/CFS,0.06852749631525173,0.4656362057203549,0.46583629796439324
773,2,LR,Depression,Depression,0.009218656930265868,0.9845885725973288,0.006192770472405566
793,2,LR,Depression,Depression,0.03872399958598735,0.5785477214822428,0.38272827893176986
798,2,LR,Both,Both,0.6751600617438719,0.08515686705131442,0.23968307120481372
802,2,LR,Both,ME/CFS,0.2535725434182121,0.11408299783141303,0.6323444587503748
805,2,LR,ME/CFS,ME/CFS,0.15369028546278984,0.0941373565368994,0.7521723580003108
807,2,LR,Both,Depression,0.26565788774212157,0.506247512047672,0.22809460021020625
813,2,LR,ME/CFS,Depression,0.2769156847066341,0.5038523326308673,0.21923198266249871
822,2,LR,Both,Both,0.5616057918560335,0.2765532563700112,0.1618409517739552
825,2,LR,Depression,Depression,0.00949860270284569,0.9862916811818438,0.004209716115310403
841,2,LR,ME/CFS,Both,0.6392431366379138,0.04209748083415754,0.3186593825279286
854,2,LR,ME/CFS,ME/CFS,0.07610318723232985,0.008638176257903715,0.9152586365097665
857,2,LR,Depression,Depression,0.34612406686126007,0.4389789882865554,0.21489694485218447
868,2,LR,Depression,Depression,0.016508271354890067,0.6738572549587973,0.3096344736863126
870,2,LR,Depression,Depression,0.19802329402941102,0.7588875687029146,0.04308913726767454
873,2,LR,Both,Both,0.8760959176773138,0.11625202070647654,0.007652061616209592
880,2,LR,Both,Both,0.8798178914519743,0.09125703250248135,0.028925076045544392
883,2,LR,Depression,Depression,0.0011063563488892317,0.9418523507290228,0.05704129292208788
892,2,LR,Both,Both,0.5130016077726263,0.369717437218331,0.1172809550090427
895,2,LR,Depression,Depression,0.007549001017789481,0.8821326481091912,0.11031835087301933
901,2,LR,Depression,Depression,0.03250541375086497,0.8739844026236294,0.09351018362550557
903,2,LR,Both,Both,0.49129092329004803,0.3104013596312781,0.19830771707867387
918,2,LR,Both,Both,0.6928233238048238,0.016908310802251282,0.290268365392925
919,2,LR,Depression,Depression,0.009516265920638988,0.8341828069704444,0.1563009271089165
922,2,LR,Depression,Depression,0.0024879480697551676,0.9855705565322783,0.011941495397966398
924,2,LR,ME/CFS,ME/CFS,0.043358186780236174,0.01201690889189723,0.9446249043278665
925,2,LR,Depression,Depression,0.020771218584057356,0.9755145411272127,0.0037142402887298987
931,2,LR,ME/CFS,ME/CFS,0.06025709927467841,0.06325899109533874,0.8764839096299829
938,2,LR,ME/CFS,ME/CFS,0.12075264590141871,0.3862127029599212,0.49303465113866
949,2,LR,Depression,Depression,0.0030090587532705325,0.9500723684967567,0.04691857274997291
954,2,LR,Depression,Depression,0.30057370193815797,0.6839905073471894,0.01543579071465276
957,2,LR,Depression,Depression,0.016577459946599298,0.8857954681291504,0.0976270719242503
959,2,LR,Depression,Both,0.928108762267745,0.058282858425875265,0.013608379306379766
960,2,LR,ME/CFS,ME/CFS,0.027182577993668345,0.0155976327934249,0.9572197892129067
973,2,LR,ME/CFS,Depression,0.018156501246618717,0.7870344003362859,0.19480909841709532
983,2,LR,Both,Both,0.8886728441249927,0.09188127671892911,0.019445879156078098
998,2,LR,Depression,Depression,0.2589085451870055,0.4363338852651967,0.3047575695477979
1001,2,LR,ME/CFS,ME/CFS,0.06969597240230219,0.022297226652875635,0.9080068009448222
1004,2,LR,Both,Both,0.4690698755471206,0.19717097392708166,0.3337591505257977
1005,2,LR,ME/CFS,ME/CFS,0.11656148422794645,0.008025411065471957,0.8754131047065817
1009,2,LR,Both,ME/CFS,0.13658244646818474,0.23468005452365065,0.6287374990081647
1011,2,LR,Depression,Depression,0.009910642004312213,0.8380202256867384,0.15206913230894947
1012,2,LR,Both,ME/CFS,0.24138684396002238,0.018761662665331597,0.7398514933746461
1022,2,LR,ME/CFS,ME/CFS,0.2363044913076794,0.019739010545284416,0.7439564981470363
1026,2,LR,ME/CFS,Depression,0.1441534937914556,0.6052656460895458,0.25058086011899877
1027,2,LR,ME/CFS,ME/CFS,0.035064937718923654,0.017478002353221268,0.947457059927855
1034,2,LR,Depression,Depression,0.1062250545993744,0.8889258400714926,0.004849105329132908
1037,2,LR,Depression,Depression,0.20151313429637424,0.7923670590981626,0.0061198066054630644
1042,2,LR,Depression,Depression,0.056105296862860844,0.5581934466060792,0.38570125653105997
1050,2,LR,ME/CFS,ME/CFS,0.019402349903464455,0.012307778003951499,0.968289872092584
1053,2,LR,Depression,Depression,0.006600786971945851,0.7614226067473512,0.231976606280703
1054,2,LR,ME/CFS,ME/CFS,0.1258867942857715,0.006823210657063207,0.8672899950571653
1058,2,LR,Depression,Depression,0.047337081671216474,0.6616708031240041,0.2909921152047795
1059,2,LR,Both,Both,0.9865932353506525,0.010899525012809328,0.0025072396365380515
1064,2,LR,Both,Both,0.924578195919512,0.04687928165512625,0.028542522425361785
1070,2,LR,Both,ME/CFS,0.1896939110525027,0.04455433641237429,0.7657517525351231
1073,2,LR,Depression,Depression,0.008820407376977726,0.9098478755350411,0.0813317170879811
1081,2,LR,ME/CFS,Depression,0.05447926016763453,0.8632544190968378,0.08226632073552775
1082,2,LR,Depression,Depression,0.003322578725388214,0.9866804305571006,0.009996990717511098
1086,2,LR,ME/CFS,ME/CFS,0.025752813552316848,0.005777213510912857,0.9684699729367704
1094,2,LR,ME/CFS,ME/CFS,0.1146292445129797,0.16016938553142474,0.7252013699555955
1096,2,LR,ME/CFS,ME/CFS,0.024107284501853267,0.013093995037195785,0.9627987204609509
1108,2,LR,Depression,Depression,0.07080924552291991,0.8651092632445897,0.06408149123249055
1109,2,LR,Both,Both,0.982317015472569,0.013168039698268293,0.00451494482916287
1113,2,LR,Both,Both,0.6521084242926928,0.009590921852195127,0.3383006538551121
1116,2,LR,Depression,Depression,0.0038927284692559403,0.994842222306395,0.0012650492243489074
1120,2,LR,ME/CFS,ME/CFS,0.014477618936418522,0.026459702870072488,0.9590626781935091
1122,2,LR,ME/CFS,ME/CFS,0.03769058007448413,0.020200694146705424,0.9421087257788104
1123,2,LR,ME/CFS,ME/CFS,0.040658524848161286,0.019574489346541893,0.9397669858052968
1125,2,LR,Both,Both,0.7459721432234331,0.24298052071161313,0.011047336064953823
1131,2,LR,Depression,Depression,0.15770849550864596,0.8311532539728463,0.01113825051850784
1134,2,LR,Depression,Depression,0.004727874821774022,0.923360859869079,0.07191126530914688
1147,2,LR,Depression,Depression,0.05867912786232566,0.6753733732924154,0.2659474988452589
1149,2,LR,Depression,Depression,0.014803970029004274,0.8649197553248783,0.12027627464611733
1150,2,LR,ME/CFS,ME/CFS,0.2000453336482886,0.055790768867847784,0.7441638974838637
1165,2,LR,ME/CFS,Depression,0.33168017399544997,0.5345737134477381,0.13374611255681193
1167,2,LR,Both,Both,0.9126273783859382,0.06932868462195037,0.018043936992111414
1172,2,LR,Depression,Depression,0.29278900993616797,0.6951808474807489,0.012030142583083102
1184,2,LR,ME/CFS,ME/CFS,0.035738096682564405,0.01721644387307649,0.9470454594443591
1185,2,LR,Both,Both,0.497274459891402,0.062031881135114764,0.4406936589734832
1189,2,LR,Both,Both,0.8162947401170234,0.09900928897307705,0.08469597090989961
1191,2,LR,Depression,Depression,0.020331458303708798,0.9705949374351998,0.009073604261091446
1195,2,LR,Both,Both,0.8548647434021217,0.1296486641555029,0.015486592442375333
1214,2,LR,Depression,Depression,0.004824385360276647,0.9921426378529169,0.003032976786806404
1230,2,LR,ME/CFS,Depression,0.14373519243469549,0.44779600434402733,0.40846880322127715
1231,2,LR,ME/CFS,Both,0.45817974951454177,0.0892351392013802,0.45258511128407797
1233,2,LR,ME/CFS,ME/CFS,0.06649847842615546,0.04744031248400988,0.8860612090898347
1239,2,LR,Both,Both,0.4069003175993233,0.31007382261642824,0.2830258597842485
1251,2,LR,ME/CFS,ME/CFS,0.11176822822907588,0.011685793575668449,0.8765459781952556
1254,2,LR,ME/CFS,ME/CFS,0.19449339245532765,0.018486703060028174,0.7870199044846441
1257,2,LR,Depression,Depression,0.1292087199589734,0.8542802981456419,0.016510981895384677
1258,2,LR,ME/CFS,Both,0.5290050388133104,0.12496212296898523,0.3460328382177043
1262,2,LR,Depression,Depression,0.11417503484394935,0.6949517263081686,0.19087323884788202
1263,2,LR,Both,Both,0.8860965221018209,0.030552476695543142,0.08335100120263604
1265,2,LR,Depression,Both,0.8446329209806451,0.12124779818331118,0.03411928083604366
1271,2,LR,ME/CFS,ME/CFS,0.0486783808976739,0.0024709487028509764,0.9488506703994751
1272,2,LR,ME/CFS,ME/CFS,0.2225208447648011,0.024555308648276975,0.7529238465869219
1277,2,LR,Depression,Depression,0.010557802549550434,0.9493473522414221,0.04009484520902765
1280,2,LR,ME/CFS,Both,0.6532751028076265,0.010157009132200523,0.33656788806017307
1294,2,LR,Depression,Depression,0.1680892051061785,0.8207301514486245,0.011180643445197102
1295,2,LR,Depression,Depression,0.05822575420852802,0.9386194551084188,0.0031547906830530306
1313,2,LR,Both,Both,0.6867005114704312,0.11669676391556635,0.19660272461400244
1315,2,LR,Depression,Depression,0.008037753983007928,0.7199901374165086,0.27197210860048343
1321,2,LR,Depression,ME/CFS,0.18488452286409793,0.31253882477030365,0.5025766523655985
1323,2,LR,Depression,Both,0.8793256495420498,0.05191844720801847,0.06875590324993162
1324,2,LR,Depression,Depression,0.007390275802339433,0.84597666824909,0.14663305594857068
1331,2,LR,ME/CFS,ME/CFS,0.016734169989396128,0.002975287731348276,0.9802905422792555
1344,2,LR,Both,Both,0.7243258408967892,0.17062682286350603,0.10504733623970469
1350,2,LR,ME/CFS,ME/CFS,0.007191440199273232,0.03095053331151534,0.9618580264892114
1351,2,LR,ME/CFS,ME/CFS,0.024232107067090808,0.0026828820076975953,0.9730850109252116
1353,2,LR,ME/CFS,ME/CFS,0.21732007414434953,0.1981210939401996,0.5845588319154509
1355,2,LR,ME/CFS,ME/CFS,0.4271842692627407,0.025208357887067805,0.5476073728501915
1357,2,LR,Both,Both,0.9679458337206047,0.025980995301487887,0.006073170977907315
1358,2,LR,Both,ME/CFS,0.26736697910643686,0.08162382863561216,0.6510091922579511
1360,2,LR,Depression,Depression,0.0647700680048034,0.9306042129413045,0.004625719053892096
1361,2,LR,Both,Both,0.8235569469716773,0.08833310366717502,0.08810994936114766
1362,2,LR,ME/CFS,Depression,0.01004887730389177,0.9397788111020844,0.05017231159402404
1364,2,LR,Both,Both,0.5995064202773466,0.2630738142795321,0.1374197654431214
1367,2,LR,ME/CFS,ME/CFS,0.0407390000312041,0.05385902276614551,0.9054019772026504
1368,2,LR,Both,Both,0.9195301847897147,0.039781419870511064,0.04068839533977426
1370,2,LR,Depression,Depression,0.02042564726807443,0.9671213655877852,0.012452987144140436
1375,2,LR,Depression,Depression,0.18697306452961038,0.8100987029236358,0.0029282325467537757
1390,2,LR,ME/CFS,ME/CFS,0.04339016943622944,0.041860808398177504,0.9147490221655931
1393,2,LR,ME/CFS,ME/CFS,0.3851940887141747,0.14475172340110895,0.47005418788471626
1394,2,LR,Both,Both,0.9713274594958314,0.020950634152591824,0.007721906351576718
1396,2,LR,Depression,Depression,0.009691980835172585,0.9878810026241532,0.0024270165406741185
1400,2,LR,Depression,Depression,0.011081542115863499,0.9692818823661083,0.019636575518028127
1401,2,LR,Both,Both,0.9612481431803424,0.03274663156418995,0.006005225255467719
1413,2,LR,ME/CFS,ME/CFS,0.01681329100652623,0.03900156930847514,0.9441851396849985
1415,2,LR,Both,Both,0.6512036047302661,0.15526558284934014,0.19353081242039383
1416,2,LR,ME/CFS,ME/CFS,0.023593468640889743,0.0066704413766444015,0.9697360899824659
1429,2,LR,Depression,Depression,0.2685003638409397,0.7053814937601787,0.026118142398881654
1430,2,LR,ME/CFS,ME/CFS,0.40367497258587604,0.013381993766828608,0.5829430336472954
1431,2,LR,Depression,ME/CFS,0.17028425719740478,0.3762498068914873,0.453465935911108
1433,2,LR,Both,Both,0.8916736001972583,0.07071456642705569,0.03761183337568608
1434,2,LR,Depression,Depression,0.006262555896850742,0.9621304033678738,0.031607040735275455
1436,2,LR,ME/CFS,ME/CFS,0.10978429657366454,0.03683018638583783,0.8533855170404977
1437,2,LR,Both,Both,0.8914081979955374,0.10048703634554469,0.008104765658917852
1438,2,LR,Depression,Depression,0.008533560963589346,0.9487881919717954,0.042678247064614996
1445,2,LR,ME/CFS,Both,0.5354063327460672,0.07635177349253026,0.38824189376140256
1458,2,LR,ME/CFS,Both,0.6501749352097954,0.04058091610072353,0.309244148689481
1460,2,LR,ME/CFS,Depression,0.07395221176445141,0.8199584477569749,0.10608934047857353
1478,2,LR,ME/CFS,ME/CFS,0.287357787415975,0.021463153047920194,0.6911790595361048
1479,2,LR,Depression,Depression,0.007338398372906962,0.9919457526221285,0.0007158490049647283
1487,2,LR,ME/CFS,ME/CFS,0.00665664484460747,0.01553734885877848,0.9778060062966141
1489,2,LR,Both,ME/CFS,0.2722972113618594,0.09706800568250443,0.6306347829556362
1491,2,LR,Both,Both,0.9627411284344121,0.03148561439033543,0.005773257175252562
1496,2,LR,ME/CFS,Depression,0.02645467719686492,0.9323217615765838,0.04122356122655133
1497,2,LR,ME/CFS,ME/CFS,0.08796296870103015,0.014718784604160406,0.8973182466948094
1498,2,LR,ME/CFS,ME/CFS,0.04341705456869649,0.004154102427994827,0.9524288430033088
1502,2,LR,ME/CFS,ME/CFS,0.10536204988994721,0.03593240990507574,0.8587055402049771
1506,2,LR,ME/CFS,ME/CFS,0.02397471599514519,0.01433644559996146,0.9616888384048934
1512,2,LR,Depression,Depression,0.20348804626480027,0.7918174593723302,0.004694494362869579
1514,2,LR,ME/CFS,Both,0.7509472465255012,0.025000640252241375,0.22405211322225746
1518,2,LR,ME/CFS,Depression,0.09976080994215687,0.5929314892899358,0.30730770076790737
1519,2,LR,ME/CFS,Both,0.6738841214168527,0.023471116648596482,0.3026447619345508
1522,2,LR,ME/CFS,Both,0.5430301102844132,0.04721959219023346,0.40975029752535347
1523,2,LR,ME/CFS,ME/CFS,0.02627669212836867,0.016025003679600563,0.9576983041920308
1524,2,LR,Both,ME/CFS,0.23919114332692057,0.2700307759954054,0.49077808067767403
1527,2,LR,ME/CFS,Depression,0.008102211147323065,0.5123905938810587,0.4795071949716182
1534,2,LR,Depression,Depression,0.007143677888027655,0.8927919729213163,0.10006434919065611
1535,2,LR,Both,Both,0.9457066027270825,0.022775243474078537,0.03151815379883897
1543,2,LR,ME/CFS,ME/CFS,0.21922799015997813,0.11320381634755343,0.6675681934924684
1550,2,LR,Both,Both,0.9687169033539911,0.018111080624730404,0.013172016021278422
1551,2,LR,Both,Depression,0.020880330302825545,0.6888345007308037,0.29028516896637085
1562,2,LR,Depression,Depression,0.04893890604056604,0.9475042876211633,0.003556806338270471
1566,2,LR,Depression,Both,0.5537091819462145,0.06865918253653462,0.3776316355172508
1568,2,LR,ME/CFS,ME/CFS,0.0395194635679536,0.06515624690581161,0.8953242895262349
1576,2,LR,Both,Both,0.8640533861977078,0.022635208237363643,0.11331140556492869
1583,2,LR,Depression,Depression,0.0070973375414560835,0.8055390038568362,0.18736365860170776
1590,2,LR,ME/CFS,ME/CFS,0.15131736376414603,0.012860180186524708,0.8358224560493293
1592,2,LR,Both,Both,0.5806617442254445,0.24911853864747494,0.1702197171270806
1600,2,LR,Depression,Depression,0.0034615775668597605,0.8788466182495503,0.11769180418358992
1605,2,LR,ME/CFS,ME/CFS,0.02947767997009402,0.0027940861167179984,0.967728233913188
1606,2,LR,Depression,Depression,0.040262623650892115,0.9557157221317351,0.00402165421737299
1610,2,LR,Both,Both,0.9227761733015449,0.06800705373520201,0.009216772963253048
3,2,DT,Both,ME/CFS,0.3923367463949768,0.09353723755112038,0.5141260160539066
14,2,DT,ME/CFS,ME/CFS,0.0,0.01100089024545341,0.9889991097545465
16,2,DT,ME/CFS,ME/CFS,0.0,0.0,1.0
18,2,DT,ME/CFS,ME/CFS,0.0,0.01100089024545341,0.9889991097545465
25,2,DT,Depression,ME/CFS,0.3315783194006888,0.04743107085466808,0.620990609744643
31,2,DT,Depression,Depression,0.09013470943080325,0.8380737221248136,0.07179156844438708
37,2,DT,Depression,Depression,0.09013470943080325,0.8380737221248136,0.07179156844438708
40,2,DT,Depression,Depression,0.09013470943080325,0.8380737221248136,0.07179156844438708
45,2,DT,Depression,Depression,0.09013470943080325,0.8380737221248136,0.07179156844438708
52,2,DT,Depression,Depression,0.09013470943080325,0.8380737221248136,0.07179156844438708
57,2,DT,Depression,Depression,0.09013470943080325,0.8380737221248136,0.07179156844438708
62,2,DT,Depression,Depression,0.09013470943080325,0.8380737221248136,0.07179156844438708
65,2,DT,ME/CFS,ME/CFS,0.3923367463949768,0.09353723755112038,0.5141260160539066
67,2,DT,Depression,Depression,0.09013470943080325,0.8380737221248136,0.07179156844438708
68,2,DT,Both,ME/CFS,0.3315783194006888,0.04743107085466808,0.620990609744643
72,2,DT,ME/CFS,Depression,0.09013470943080325,0.8380737221248136,0.07179156844438708
74,2,DT,ME/CFS,ME/CFS,0.0,0.01100089024545341,0.9889991097545465
76,2,DT,Depression,Depression,0.09013470943080325,0.8380737221248136,0.07179156844438708
89,2,DT,ME/CFS,Depression,0.09013470943080325,0.8380737221248136,0.07179156844438708
90,2,DT,ME/CFS,ME/CFS,0.3923367463949768,0.09353723755112038,0.5141260160539066
95,2,DT,ME/CFS,ME/CFS,0.3923367463949768,0.09353723755112038,0.5141260160539066
102,2,DT,ME/CFS,Depression,0.09013470943080325,0.8380737221248136,0.07179156844438708
111,2,DT,Depression,Depression,0.09013470943080325,0.8380737221248136,0.07179156844438708
118,2,DT,ME/CFS,ME/CFS,0.0,0.01100089024545341,0.9889991097545465
126,2,DT,ME/CFS,ME/CFS,0.0,0.01100089024545341,0.9889991097545465
129,2,DT,ME/CFS,Depression,0.09013470943080325,0.8380737221248136,0.07179156844438708
137,2,DT,ME/CFS,ME/CFS,0.0,0.01100089024545341,0.9889991097545465
139,2,DT,Depression,Depression,0.09013470943080325,0.8380737221248136,0.07179156844438708
151,2,DT,Both,Both,0.9325515231420439,0.06744847685795552,0.0
152,2,DT,ME/CFS,ME/CFS,0.3923367463949768,0.09353723755112038,0.5141260160539066
161,2,DT,Both,Both,0.9325515231420439,0.06744847685795552,0.0
169,2,DT,ME/CFS,ME/CFS,0.3923367463949768,0.09353723755112038,0.5141260160539066
172,2,DT,Depression,Depression,0.09013470943080325,0.8380737221248136,0.07179156844438708
179,2,DT,ME/CFS,ME/CFS,0.0,0.01100089024545341,0.9889991097545465
180,2,DT,Both,ME/CFS,0.3923367463949768,0.09353723755112038,0.5141260160539066
184,2,DT,Depression,Depression,0.09013470943080325,0.8380737221248136,0.07179156844438708
191,2,DT,Depression,Depression,0.09013470943080325,0.8380737221248136,0.07179156844438708
196,2,DT,ME/CFS,ME/CFS,0.3923367463949768,0.09353723755112038,0.5141260160539066
200,2,DT,Depression,Depression,0.09013470943080325,0.8380737221248136,0.07179156844438708
203,2,DT,ME/CFS,ME/CFS,0.0,0.0,1.0
211,2,DT,ME/CFS,Depression,0.09013470943080325,0.8380737221248136,0.07179156844438708
232,2,DT,ME/CFS,ME/CFS,0.0,0.01100089024545341,0.9889991097545465
236,2,DT,Depression,Depression,0.09013470943080325,0.8380737221248136,0.07179156844438708
238,2,DT,Both,ME/CFS,0.3923367463949768,0.09353723755112038,0.5141260160539066
244,2,DT,Both,Both,0.9325515231420439,0.06744847685795552,0.0
247,2,DT,Both,Both,0.9325515231420439,0.06744847685795552,0.0
260,2,DT,Depression,Depression,0.09013470943080325,0.8380737221248136,0.07179156844438708
261,2,DT,Depression,Depression,0.09013470943080325,0.8380737221248136,0.07179156844438708
266,2,DT,Both,ME/CFS,0.3923367463949768,0.09353723755112038,0.5141260160539066
269,2,DT,Depression,ME/CFS,0.3923367463949768,0.09353723755112038,0.5141260160539066
279,2,DT,Both,Both,0.9325515231420439,0.06744847685795552,0.0
285,2,DT,Depression,Depression,0.09013470943080325,0.8380737221248136,0.07179156844438708
289,2,DT,Both,Both,0.9325515231420439,0.06744847685795552,0.0
291,2,DT,ME/CFS,Depression,0.09013470943080325,0.8380737221248136,0.07179156844438708
292,2,DT,ME/CFS,ME/CFS,0.0,0.01100089024545341,0.9889991097545465
298,2,DT,ME/CFS,ME/CFS,0.3923367463949768,0.09353723755112038,0.5141260160539066
301,2,DT,Depression,Depression,0.09013470943080325,0.8380737221248136,0.07179156844438708
307,2,DT,ME/CFS,ME/CFS,0.3923367463949768,0.09353723755112038,0.5141260160539066
309,2,DT,ME/CFS,ME/CFS,0.3923367463949768,0.09353723755112038,0.5141260160539066
314,2,DT,Both,Both,0.9325515231420439,0.06744847685795552,0.0
315,2,DT,Depression,Depression,0.09013470943080325,0.8380737221248136,0.07179156844438708
321,2,DT,Depression,Depression,0.09013470943080325,0.8380737221248136,0.07179156844438708
326,2,DT,ME/CFS,ME/CFS,0.3923367463949768,0.09353723755112038,0.5141260160539066
328,2,DT,Both,Both,0.9325515231420439,0.06744847685795552,0.0
342,2,DT,ME/CFS,ME/CFS,0.0,0.01100089024545341,0.9889991097545465
343,2,DT,Depression,Depression,0.09013470943080325,0.8380737221248136,0.07179156844438708
349,2,DT,ME/CFS,ME/CFS,0.0,0.01100089024545341,0.9889991097545465
355,2,DT,Depression,Depression,0.09013470943080325,0.8380737221248136,0.07179156844438708
361,2,DT,Both,ME/CFS,0.3923367463949768,0.09353723755112038,0.5141260160539066
363,2,DT,ME/CFS,ME/CFS,0.3923367463949768,0.09353723755112038,0.5141260160539066
367,2,DT,ME/CFS,ME/CFS,0.0,0.01100089024545341,0.9889991097545465
380,2,DT,ME/CFS,ME/CFS,0.0,0.01100089024545341,0.9889991097545465
387,2,DT,Depression,Depression,0.09013470943080325,0.8380737221248136,0.07179156844438708
390,2,DT,ME/CFS,ME/CFS,0.3923367463949768,0.09353723755112038,0.5141260160539066
395,2,DT,ME/CFS,ME/CFS,0.0,0.01100089024545341,0.9889991097545465
402,2,DT,Both,Depression,0.09013470943080325,0.8380737221248136,0.07179156844438708
409,2,DT,ME/CFS,ME/CFS,0.3923367463949768,0.09353723755112038,0.5141260160539066
418,2,DT,Both,Both,0.9325515231420439,0.06744847685795552,0.0
420,2,DT,Depression,Depression,0.09013470943080325,0.8380737221248136,0.07179156844438708
424,2,DT,ME/CFS,ME/CFS,0.0,0.0,1.0
427,2,DT,Depression,Both,0.9325515231420439,0.06744847685795552,0.0
437,2,DT,Depression,ME/CFS,0.3923367463949768,0.09353723755112038,0.5141260160539066
443,2,DT,ME/CFS,ME/CFS,0.0,0.01100089024545341,0.9889991097545465
444,2,DT,ME/CFS,ME/CFS,0.3923367463949768,0.09353723755112038,0.5141260160539066
448,2,DT,Depression,Depression,0.09013470943080325,0.8380737221248136,0.07179156844438708
449,2,DT,Depression,Depression,0.09013470943080325,0.8380737221248136,0.07179156844438708
455,2,DT,Both,Both,0.9325515231420439,0.06744847685795552,0.0
457,2,DT,Depression,Depression,0.09013470943080325,0.8380737221248136,0.07179156844438708
460,2,DT,Depression,Depression,0.09013470943080325,0.8380737221248136,0.07179156844438708
476,2,DT,Depression,Depression,0.09013470943080325,0.8380737221248136,0.07179156844438708
478,2,DT,Depression,Depression,0.09013470943080325,0.8380737221248136,0.07179156844438708
485,2,DT,Both,Both,0.9325515231420439,0.06744847685795552,0.0
491,2,DT,Depression,Depression,0.09013470943080325,0.8380737221248136,0.07179156844438708
502,2,DT,ME/CFS,Depression,0.09013470943080325,0.8380737221248136,0.07179156844438708
503,2,DT,Both,Both,0.9325515231420439,0.06744847685795552,0.0
505,2,DT,ME/CFS,ME/CFS,0.0,0.01100089024545341,0.9889991097545465
520,2,DT,Both,Both,0.9325515231420439,0.06744847685795552,0.0
523,2,DT,ME/CFS,Depression,0.09013470943080325,0.8380737221248136,0.07179156844438708
524,2,DT,Both,ME/CFS,0.3923367463949768,0.09353723755112038,0.5141260160539066
528,2,DT,Both,Both,0.9325515231420439,0.06744847685795552,0.0
534,2,DT,ME/CFS,ME/CFS,0.3923367463949768,0.09353723755112038,0.5141260160539066
540,2,DT,Both,ME/CFS,0.3923367463949768,0.09353723755112038,0.5141260160539066
543,2,DT,ME/CFS,ME/CFS,0.3923367463949768,0.09353723755112038,0.5141260160539066
550,2,DT,Both,ME/CFS,0.3923367463949768,0.09353723755112038,0.5141260160539066
552,2,DT,Depression,Depression,0.0720763723150358,0.9279236276849641,0.0
553,2,DT,ME/CFS,ME/CFS,0.3923367463949768,0.09353723755112038,0.5141260160539066
555,2,DT,Depression,Depression,0.09013470943080325,0.8380737221248136,0.07179156844438708
557,2,DT,ME/CFS,ME/CFS,0.0,0.01100089024545341,0.9889991097545465
570,2,DT,Depression,Depression,0.0720763723150358,0.9279236276849641,0.0
577,2,DT,Both,ME/CFS,0.3923367463949768,0.09353723755112038,0.5141260160539066
580,2,DT,Depression,Depression,0.09013470943080325,0.8380737221248136,0.07179156844438708
588,2,DT,ME/CFS,ME/CFS,0.0,0.01100089024545341,0.9889991097545465
592,2,DT,ME/CFS,ME/CFS,0.0,0.01100089024545341,0.9889991097545465
597,2,DT,ME/CFS,ME/CFS,0.0,0.01100089024545341,0.9889991097545465
601,2,DT,Both,Both,0.9325515231420439,0.06744847685795552,0.0
606,2,DT,ME/CFS,ME/CFS,0.3923367463949768,0.09353723755112038,0.5141260160539066
609,2,DT,ME/CFS,ME/CFS,0.0,0.0,1.0
618,2,DT,Depression,Depression,0.09013470943080325,0.8380737221248136,0.07179156844438708
621,2,DT,Depression,Depression,0.09013470943080325,0.8380737221248136,0.07179156844438708
622,2,DT,Both,ME/CFS,0.3923367463949768,0.09353723755112038,0.5141260160539066
643,2,DT,Depression,Both,0.9325515231420439,0.06744847685795552,0.0
644,2,DT,ME/CFS,ME/CFS,0.0,0.01100089024545341,0.9889991097545465
646,2,DT,ME/CFS,ME/CFS,0.0,0.01100089024545341,0.9889991097545465
647,2,DT,ME/CFS,ME/CFS,0.3923367463949768,0.09353723755112038,0.5141260160539066
648,2,DT,Both,Both,0.9325515231420439,0.06744847685795552,0.0
653,2,DT,Depression,Depression,0.09013470943080325,0.8380737221248136,0.07179156844438708
657,2,DT,ME/CFS,ME/CFS,0.0,0.01100089024545341,0.9889991097545465
659,2,DT,ME/CFS,ME/CFS,0.0,0.01100089024545341,0.9889991097545465
671,2,DT,Both,Both,0.9325515231420439,0.06744847685795552,0.0
676,2,DT,Both,Both,0.9325515231420439,0.06744847685795552,0.0
687,2,DT,ME/CFS,ME/CFS,0.0,0.01100089024545341,0.9889991097545465
699,2,DT,Depression,Depression,0.09013470943080325,0.8380737221248136,0.07179156844438708
702,2,DT,ME/CFS,ME/CFS,0.0,0.01100089024545341,0.9889991097545465
705,2,DT,Both,Both,0.9325515231420439,0.06744847685795552,0.0
710,2,DT,Depression,ME/CFS,0.3315783194006888,0.04743107085466808,0.620990609744643
720,2,DT,ME/CFS,ME/CFS,0.0,0.01100089024545341,0.9889991097545465
724,2,DT,Depression,Depression,0.09013470943080325,0.8380737221248136,0.07179156844438708
725,2,DT,Both,Both,0.9325515231420439,0.06744847685795552,0.0
736,2,DT,Depression,Depression,0.09013470943080325,0.8380737221248136,0.07179156844438708
739,2,DT,Both,ME/CFS,0.3923367463949768,0.09353723755112038,0.5141260160539066
742,2,DT,Both,Both,0.9325515231420439,0.06744847685795552,0.0
750,2,DT,Depression,Depression,0.09013470943080325,0.8380737221248136,0.07179156844438708
751,2,DT,ME/CFS,ME/CFS,0.0,0.01100089024545341,0.9889991097545465
752,2,DT,Both,Both,0.9325515231420439,0.06744847685795552,0.0
755,2,DT,Depression,Depression,0.09013470943080325,0.8380737221248136,0.07179156844438708
764,2,DT,ME/CFS,ME/CFS,0.0,0.0,1.0
765,2,DT,Depression,Depression,0.09013470943080325,0.8380737221248136,0.07179156844438708
771,2,DT,ME/CFS,ME/CFS,0.3923367463949768,0.09353723755112038,0.5141260160539066
772,2,DT,Depression,Depression,0.09013470943080325,0.8380737221248136,0.07179156844438708
773,2,DT,Depression,Depression,0.09013470943080325,0.8380737221248136,0.07179156844438708
793,2,DT,Depression,Depression,0.09013470943080325,0.8380737221248136,0.07179156844438708
798,2,DT,Both,Both,0.9325515231420439,0.06744847685795552,0.0
802,2,DT,Both,ME/CFS,0.3923367463949768,0.09353723755112038,0.5141260160539066
805,2,DT,ME/CFS,ME/CFS,0.3923367463949768,0.09353723755112038,0.5141260160539066
807,2,DT,Both,ME/CFS,0.3315783194006888,0.04743107085466808,0.620990609744643
813,2,DT,ME/CFS,Depression,0.09013470943080325,0.8380737221248136,0.07179156844438708
822,2,DT,Both,Both,0.9325515231420439,0.06744847685795552,0.0
825,2,DT,Depression,Depression,0.09013470943080325,0.8380737221248136,0.07179156844438708
841,2,DT,ME/CFS,ME/CFS,0.3923367463949768,0.09353723755112038,0.5141260160539066
854,2,DT,ME/CFS,ME/CFS,0.0,0.01100089024545341,0.9889991097545465
857,2,DT,Depression,Depression,0.09013470943080325,0.8380737221248136,0.07179156844438708
868,2,DT,Depression,Depression,0.09013470943080325,0.8380737221248136,0.07179156844438708
870,2,DT,Depression,Depression,0.09013470943080325,0.8380737221248136,0.07179156844438708
873,2,DT,Both,Both,0.9325515231420439,0.06744847685795552,0.0
880,2,DT,Both,Both,0.9325515231420439,0.06744847685795552,0.0
883,2,DT,Depression,Depression,0.09013470943080325,0.8380737221248136,0.07179156844438708
892,2,DT,Both,ME/CFS,0.3315783194006888,0.04743107085466808,0.620990609744643
895,2,DT,Depression,Depression,0.09013470943080325,0.8380737221248136,0.07179156844438708
901,2,DT,Depression,Depression,0.09013470943080325,0.8380737221248136,0.07179156844438708
903,2,DT,Both,Both,0.9325515231420439,0.06744847685795552,0.0
918,2,DT,Both,ME/CFS,0.3923367463949768,0.09353723755112038,0.5141260160539066
919,2,DT,Depression,Depression,0.09013470943080325,0.8380737221248136,0.07179156844438708
922,2,DT,Depression,Depression,0.09013470943080325,0.8380737221248136,0.07179156844438708
924,2,DT,ME/CFS,ME/CFS,0.0,0.01100089024545341,0.9889991097545465
925,2,DT,Depression,Depression,0.09013470943080325,0.8380737221248136,0.07179156844438708
931,2,DT,ME/CFS,ME/CFS,0.0,0.01100089024545341,0.9889991097545465
938,2,DT,ME/CFS,Depression,0.09013470943080325,0.8380737221248136,0.07179156844438708
949,2,DT,Depression,Depression,0.09013470943080325,0.8380737221248136,0.07179156844438708
954,2,DT,Depression,Depression,0.09013470943080325,0.8380737221248136,0.07179156844438708
957,2,DT,Depression,Depression,0.09013470943080325,0.8380737221248136,0.07179156844438708
959,2,DT,Depression,Both,0.9325515231420439,0.06744847685795552,0.0
960,2,DT,ME/CFS,ME/CFS,0.0,0.01100089024545341,0.9889991097545465
973,2,DT,ME/CFS,Depression,0.09013470943080325,0.8380737221248136,0.07179156844438708
983,2,DT,Both,Both,0.9325515231420439,0.06744847685795552,0.0
998,2,DT,Depression,ME/CFS,0.3923367463949768,0.09353723755112038,0.5141260160539066
1001,2,DT,ME/CFS,ME/CFS,0.0,0.01100089024545341,0.9889991097545465
1004,2,DT,Both,ME/CFS,0.3923367463949768,0.09353723755112038,0.5141260160539066
1005,2,DT,ME/CFS,ME/CFS,0.0,0.01100089024545341,0.9889991097545465
1009,2,DT,Both,ME/CFS,0.3923367463949768,0.09353723755112038,0.5141260160539066
1011,2,DT,Depression,Depression,0.09013470943080325,0.8380737221248136,0.07179156844438708
1012,2,DT,Both,ME/CFS,0.3923367463949768,0.09353723755112038,0.5141260160539066
1022,2,DT,ME/CFS,ME/CFS,0.3923367463949768,0.09353723755112038,0.5141260160539066
1026,2,DT,ME/CFS,Depression,0.09013470943080325,0.8380737221248136,0.07179156844438708
1027,2,DT,ME/CFS,ME/CFS,0.0,0.01100089024545341,0.9889991097545465
1034,2,DT,Depression,Depression,0.09013470943080325,0.8380737221248136,0.07179156844438708
1037,2,DT,Depression,Depression,0.09013470943080325,0.8380737221248136,0.07179156844438708
1042,2,DT,Depression,ME/CFS,0.3923367463949768,0.09353723755112038,0.5141260160539066
1050,2,DT,ME/CFS,ME/CFS,0.0,0.01100089024545341,0.9889991097545465
1053,2,DT,Depression,Depression,0.09013470943080325,0.8380737221248136,0.07179156844438708
1054,2,DT,ME/CFS,ME/CFS,0.0,0.01100089024545341,0.9889991097545465
1058,2,DT,Depression,Depression,0.09013470943080325,0.8380737221248136,0.07179156844438708
1059,2,DT,Both,Both,0.9325515231420439,0.06744847685795552,0.0
1064,2,DT,Both,Both,0.9325515231420439,0.06744847685795552,0.0
1070,2,DT,Both,ME/CFS,0.3923367463949768,0.09353723755112038,0.5141260160539066
1073,2,DT,Depression,Depression,0.09013470943080325,0.8380737221248136,0.07179156844438708
1081,2,DT,ME/CFS,Depression,0.09013470943080325,0.8380737221248136,0.07179156844438708
1082,2,DT,Depression,Depression,0.09013470943080325,0.8380737221248136,0.07179156844438708
1086,2,DT,ME/CFS,ME/CFS,0.0,0.01100089024545341,0.9889991097545465
1094,2,DT,ME/CFS,ME/CFS,0.3923367463949768,0.09353723755112038,0.5141260160539066
1096,2,DT,ME/CFS,ME/CFS,0.0,0.01100089024545341,0.9889991097545465
1108,2,DT,Depression,Depression,0.09013470943080325,0.8380737221248136,0.07179156844438708
1109,2,DT,Both,Both,0.9325515231420439,0.06744847685795552,0.0
1113,2,DT,Both,ME/CFS,0.3923367463949768,0.09353723755112038,0.5141260160539066
1116,2,DT,Depression,Depression,0.09013470943080325,0.8380737221248136,0.07179156844438708
1120,2,DT,ME/CFS,ME/CFS,0.0,0.01100089024545341,0.9889991097545465
1122,2,DT,ME/CFS,ME/CFS,0.0,0.01100089024545341,0.9889991097545465
1123,2,DT,ME/CFS,ME/CFS,0.0,0.01100089024545341,0.9889991097545465
1125,2,DT,Both,Both,0.9325515231420439,0.06744847685795552,0.0
1131,2,DT,Depression,Depression,0.09013470943080325,0.8380737221248136,0.07179156844438708
1134,2,DT,Depression,Depression,0.09013470943080325,0.8380737221248136,0.07179156844438708
1147,2,DT,Depression,ME/CFS,0.3923367463949768,0.09353723755112038,0.5141260160539066
1149,2,DT,Depression,Depression,0.09013470943080325,0.8380737221248136,0.07179156844438708
1150,2,DT,ME/CFS,ME/CFS,0.3923367463949768,0.09353723755112038,0.5141260160539066
1165,2,DT,ME/CFS,Depression,0.09013470943080325,0.8380737221248136,0.07179156844438708
1167,2,DT,Both,Both,0.9325515231420439,0.06744847685795552,0.0
1172,2,DT,Depression,Depression,0.09013470943080325,0.8380737221248136,0.07179156844438708
1184,2,DT,ME/CFS,ME/CFS,0.0,0.01100089024545341,0.9889991097545465
1185,2,DT,Both,ME/CFS,0.3923367463949768,0.09353723755112038,0.5141260160539066
1189,2,DT,Both,Both,0.9325515231420439,0.06744847685795552,0.0
1191,2,DT,Depression,Depression,0.09013470943080325,0.8380737221248136,0.07179156844438708
1195,2,DT,Both,Both,0.9325515231420439,0.06744847685795552,0.0
1214,2,DT,Depression,Depression,0.09013470943080325,0.8380737221248136,0.07179156844438708
1230,2,DT,ME/CFS,Depression,0.09013470943080325,0.8380737221248136,0.07179156844438708
1231,2,DT,ME/CFS,ME/CFS,0.3923367463949768,0.09353723755112038,0.5141260160539066
1233,2,DT,ME/CFS,ME/CFS,0.0,0.01100089024545341,0.9889991097545465
1239,2,DT,Both,Both,0.9325515231420439,0.06744847685795552,0.0
1251,2,DT,ME/CFS,ME/CFS,0.0,0.01100089024545341,0.9889991097545465
1254,2,DT,ME/CFS,ME/CFS,0.0,0.01100089024545341,0.9889991097545465
1257,2,DT,Depression,Depression,0.0720763723150358,0.9279236276849641,0.0
1258,2,DT,ME/CFS,ME/CFS,0.3923367463949768,0.09353723755112038,0.5141260160539066
1262,2,DT,Depression,Depression,0.09013470943080325,0.8380737221248136,0.07179156844438708
1263,2,DT,Both,Both,0.9325515231420439,0.06744847685795552,0.0
1265,2,DT,Depression,Both,0.9325515231420439,0.06744847685795552,0.0
1271,2,DT,ME/CFS,ME/CFS,0.0,0.01100089024545341,0.9889991097545465
1272,2,DT,ME/CFS,ME/CFS,0.3923367463949768,0.09353723755112038,0.5141260160539066
1277,2,DT,Depression,Depression,0.09013470943080325,0.8380737221248136,0.07179156844438708
1280,2,DT,ME/CFS,ME/CFS,0.3923367463949768,0.09353723755112038,0.5141260160539066
1294,2,DT,Depression,Depression,0.09013470943080325,0.8380737221248136,0.07179156844438708
1295,2,DT,Depression,Depression,0.09013470943080325,0.8380737221248136,0.07179156844438708
1313,2,DT,Both,Both,0.9325515231420439,0.06744847685795552,0.0
1315,2,DT,Depression,Depression,0.09013470943080325,0.8380737221248136,0.07179156844438708
1321,2,DT,Depression,Depression,0.09013470943080325,0.8380737221248136,0.07179156844438708
1323,2,DT,Depression,Both,0.9325515231420439,0.06744847685795552,0.0
1324,2,DT,Depression,Depression,0.09013470943080325,0.8380737221248136,0.07179156844438708
1331,2,DT,ME/CFS,ME/CFS,0.0,0.01100089024545341,0.9889991097545465
1344,2,DT,Both,Both,0.9325515231420439,0.06744847685795552,0.0
1350,2,DT,ME/CFS,ME/CFS,0.0,0.01100089024545341,0.9889991097545465
1351,2,DT,ME/CFS,ME/CFS,0.0,0.01100089024545341,0.9889991097545465
1353,2,DT,ME/CFS,ME/CFS,0.3923367463949768,0.09353723755112038,0.5141260160539066
1355,2,DT,ME/CFS,ME/CFS,0.3923367463949768,0.09353723755112038,0.5141260160539066
1357,2,DT,Both,Both,0.9325515231420439,0.06744847685795552,0.0
1358,2,DT,Both,ME/CFS,0.3923367463949768,0.09353723755112038,0.5141260160539066
1360,2,DT,Depression,Depression,0.09013470943080325,0.8380737221248136,0.07179156844438708
1361,2,DT,Both,Both,0.9325515231420439,0.06744847685795552,0.0
1362,2,DT,ME/CFS,Depression,0.09013470943080325,0.8380737221248136,0.07179156844438708
1364,2,DT,Both,Both,0.9325515231420439,0.06744847685795552,0.0
1367,2,DT,ME/CFS,ME/CFS,0.0,0.01100089024545341,0.9889991097545465
1368,2,DT,Both,Both,0.9325515231420439,0.06744847685795552,0.0
1370,2,DT,Depression,Depression,0.09013470943080325,0.8380737221248136,0.07179156844438708
1375,2,DT,Depression,Depression,0.09013470943080325,0.8380737221248136,0.07179156844438708
1390,2,DT,ME/CFS,ME/CFS,0.0,0.01100089024545341,0.9889991097545465
1393,2,DT,ME/CFS,ME/CFS,0.3923367463949768,0.09353723755112038,0.5141260160539066
1394,2,DT,Both,Both,0.9325515231420439,0.06744847685795552,0.0
1396,2,DT,Depression,Depression,0.09013470943080325,0.8380737221248136,0.07179156844438708
1400,2,DT,Depression,Depression,0.09013470943080325,0.8380737221248136,0.07179156844438708
1401,2,DT,Both,Both,0.9325515231420439,0.06744847685795552,0.0
1413,2,DT,ME/CFS,ME/CFS,0.0,0.01100089024545341,0.9889991097545465
1415,2,DT,Both,Both,0.9325515231420439,0.06744847685795552,0.0
1416,2,DT,ME/CFS,ME/CFS,0.0,0.01100089024545341,0.9889991097545465
1429,2,DT,Depression,Depression,0.09013470943080325,0.8380737221248136,0.07179156844438708
1430,2,DT,ME/CFS,ME/CFS,0.3923367463949768,0.09353723755112038,0.5141260160539066
1431,2,DT,Depression,ME/CFS,0.3315783194006888,0.04743107085466808,0.620990609744643
1433,2,DT,Both,Both,0.9325515231420439,0.06744847685795552,0.0
1434,2,DT,Depression,Depression,0.09013470943080325,0.8380737221248136,0.07179156844438708
1436,2,DT,ME/CFS,ME/CFS,0.0,0.01100089024545341,0.9889991097545465
1437,2,DT,Both,Both,0.9325515231420439,0.06744847685795552,0.0
1438,2,DT,Depression,Depression,0.09013470943080325,0.8380737221248136,0.07179156844438708
1445,2,DT,ME/CFS,ME/CFS,0.3923367463949768,0.09353723755112038,0.5141260160539066
1458,2,DT,ME/CFS,ME/CFS,0.3923367463949768,0.09353723755112038,0.5141260160539066
1460,2,DT,ME/CFS,Depression,0.09013470943080325,0.8380737221248136,0.07179156844438708
1478,2,DT,ME/CFS,ME/CFS,0.3923367463949768,0.09353723755112038,0.5141260160539066
1479,2,DT,Depression,Depression,0.09013470943080325,0.8380737221248136,0.07179156844438708
1487,2,DT,ME/CFS,ME/CFS,0.0,0.01100089024545341,0.9889991097545465
1489,2,DT,Both,ME/CFS,0.3923367463949768,0.09353723755112038,0.5141260160539066
1491,2,DT,Both,Both,0.9325515231420439,0.06744847685795552,0.0
1496,2,DT,ME/CFS,Depression,0.09013470943080325,0.8380737221248136,0.07179156844438708
1497,2,DT,ME/CFS,ME/CFS,0.0,0.01100089024545341,0.9889991097545465
1498,2,DT,ME/CFS,ME/CFS,0.0,0.01100089024545341,0.9889991097545465
1502,2,DT,ME/CFS,ME/CFS,0.0,0.01100089024545341,0.9889991097545465
1506,2,DT,ME/CFS,ME/CFS,0.0,0.01100089024545341,0.9889991097545465
1512,2,DT,Depression,Depression,0.09013470943080325,0.8380737221248136,0.07179156844438708
1514,2,DT,ME/CFS,ME/CFS,0.3923367463949768,0.09353723755112038,0.5141260160539066
1518,2,DT,ME/CFS,Depression,0.09013470943080325,0.8380737221248136,0.07179156844438708
1519,2,DT,ME/CFS,ME/CFS,0.3923367463949768,0.09353723755112038,0.5141260160539066
1522,2,DT,ME/CFS,ME/CFS,0.3923367463949768,0.09353723755112038,0.5141260160539066
1523,2,DT,ME/CFS,ME/CFS,0.0,0.01100089024545341,0.9889991097545465
1524,2,DT,Both,ME/CFS,0.3923367463949768,0.09353723755112038,0.5141260160539066
1527,2,DT,ME/CFS,ME/CFS,0.0,0.0,1.0
1534,2,DT,Depression,Depression,0.09013470943080325,0.8380737221248136,0.07179156844438708
1535,2,DT,Both,Both,0.9325515231420439,0.06744847685795552,0.0
1543,2,DT,ME/CFS,ME/CFS,0.3923367463949768,0.09353723755112038,0.5141260160539066
1550,2,DT,Both,Both,0.9325515231420439,0.06744847685795552,0.0
1551,2,DT,Both,Depression,0.09013470943080325,0.8380737221248136,0.07179156844438708
1562,2,DT,Depression,Depression,0.09013470943080325,0.8380737221248136,0.07179156844438708
1566,2,DT,Depression,ME/CFS,0.3923367463949768,0.09353723755112038,0.5141260160539066
1568,2,DT,ME/CFS,ME/CFS,0.0,0.01100089024545341,0.9889991097545465
1576,2,DT,Both,Both,0.9325515231420439,0.06744847685795552,0.0
1583,2,DT,Depression,Depression,0.09013470943080325,0.8380737221248136,0.07179156844438708
1590,2,DT,ME/CFS,ME/CFS,0.0,0.01100089024545341,0.9889991097545465
1592,2,DT,Both,Both,0.9325515231420439,0.06744847685795552,0.0
1600,2,DT,Depression,Depression,0.09013470943080325,0.8380737221248136,0.07179156844438708
1605,2,DT,ME/CFS,ME/CFS,0.0,0.01100089024545341,0.9889991097545465
1606,2,DT,Depression,Depression,0.09013470943080325,0.8380737221248136,0.07179156844438708
1610,2,DT,Both,Both,0.9325515231420439,0.06744847685795552,0.0
3,2,RF,Both,Both,0.5282833996321707,0.03140949705230939,0.4403071033155197
14,2,RF,ME/CFS,ME/CFS,0.003212484754561887,0.01279344452817826,0.9839940707172599
16,2,RF,ME/CFS,ME/CFS,0.002915057915057915,0.08368673864756192,0.9133982034373801
18,2,RF,ME/CFS,ME/CFS,0.008915009906983065,0.004459686653085448,0.9866253034399314
25,2,RF,Depression,ME/CFS,0.32973363769860187,0.33096734458841126,0.33929901771298693
31,2,RF,Depression,Depression,0.19007921282991325,0.5706098732987367,0.23931091387134992
37,2,RF,Depression,Depression,0.10304458050958798,0.736076520973678,0.16087889851673384
40,2,RF,Depression,Depression,0.2322545680431656,0.7309866688009481,0.036758763155886234
45,2,RF,Depression,Depression,0.19589709509354958,0.6345097884979282,0.16959311640852234
52,2,RF,Depression,Depression,0.007896712117629944,0.976304465625168,0.015798822257201865
57,2,RF,Depression,Depression,0.07788900103245186,0.8997535679340103,0.02235743103353755
62,2,RF,Depression,Depression,0.16009018749427814,0.7931107314359014,0.046799081069820406
65,2,RF,ME/CFS,ME/CFS,0.37060674626493934,0.047901093776825415,0.5814921599582354
67,2,RF,Depression,Depression,0.0,0.998767011431682,0.0012329885683179096
68,2,RF,Both,ME/CFS,0.24876873443889058,0.15726447525122286,0.5939667903098865
72,2,RF,ME/CFS,Depression,0.007570634890720243,0.8912657536934186,0.10116361141586079
74,2,RF,ME/CFS,ME/CFS,0.003845102281033554,0.01389233002693571,0.9822625676920308
76,2,RF,Depression,Depression,0.15780996900779162,0.6889299376785233,0.15326009331368512
89,2,RF,ME/CFS,Depression,0.021653909363357034,0.88163630749265,0.09670978314399298
90,2,RF,ME/CFS,ME/CFS,0.27304253529163847,0.02927287943946731,0.6976845852688939
95,2,RF,ME/CFS,ME/CFS,0.050099541771001385,0.05702795854274398,0.8928724996862546
102,2,RF,ME/CFS,Depression,0.12740604983734147,0.6567979360808169,0.21579601408184132
111,2,RF,Depression,Depression,0.0052467441411233875,0.9935202672905588,0.0012329885683179096
118,2,RF,ME/CFS,ME/CFS,0.0,0.006238390185963102,0.9937616098140368
126,2,RF,ME/CFS,ME/CFS,0.0046813025614002605,0.0,0.9953186974385997
129,2,RF,ME/CFS,Depression,0.09543645557481813,0.8078023393182788,0.09676120510690293
137,2,RF,ME/CFS,ME/CFS,0.0025014459224985543,0.006826222284993622,0.9906723317925079
139,2,RF,Depression,Depression,0.00630105638985139,0.9531633766574771,0.0405355669526713
151,2,RF,Both,Both,0.944564985530928,0.05543501446907193,0.0
152,2,RF,ME/CFS,ME/CFS,0.383348292817115,0.0486136463326655,0.5680380608502194
161,2,RF,Both,Both,0.9675776606810622,0.03242233931893765,0.0
169,2,RF,ME/CFS,ME/CFS,0.223566620814141,0.0873171528812412,0.6891162263046178
172,2,RF,Depression,Depression,0.1218235652424295,0.8405476262407755,0.03762880851679463
179,2,RF,ME/CFS,ME/CFS,0.005,0.0,0.995
180,2,RF,Both,ME/CFS,0.3293244591728415,0.041878546354113234,0.6287969944730452
184,2,RF,Depression,Depression,0.10623460754489082,0.8640345769960714,0.029730815459037673
191,2,RF,Depression,Depression,0.13497246731235468,0.8316942731820592,0.03333325950558578
196,2,RF,ME/CFS,ME/CFS,0.37302337406286573,0.15744407818151493,0.46953254775561926
200,2,RF,Depression,Depression,0.002738280332601024,0.985396653050066,0.01186506661733295
203,2,RF,ME/CFS,ME/CFS,0.1055515156235492,0.024416954576668735,0.8700315297997822
211,2,RF,ME/CFS,Depression,0.019978376606106164,0.8158914998323519,0.16413012356154194
232,2,RF,ME/CFS,ME/CFS,0.008874096965771858,0.006789344604867706,0.9843365584293603
236,2,RF,Depression,Depression,0.20283538736052426,0.7511047971903538,0.04605981544912232
238,2,RF,Both,ME/CFS,0.3622689933628691,0.027362686764136154,0.6103683198729951
244,2,RF,Both,Both,0.9594615764889391,0.037617750434137884,0.002920673076923077
247,2,RF,Both,Both,0.9070936996468248,0.08376592301602166,0.009140377337153666
260,2,RF,Depression,Depression,0.16299218538684734,0.7976742016793572,0.039333612933795024
261,2,RF,Depression,Depression,0.004810033759066794,0.9875529546048498,0.00763701163608323
266,2,RF,Both,ME/CFS,0.3785973538322693,0.06759894138152253,0.5538037047862083
269,2,RF,Depression,Depression,0.015474575161756035,0.8171039508071907,0.1674214740310534
279,2,RF,Both,Both,0.9958465525082607,0.003478447491739202,0.000675
285,2,RF,Depression,Depression,0.007930716471162051,0.9711741799989094,0.020895103529928197
289,2,RF,Both,Both,0.966380071803193,0.03361992819680703,0.0
291,2,RF,ME/CFS,Depression,0.05433204597846948,0.6569914813980365,0.2886764726234938
292,2,RF,ME/CFS,ME/CFS,0.0016021030078387788,0.0008016682113067653,0.9975962287808545
298,2,RF,ME/CFS,ME/CFS,0.29807929762617197,0.07115584648175627,0.6307648558920721
301,2,RF,Depression,Depression,0.1969140973852394,0.6645187935474128,0.13856710906734793
307,2,RF,ME/CFS,ME/CFS,0.3395184837713443,0.03515090762280273,0.6253306086058533
309,2,RF,ME/CFS,ME/CFS,0.08943103670099979,0.21738996466715527,0.6931789986318452
314,2,RF,Both,Both,0.9290983801167669,0.07090161988323335,0.0
315,2,RF,Depression,Depression,0.01599998487433568,0.8061649838442849,0.17783503128137923
321,2,RF,Depression,Depression,0.006033978214911857,0.9741620732154712,0.019803948569616564
326,2,RF,ME/CFS,ME/CFS,0.22811077399928922,0.11334583741205756,0.6585433885886534
328,2,RF,Both,Both,0.8072529056451314,0.19127885092608707,0.001468243428782361
342,2,RF,ME/CFS,ME/CFS,0.008659374554322745,0.0,0.9913406254456772
343,2,RF,Depression,Depression,0.006190507065459689,0.9727534931176589,0.021055999816881367
349,2,RF,ME/CFS,ME/CFS,0.0,0.0,1.0
355,2,RF,Depression,Depression,0.08104182989331726,0.9053026157525952,0.013655554354087352
361,2,RF,Both,Both,0.636784423105191,0.04451931244149299,0.31869626445331567
363,2,RF,ME/CFS,ME/CFS,0.08335197154240187,0.06480154004711033,0.8518464884104879
367,2,RF,ME/CFS,ME/CFS,0.00731794055943215,0.0,0.9926820594405679
380,2,RF,ME/CFS,ME/CFS,0.005,0.0,0.995
387,2,RF,Depression,Depression,0.0008584112671613248,0.9964672727513397,0.0026743159814989594
390,2,RF,ME/CFS,ME/CFS,0.3371163860164652,0.028412092816815306,0.6344715211667198
395,2,RF,ME/CFS,ME/CFS,0.0016693420735625346,0.0022361257873709673,0.9960945321390665
402,2,RF,Both,Depression,0.2759337013187122,0.6318766000737579,0.09218969860752997
409,2,RF,ME/CFS,ME/CFS,0.2352296483578301,0.11812590248513727,0.6466444491570322
418,2,RF,Both,Both,0.977970684559218,0.013290214727800476,0.008739100712981429
420,2,RF,Depression,Depression,0.0073028471953870645,0.9602432677653718,0.032453885039241154
424,2,RF,ME/CFS,ME/CFS,0.007615291365813047,0.03293985090447094,0.9594448577297163
427,2,RF,Depression,Both,0.8339076930736867,0.16317163384939046,0.002920673076923077
437,2,RF,Depression,Depression,0.02924138443241437,0.8577412760634773,0.11301733950410842
443,2,RF,ME/CFS,ME/CFS,0.00245558882889135,0.030025137978403872,0.9675192731927048
444,2,RF,ME/CFS,ME/CFS,0.31838682653835965,0.12223548874220203,0.5593776847194384
448,2,RF,Depression,Depression,0.31000916406403173,0.6820219988123729,0.007968837123595246
449,2,RF,Depression,Depression,0.10673462890281485,0.8026035872205313,0.09066178387665394
455,2,RF,Both,Both,0.9429057673014427,0.05709423269855722,0.0
457,2,RF,Depression,Depression,0.009867321114937632,0.9891918847732577,0.0009407941118045749
460,2,RF,Depression,Depression,0.0025683806901976207,0.9959777333332905,0.0014538859765117467
476,2,RF,Depression,Depression,0.12790259426145437,0.828705321993686,0.043392083744859436
478,2,RF,Depression,Depression,0.09263885577763013,0.7870188392190556,0.12034230500331403
485,2,RF,Both,Both,0.8397647065710934,0.15976408924042526,0.0004712041884816754
491,2,RF,Depression,Depression,0.0035973839031803435,0.9861148071756708,0.010287808921148835
502,2,RF,ME/CFS,Depression,0.09212581728737071,0.7352736069691135,0.17260057574351556
503,2,RF,Both,Both,0.8985789265915686,0.10142107340843147,0.0
505,2,RF,ME/CFS,ME/CFS,0.0033823480029102843,0.007226877415049998,0.9893907745820397
520,2,RF,Both,Both,0.9436076136895173,0.0563923863104825,0.0
523,2,RF,ME/CFS,Depression,0.12012289253828534,0.6773669125989288,0.20251019486278574
524,2,RF,Both,Both,0.5343762854330277,0.015882068771117856,0.4497416457958542
528,2,RF,Both,Both,0.953510054241932,0.046489945758068335,0.0
534,2,RF,ME/CFS,ME/CFS,0.28005795891318,0.05738332152181006,0.6625587195650101
540,2,RF,Both,ME/CFS,0.23133472977855962,0.05988932582830398,0.7087759443931363
543,2,RF,ME/CFS,ME/CFS,0.37521576532095713,0.05553593967903806,0.5692482950000048
550,2,RF,Both,ME/CFS,0.29473193042277346,0.03955914318892581,0.6657089263883013
552,2,RF,Depression,Depression,0.1315412239529955,0.7973707248896157,0.0710880511573886
553,2,RF,ME/CFS,ME/CFS,0.06273969915070526,0.2707298361430665,0.666530464706228
555,2,RF,Depression,Depression,0.04483233906056208,0.8932715278517617,0.06189613308767619
557,2,RF,ME/CFS,ME/CFS,0.0,0.0009321120689655172,0.9990678879310344
570,2,RF,Depression,Depression,0.09098842638317768,0.8974829949145486,0.011528578702273482
577,2,RF,Both,ME/CFS,0.3811786294752716,0.0625427806393161,0.5562785898854126
580,2,RF,Depression,Depression,0.017645436159905593,0.8701704226817505,0.11218414115834367
588,2,RF,ME/CFS,ME/CFS,0.0008341369334619093,0.0047478070233892234,0.9944180560431488
592,2,RF,ME/CFS,ME/CFS,0.005761645286677378,0.006878596068867006,0.9873597586444555
597,2,RF,ME/CFS,ME/CFS,0.015037784696865047,0.0,0.9849622153031351
601,2,RF,Both,Both,0.8902517198914562,0.10903951384862592,0.0007087662599185705
606,2,RF,ME/CFS,Both,0.4958151919067113,0.053331425140819136,0.45085338295246935
609,2,RF,ME/CFS,ME/CFS,0.005287108118417507,0.03711858503525829,0.9575943068463243
618,2,RF,Depression,Depression,0.002559322033898305,0.9958063071542962,0.0016343708118054163
621,2,RF,Depression,Depression,0.0,0.9969938100599048,0.0030061899400951587
622,2,RF,Both,ME/CFS,0.45770350960304057,0.04497289882039562,0.4973235915765638
643,2,RF,Depression,Both,0.9720321903582669,0.027967809641732927,0.0
644,2,RF,ME/CFS,ME/CFS,0.005813510704269043,0.00040496254681647933,0.9937815267489144
646,2,RF,ME/CFS,ME/CFS,0.0021795684749778897,0.00077944832880004,0.997040983196222
647,2,RF,ME/CFS,ME/CFS,0.40292602284244794,0.07787046587054887,0.5192035112870034
648,2,RF,Both,Both,0.959552361089604,0.03997643472191468,0.0004712041884816754
653,2,RF,Depression,Depression,0.03235321633595217,0.8165228522681981,0.15112393139584973
657,2,RF,ME/CFS,ME/CFS,0.0022236503856041126,0.005444433147613432,0.9923319164667823
659,2,RF,ME/CFS,ME/CFS,0.0,0.0007032520325203252,0.9992967479674797
671,2,RF,Both,Both,0.9354842688170163,0.05889261644874505,0.005623114734238817
676,2,RF,Both,Both,0.9085115517723301,0.08496933353954125,0.006519114688128773
687,2,RF,ME/CFS,ME/CFS,0.01031744079181574,0.005800450513360882,0.9838821086948234
699,2,RF,Depression,Depression,0.004125035394711553,0.995320632740384,0.0005543318649045521
702,2,RF,ME/CFS,ME/CFS,0.007256764537630384,0.003698540626220611,0.989044694836149
705,2,RF,Both,Both,0.8700515787652712,0.12194802419039391,0.008000397044335049
710,2,RF,Depression,Both,0.4253628858376143,0.27429576463846506,0.3003413495239205
720,2,RF,ME/CFS,ME/CFS,0.001429752066115702,0.13398487690668712,0.8645853710271973
724,2,RF,Depression,Depression,0.24727913688349698,0.6625953004816855,0.09012556263481741
725,2,RF,Both,Both,0.9886280844013033,0.011371915598696549,0.0
736,2,RF,Depression,Depression,0.08477827245617188,0.8949070748616219,0.02031465268220618
739,2,RF,Both,ME/CFS,0.2585175253409409,0.07047144578381084,0.6710110288752484
742,2,RF,Both,Both,0.974773339292389,0.02446982819184373,0.0007568325157673441
750,2,RF,Depression,Depression,0.002738280332601024,0.9921314344716471,0.005130285195751855
751,2,RF,ME/CFS,ME/CFS,0.007968814977637084,0.0,0.992031185022363
752,2,RF,Both,Both,0.9643661334024352,0.03563386659756485,0.0
755,2,RF,Depression,Depression,0.0177011099773682,0.970186300541853,0.01211258948077915
764,2,RF,ME/CFS,ME/CFS,0.10091637115207161,0.012826126917813723,0.8862575019301147
765,2,RF,Depression,Depression,0.006872466202932164,0.972840818147948,0.020286715649119946
771,2,RF,ME/CFS,Both,0.567337685469154,0.01879506884537212,0.41386724568547373
772,2,RF,Depression,Depression,0.13642902810775692,0.7010331918813254,0.16253778001091743
773,2,RF,Depression,Depression,0.0030768081428007572,0.9934258223355467,0.003497369521652538
793,2,RF,Depression,Depression,0.06723458415283048,0.6708033961851615,0.26196201966200794
798,2,RF,Both,Both,0.7974012836493146,0.18512730152187853,0.017471414828807222
802,2,RF,Both,ME/CFS,0.32862271062488796,0.07856364646265447,0.592813642912458
805,2,RF,ME/CFS,Both,0.4652656000951589,0.0908220412536603,0.44391235865118067
807,2,RF,Both,ME/CFS,0.33490659935339273,0.06020637519403421,0.604887025452573
813,2,RF,ME/CFS,Depression,0.2825166963328341,0.5245771065854938,0.1929061970816722
822,2,RF,Both,Both,0.9273296112808669,0.07267038871913326,0.0
825,2,RF,Depression,Depression,0.00850726124543571,0.9835011800869302,0.007991558667634138
841,2,RF,ME/CFS,ME/CFS,0.3881714675289051,0.0762634019846559,0.5355651304864391
854,2,RF,ME/CFS,ME/CFS,0.0006355620867009551,0.0,0.9993644379132991
857,2,RF,Depression,Depression,0.1728134633605455,0.6683876334163726,0.15879890322308163
868,2,RF,Depression,Depression,0.03119726410917577,0.608404634091151,0.360398101799673
870,2,RF,Depression,Depression,0.11510237219296583,0.8315446664646671,0.05335296134236688
873,2,RF,Both,Both,0.7431736081252305,0.25682639187476963,0.0
880,2,RF,Both,Both,0.9807907039737096,0.016288622949367303,0.002920673076923077
883,2,RF,Depression,Depression,0.015747988402473517,0.9043314381635092,0.07992057343401733
892,2,RF,Both,ME/CFS,0.26596202838528893,0.16785389674839002,0.5661840748663209
895,2,RF,Depression,Depression,0.003418817295723127,0.9946686571589841,0.0019125255452928092
901,2,RF,Depression,Depression,0.06623561206204225,0.8628243894717295,0.07093999846622853
903,2,RF,Both,Both,0.6886038842422652,0.3088810920064715,0.002515023751263618
918,2,RF,Both,ME/CFS,0.3978106195208022,0.03561754286533887,0.5665718376138591
919,2,RF,Depression,Depression,0.01589256707895191,0.9648555980901997,0.019251834830848445
922,2,RF,Depression,Depression,0.011579286042009697,0.9553760525617663,0.03304466139622394
924,2,RF,ME/CFS,ME/CFS,0.0,0.0,1.0
925,2,RF,Depression,Depression,0.0,0.9993650126156435,0.0006349873843566023
931,2,RF,ME/CFS,ME/CFS,0.004471647446498073,0.0032066629207410644,0.9923216896327607
938,2,RF,ME/CFS,Depression,0.1557220181785881,0.6283370847124649,0.21594089710894693
949,2,RF,Depression,Depression,0.0033237219817389024,0.9865079547205255,0.01016832329773552
954,2,RF,Depression,Depression,0.12046968574808067,0.8676828687590878,0.011847445492831303
957,2,RF,Depression,Depression,0.012419276843624361,0.7324969912582258,0.2550837318981497
959,2,RF,Depression,Both,0.8263058732389921,0.17369412676100826,0.0
960,2,RF,ME/CFS,ME/CFS,0.019717919218214572,0.0019335561817669822,0.9783485246000184
973,2,RF,ME/CFS,Depression,0.08828920221548493,0.8117976922294554,0.0999131055550604
983,2,RF,Both,Both,0.7603698268178724,0.20709052644733592,0.03253964673479192
998,2,RF,Depression,ME/CFS,0.06751695209134355,0.22731843945780558,0.7051646084508505
1001,2,RF,ME/CFS,ME/CFS,0.002360860785168447,0.006941703619037126,0.9906974355957944
1004,2,RF,Both,ME/CFS,0.2952430379256565,0.0671994231197557,0.6375575389545881
1005,2,RF,ME/CFS,ME/CFS,0.01135553537960067,0.0022745508517755474,0.9863699137686237
1009,2,RF,Both,ME/CFS,0.20468592400258134,0.154614545883512,0.6406995301139068
1011,2,RF,Depression,Depression,0.007628110947654834,0.9470661207903522,0.045305768261992806
1012,2,RF,Both,ME/CFS,0.31536601563031913,0.05675328730435024,0.6278806970653311
1022,2,RF,ME/CFS,Both,0.5638016353404585,0.026419379478116213,0.40977898518142486
1026,2,RF,ME/CFS,Depression,0.14258504820638043,0.7264146754760352,0.13100027631758437
1027,2,RF,ME/CFS,ME/CFS,0.010820859161625227,0.0031425976385104455,0.9860365431998643
1034,2,RF,Depression,Depression,0.1291227100658455,0.8436413775373504,0.027235912396803584
1037,2,RF,Depression,Depression,0.23808056903173383,0.6997832522727111,0.062136178695554746
1042,2,RF,Depression,Depression,0.02147174388509332,0.7788529993871761,0.1996752567277305
1050,2,RF,ME/CFS,ME/CFS,0.0030782918149466192,0.003578648153038612,0.9933430600320148
1053,2,RF,Depression,Depression,0.01658172580363597,0.9147204118634013,0.06869786233296278
1054,2,RF,ME/CFS,ME/CFS,0.0,0.001113256113256113,0.9988867438867439
1058,2,RF,Depression,Depression,0.08960499832760592,0.6477591073383941,0.2626358943339996
1059,2,RF,Both,Both,0.9428953843947453,0.05315820878430478,0.003946406820950062
1064,2,RF,Both,Both,0.6946632205791724,0.2950641984645995,0.010272580956227762
1070,2,RF,Both,ME/CFS,0.36576185323291294,0.05470489046497634,0.5795332563021112
1073,2,RF,Depression,Depression,0.024135002648595173,0.6120732004586743,0.36379179689272995
1081,2,RF,ME/CFS,Depression,0.04906437171363507,0.8365622663827604,0.11437336190360423
1082,2,RF,Depression,Depression,0.004433231412193074,0.9685516522581097,0.027015116329697154
1086,2,RF,ME/CFS,ME/CFS,0.006886430690511147,0.0006697542370451092,0.9924438150724437
1094,2,RF,ME/CFS,ME/CFS,0.20940896131535924,0.06023361929642866,0.7303574193882124
1096,2,RF,ME/CFS,ME/CFS,0.0062685754052375095,0.00543022690594924,0.9883011976888132
1108,2,RF,Depression,Depression,0.022512961665660244,0.9002303824609719,0.07725665587336783
1109,2,RF,Both,Both,0.9828611086906152,0.012687401138173671,0.004451490171211161
1113,2,RF,Both,ME/CFS,0.4430989135868743,0.041568066216726526,0.5153330201963993
1116,2,RF,Depression,Depression,0.008391333912972287,0.9907964014286091,0.0008122646584185047
1120,2,RF,ME/CFS,ME/CFS,0.014844647457164614,0.0,0.9851553525428355
1122,2,RF,ME/CFS,ME/CFS,0.00871290689305203,0.007982711166135003,0.9833043819408129
1123,2,RF,ME/CFS,ME/CFS,0.0,0.0,1.0
1125,2,RF,Both,Both,0.9450266868123187,0.04945974839117493,0.005513564796506672
1131,2,RF,Depression,Depression,0.11017776915425305,0.83183282697883,0.05798940386691693
1134,2,RF,Depression,Depression,0.0,0.9957952248829103,0.004204775117089651
1147,2,RF,Depression,Depression,0.009569340260975182,0.8885166684104506,0.10191399132857436
1149,2,RF,Depression,Depression,0.008722986871182364,0.969096350124891,0.022180663003926526
1150,2,RF,ME/CFS,ME/CFS,0.4137094095763936,0.07444559372113972,0.5118449967024667
1165,2,RF,ME/CFS,Depression,0.1152289096844029,0.695679087957199,0.18909200235839813
1167,2,RF,Both,Both,0.9695463441593068,0.030453655840693195,0.0
1172,2,RF,Depression,Depression,0.21161219099484355,0.754346535212747,0.034041273792409746
1184,2,RF,ME/CFS,ME/CFS,0.001429752066115702,0.010574286412592903,0.9879959615212911
1185,2,RF,Both,Both,0.5041171344128544,0.026444805000459266,0.4694380605866863
1189,2,RF,Both,Both,0.8497628162093782,0.1502371837906217,0.0
1191,2,RF,Depression,Depression,0.001295025728987993,0.9933241841447474,0.005380790126264496
1195,2,RF,Both,Both,0.7443185676086188,0.23293906985683063,0.022742362534550687
1214,2,RF,Depression,Depression,0.0,1.0,0.0
1230,2,RF,ME/CFS,Depression,0.14198410704060027,0.640562726931425,0.21745316602797438
1231,2,RF,ME/CFS,ME/CFS,0.22719250299361404,0.07017813307653008,0.7026293639298556
1233,2,RF,ME/CFS,ME/CFS,0.0,0.0028043708078510886,0.997195629192149
1239,2,RF,Both,Both,0.9235448419525406,0.07540837772497822,0.0010467803224812574
1251,2,RF,ME/CFS,ME/CFS,0.005589341803686321,0.0,0.9944106581963136
1254,2,RF,ME/CFS,ME/CFS,0.005010378972492795,0.004448788270497039,0.9905408327570102
1257,2,RF,Depression,Depression,0.12184865120450937,0.8604549841597756,0.01769636463571482
1258,2,RF,ME/CFS,ME/CFS,0.3625273037523859,0.061623639876619236,0.5758490563709951
1262,2,RF,Depression,Depression,0.12858571178513667,0.7362385225416687,0.13517576567319448
1263,2,RF,Both,Both,0.972233264553108,0.0277667354468921,0.0
1265,2,RF,Depression,Both,0.938493454763331,0.061506545236669215,0.0
1271,2,RF,ME/CFS,ME/CFS,0.018720206546659093,0.0005641065896972954,0.9807156868636437
1272,2,RF,ME/CFS,ME/CFS,0.47871554462851135,0.029354532417375238,0.49192992295411336
1277,2,RF,Depression,Depression,0.0019798823984242537,0.9938767443671445,0.004143373234431035
1280,2,RF,ME/CFS,Both,0.5548234868965644,0.02625227000078589,0.4189242431026498
1294,2,RF,Depression,Depression,0.2428481526702532,0.7407197685729103,0.016432078756836627
1295,2,RF,Depression,Depression,0.021529299285368713,0.9185543654450153,0.059916335269616025
1313,2,RF,Both,Both,0.9056657262280743,0.09141360069500293,0.002920673076923077
1315,2,RF,Depression,Depression,0.023600927395359076,0.8420665166238794,0.13433255598076163
1321,2,RF,Depression,Depression,0.21077552952724848,0.6363958191561742,0.15282865131657744
1323,2,RF,Depression,Both,0.981953557375322,0.018046442624678048,0.0
1324,2,RF,Depression,Depression,0.0,0.998444625105361,0.0015553748946389773
1331,2,RF,ME/CFS,ME/CFS,0.026841949766601994,0.0013657748010040608,0.9717922754323941
1344,2,RF,Both,Both,0.9112221422813025,0.08877785771869752,0.0
1350,2,RF,ME/CFS,ME/CFS,0.007425629590035644,0.057680909577290225,0.9348934608326741
1351,2,RF,ME/CFS,ME/CFS,0.01566182609296191,0.0016689506975380922,0.9826692232094999
1353,2,RF,ME/CFS,ME/CFS,0.057330660879908846,0.05008521552774669,0.8925841235923444
1355,2,RF,ME/CFS,ME/CFS,0.36857181515365683,0.10061821473629458,0.5308099701100494
1357,2,RF,Both,Both,0.9722933382454673,0.02478598867760979,0.002920673076923077
1358,2,RF,Both,ME/CFS,0.39209585467898994,0.07220833172748703,0.5356958135935233
1360,2,RF,Depression,Depression,0.10407164471305944,0.8571093443506811,0.03881901093625942
1361,2,RF,Both,Both,0.8089390723136806,0.19106092768631944,0.0
1362,2,RF,ME/CFS,Depression,0.0031424520468108052,0.9439342911212791,0.052923256831910015
1364,2,RF,Both,Both,0.9631959206367484,0.034254504292429815,0.00254957507082153
1367,2,RF,ME/CFS,ME/CFS,0.0012672086773451825,0.012913031554813595,0.9858197597678411
1368,2,RF,Both,Both,0.9885909870905413,0.006907621504747132,0.004501391404711624
1370,2,RF,Depression,Depression,0.005247222281443738,0.9856962079666255,0.009056569751930857
1375,2,RF,Depression,Depression,0.38389788610632253,0.608596613540749,0.007505500352928301
1390,2,RF,ME/CFS,ME/CFS,0.0048314320174834445,0.008861557452112274,0.9863070105304041
1393,2,RF,ME/CFS,ME/CFS,0.3482248046656781,0.06087601565214274,0.5908991796821794
1394,2,RF,Both,Both,0.9494530905222986,0.04722788562010709,0.003319023857594585
1396,2,RF,Depression,Depression,0.0015307175895121704,0.992940974054318,0.005528308356169745
1400,2,RF,Depression,Depression,0.0037936089384251396,0.993911380720281,0.002295010341293865
1401,2,RF,Both,Both,0.9187030800881947,0.07657016321751405,0.004726756694291823
1413,2,RF,ME/CFS,ME/CFS,0.0010535931790499392,0.09208525624759943,0.9068611505733508
1415,2,RF,Both,Both,0.9374236679038234,0.05884770166661801,0.0037286304295589766
1416,2,RF,ME/CFS,ME/CFS,0.007552120987123625,0.005671149284178191,0.986776729728698
1429,2,RF,Depression,Depression,0.1945163322095786,0.764574867018893,0.04090880077152779
1430,2,RF,ME/CFS,ME/CFS,0.3355386689097706,0.03370518470943624,0.6307561463807935
1431,2,RF,Depression,ME/CFS,0.3161189630274641,0.21805641798746225,0.4658246189850732
1433,2,RF,Both,Both,0.7839316909476605,0.18937159147175753,0.026696717580582202
1434,2,RF,Depression,Depression,0.01894359078276934,0.957067216164998,0.02398919305223265
1436,2,RF,ME/CFS,ME/CFS,0.010925928362936028,0.005313825270128197,0.9837602463669357
1437,2,RF,Both,Both,0.8717967894613488,0.1282032105386518,0.0
1438,2,RF,Depression,Depression,0.003887744593202883,0.9949324152858665,0.001179840120930676
1445,2,RF,ME/CFS,ME/CFS,0.3357149733476134,0.04960845374583043,0.6146765729065564
1458,2,RF,ME/CFS,Both,0.5859216114563088,0.051302533794502315,0.3627758547491883
1460,2,RF,ME/CFS,Depression,0.06522971343093724,0.8317968482518795,0.10297343831718325
1478,2,RF,ME/CFS,ME/CFS,0.3591661450670342,0.07853383072615315,0.5623000242068128
1479,2,RF,Depression,Depression,0.009882270220312154,0.984059563263396,0.00605816651629174
1487,2,RF,ME/CFS,ME/CFS,0.0049280221792251284,0.0031892939138153235,0.9918826839069596
1489,2,RF,Both,ME/CFS,0.382178168594258,0.11016231381334954,0.5076595175923925
1491,2,RF,Both,Both,0.9316369988767381,0.06836300112326239,0.0
1496,2,RF,ME/CFS,Depression,0.03530827317443429,0.8246552783648404,0.1400364484607257
1497,2,RF,ME/CFS,ME/CFS,0.006569872958257713,0.0,0.9934301270417423
1498,2,RF,ME/CFS,ME/CFS,0.0008341369334619092,0.0,0.9991658630665381
1502,2,RF,ME/CFS,ME/CFS,0.0,0.00921189632649424,0.9907881036735057
1506,2,RF,ME/CFS,ME/CFS,0.0007554585152838428,0.0,0.9992445414847162
1512,2,RF,Depression,Depression,0.3065655730843082,0.6610895669085337,0.032344860007157944
1514,2,RF,ME/CFS,Both,0.5196291802518519,0.031424940197351134,0.44894587955079696
1518,2,RF,ME/CFS,Depression,0.11305715593937983,0.7027930239706481,0.18414982008997197
1519,2,RF,ME/CFS,Both,0.537013386907405,0.024715413122051083,0.4382711999705437
1522,2,RF,ME/CFS,Both,0.4931097261598321,0.027766354437482713,0.47912391940268506
1523,2,RF,ME/CFS,ME/CFS,0.001429752066115702,0.0023729670305619875,0.9961972809033223
1524,2,RF,Both,ME/CFS,0.2125998607203865,0.09730674491912941,0.6900933943604843
1527,2,RF,ME/CFS,ME/CFS,0.0,0.08500130861732767,0.9149986913826723
1534,2,RF,Depression,Depression,0.008392637015938459,0.961612592526745,0.0299947704573164
1535,2,RF,Both,Both,0.9801583291370554,0.01984167086294469,0.0
1543,2,RF,ME/CFS,ME/CFS,0.1223449876190343,0.05692870994149581,0.82072630243947
1550,2,RF,Both,Both,0.9877356606248908,0.012264339375109208,0.0
1551,2,RF,Both,Depression,0.13029375879989366,0.7033598934398068,0.16634634776029894
1562,2,RF,Depression,Depression,0.010350065260654708,0.9866148912947298,0.003035043444615468
1566,2,RF,Depression,ME/CFS,0.3229362750099362,0.08382037205757702,0.5932433529324868
1568,2,RF,ME/CFS,ME/CFS,0.003941890355320965,0.005895662379916605,0.9901624472647622
1576,2,RF,Both,Both,0.985168675874906,0.014831324125094185,0.0
1583,2,RF,Depression,Depression,0.01312584717396337,0.9378403541174833,0.0490337987085533
1590,2,RF,ME/CFS,ME/CFS,0.0036375105130361652,0.006151385239792044,0.9902111042471717
1592,2,RF,Both,Both,0.8189498001782787,0.17834775816440607,0.002702441657315739
1600,2,RF,Depression,Depression,0.007930968040942671,0.942775077968765,0.0492939539902921
1605,2,RF,ME/CFS,ME/CFS,0.0025014459224985543,0.0,0.9974985540775014
1606,2,RF,Depression,Depression,0.008863146777452074,0.9873659499798438,0.0037709032427040864
1610,2,RF,Both,Both,0.9804851261193335,0.01951487388066669,0.0
3,2,Majority,Both,ME/CFS,0.0,0.0,1.0
14,2,Majority,ME/CFS,ME/CFS,0.0,0.0,1.0
16,2,Majority,ME/CFS,ME/CFS,0.0,0.0,1.0
18,2,Majority,ME/CFS,ME/CFS,0.0,0.0,1.0
25,2,Majority,Depression,ME/CFS,0.0,0.0,1.0
31,2,Majority,Depression,ME/CFS,0.0,0.0,1.0
37,2,Majority,Depression,ME/CFS,0.0,0.0,1.0
40,2,Majority,Depression,ME/CFS,0.0,0.0,1.0
45,2,Majority,Depression,ME/CFS,0.0,0.0,1.0
52,2,Majority,Depression,ME/CFS,0.0,0.0,1.0
57,2,Majority,Depression,ME/CFS,0.0,0.0,1.0
62,2,Majority,Depression,ME/CFS,0.0,0.0,1.0
65,2,Majority,ME/CFS,ME/CFS,0.0,0.0,1.0
67,2,Majority,Depression,ME/CFS,0.0,0.0,1.0
68,2,Majority,Both,ME/CFS,0.0,0.0,1.0
72,2,Majority,ME/CFS,ME/CFS,0.0,0.0,1.0
74,2,Majority,ME/CFS,ME/CFS,0.0,0.0,1.0
76,2,Majority,Depression,ME/CFS,0.0,0.0,1.0
89,2,Majority,ME/CFS,ME/CFS,0.0,0.0,1.0
90,2,Majority,ME/CFS,ME/CFS,0.0,0.0,1.0
95,2,Majority,ME/CFS,ME/CFS,0.0,0.0,1.0
102,2,Majority,ME/CFS,ME/CFS,0.0,0.0,1.0
111,2,Majority,Depression,ME/CFS,0.0,0.0,1.0
118,2,Majority,ME/CFS,ME/CFS,0.0,0.0,1.0
126,2,Majority,ME/CFS,ME/CFS,0.0,0.0,1.0
129,2,Majority,ME/CFS,ME/CFS,0.0,0.0,1.0
137,2,Majority,ME/CFS,ME/CFS,0.0,0.0,1.0
139,2,Majority,Depression,ME/CFS,0.0,0.0,1.0
151,2,Majority,Both,ME/CFS,0.0,0.0,1.0
152,2,Majority,ME/CFS,ME/CFS,0.0,0.0,1.0
161,2,Majority,Both,ME/CFS,0.0,0.0,1.0
169,2,Majority,ME/CFS,ME/CFS,0.0,0.0,1.0
172,2,Majority,Depression,ME/CFS,0.0,0.0,1.0
179,2,Majority,ME/CFS,ME/CFS,0.0,0.0,1.0
180,2,Majority,Both,ME/CFS,0.0,0.0,1.0
184,2,Majority,Depression,ME/CFS,0.0,0.0,1.0
191,2,Majority,Depression,ME/CFS,0.0,0.0,1.0
196,2,Majority,ME/CFS,ME/CFS,0.0,0.0,1.0
200,2,Majority,Depression,ME/CFS,0.0,0.0,1.0
203,2,Majority,ME/CFS,ME/CFS,0.0,0.0,1.0
211,2,Majority,ME/CFS,ME/CFS,0.0,0.0,1.0
232,2,Majority,ME/CFS,ME/CFS,0.0,0.0,1.0
236,2,Majority,Depression,ME/CFS,0.0,0.0,1.0
238,2,Majority,Both,ME/CFS,0.0,0.0,1.0
244,2,Majority,Both,ME/CFS,0.0,0.0,1.0
247,2,Majority,Both,ME/CFS,0.0,0.0,1.0
260,2,Majority,Depression,ME/CFS,0.0,0.0,1.0
261,2,Majority,Depression,ME/CFS,0.0,0.0,1.0
266,2,Majority,Both,ME/CFS,0.0,0.0,1.0
269,2,Majority,Depression,ME/CFS,0.0,0.0,1.0
279,2,Majority,Both,ME/CFS,0.0,0.0,1.0
285,2,Majority,Depression,ME/CFS,0.0,0.0,1.0
289,2,Majority,Both,ME/CFS,0.0,0.0,1.0
291,2,Majority,ME/CFS,ME/CFS,0.0,0.0,1.0
292,2,Majority,ME/CFS,ME/CFS,0.0,0.0,1.0
298,2,Majority,ME/CFS,ME/CFS,0.0,0.0,1.0
301,2,Majority,Depression,ME/CFS,0.0,0.0,1.0
307,2,Majority,ME/CFS,ME/CFS,0.0,0.0,1.0
309,2,Majority,ME/CFS,ME/CFS,0.0,0.0,1.0
314,2,Majority,Both,ME/CFS,0.0,0.0,1.0
315,2,Majority,Depression,ME/CFS,0.0,0.0,1.0
321,2,Majority,Depression,ME/CFS,0.0,0.0,1.0
326,2,Majority,ME/CFS,ME/CFS,0.0,0.0,1.0
328,2,Majority,Both,ME/CFS,0.0,0.0,1.0
342,2,Majority,ME/CFS,ME/CFS,0.0,0.0,1.0
343,2,Majority,Depression,ME/CFS,0.0,0.0,1.0
349,2,Majority,ME/CFS,ME/CFS,0.0,0.0,1.0
355,2,Majority,Depression,ME/CFS,0.0,0.0,1.0
361,2,Majority,Both,ME/CFS,0.0,0.0,1.0
363,2,Majority,ME/CFS,ME/CFS,0.0,0.0,1.0
367,2,Majority,ME/CFS,ME/CFS,0.0,0.0,1.0
380,2,Majority,ME/CFS,ME/CFS,0.0,0.0,1.0
387,2,Majority,Depression,ME/CFS,0.0,0.0,1.0
390,2,Majority,ME/CFS,ME/CFS,0.0,0.0,1.0
395,2,Majority,ME/CFS,ME/CFS,0.0,0.0,1.0
402,2,Majority,Both,ME/CFS,0.0,0.0,1.0
409,2,Majority,ME/CFS,ME/CFS,0.0,0.0,1.0
418,2,Majority,Both,ME/CFS,0.0,0.0,1.0
420,2,Majority,Depression,ME/CFS,0.0,0.0,1.0
424,2,Majority,ME/CFS,ME/CFS,0.0,0.0,1.0
427,2,Majority,Depression,ME/CFS,0.0,0.0,1.0
437,2,Majority,Depression,ME/CFS,0.0,0.0,1.0
443,2,Majority,ME/CFS,ME/CFS,0.0,0.0,1.0
444,2,Majority,ME/CFS,ME/CFS,0.0,0.0,1.0
448,2,Majority,Depression,ME/CFS,0.0,0.0,1.0
449,2,Majority,Depression,ME/CFS,0.0,0.0,1.0
455,2,Majority,Both,ME/CFS,0.0,0.0,1.0
457,2,Majority,Depression,ME/CFS,0.0,0.0,1.0
460,2,Majority,Depression,ME/CFS,0.0,0.0,1.0
476,2,Majority,Depression,ME/CFS,0.0,0.0,1.0
478,2,Majority,Depression,ME/CFS,0.0,0.0,1.0
485,2,Majority,Both,ME/CFS,0.0,0.0,1.0
491,2,Majority,Depression,ME/CFS,0.0,0.0,1.0
502,2,Majority,ME/CFS,ME/CFS,0.0,0.0,1.0
503,2,Majority,Both,ME/CFS,0.0,0.0,1.0
505,2,Majority,ME/CFS,ME/CFS,0.0,0.0,1.0
520,2,Majority,Both,ME/CFS,0.0,0.0,1.0
523,2,Majority,ME/CFS,ME/CFS,0.0,0.0,1.0
524,2,Majority,Both,ME/CFS,0.0,0.0,1.0
528,2,Majority,Both,ME/CFS,0.0,0.0,1.0
534,2,Majority,ME/CFS,ME/CFS,0.0,0.0,1.0
540,2,Majority,Both,ME/CFS,0.0,0.0,1.0
543,2,Majority,ME/CFS,ME/CFS,0.0,0.0,1.0
550,2,Majority,Both,ME/CFS,0.0,0.0,1.0
552,2,Majority,Depression,ME/CFS,0.0,0.0,1.0
553,2,Majority,ME/CFS,ME/CFS,0.0,0.0,1.0
555,2,Majority,Depression,ME/CFS,0.0,0.0,1.0
557,2,Majority,ME/CFS,ME/CFS,0.0,0.0,1.0
570,2,Majority,Depression,ME/CFS,0.0,0.0,1.0
577,2,Majority,Both,ME/CFS,0.0,0.0,1.0
580,2,Majority,Depression,ME/CFS,0.0,0.0,1.0
588,2,Majority,ME/CFS,ME/CFS,0.0,0.0,1.0
592,2,Majority,ME/CFS,ME/CFS,0.0,0.0,1.0
597,2,Majority,ME/CFS,ME/CFS,0.0,0.0,1.0
601,2,Majority,Both,ME/CFS,0.0,0.0,1.0
606,2,Majority,ME/CFS,ME/CFS,0.0,0.0,1.0
609,2,Majority,ME/CFS,ME/CFS,0.0,0.0,1.0
618,2,Majority,Depression,ME/CFS,0.0,0.0,1.0
621,2,Majority,Depression,ME/CFS,0.0,0.0,1.0
622,2,Majority,Both,ME/CFS,0.0,0.0,1.0
643,2,Majority,Depression,ME/CFS,0.0,0.0,1.0
644,2,Majority,ME/CFS,ME/CFS,0.0,0.0,1.0
646,2,Majority,ME/CFS,ME/CFS,0.0,0.0,1.0
647,2,Majority,ME/CFS,ME/CFS,0.0,0.0,1.0
648,2,Majority,Both,ME/CFS,0.0,0.0,1.0
653,2,Majority,Depression,ME/CFS,0.0,0.0,1.0
657,2,Majority,ME/CFS,ME/CFS,0.0,0.0,1.0
659,2,Majority,ME/CFS,ME/CFS,0.0,0.0,1.0
671,2,Majority,Both,ME/CFS,0.0,0.0,1.0
676,2,Majority,Both,ME/CFS,0.0,0.0,1.0
687,2,Majority,ME/CFS,ME/CFS,0.0,0.0,1.0
699,2,Majority,Depression,ME/CFS,0.0,0.0,1.0
702,2,Majority,ME/CFS,ME/CFS,0.0,0.0,1.0
705,2,Majority,Both,ME/CFS,0.0,0.0,1.0
710,2,Majority,Depression,ME/CFS,0.0,0.0,1.0
720,2,Majority,ME/CFS,ME/CFS,0.0,0.0,1.0
724,2,Majority,Depression,ME/CFS,0.0,0.0,1.0
725,2,Majority,Both,ME/CFS,0.0,0.0,1.0
736,2,Majority,Depression,ME/CFS,0.0,0.0,1.0
739,2,Majority,Both,ME/CFS,0.0,0.0,1.0
742,2,Majority,Both,ME/CFS,0.0,0.0,1.0
750,2,Majority,Depression,ME/CFS,0.0,0.0,1.0
751,2,Majority,ME/CFS,ME/CFS,0.0,0.0,1.0
752,2,Majority,Both,ME/CFS,0.0,0.0,1.0
755,2,Majority,Depression,ME/CFS,0.0,0.0,1.0
764,2,Majority,ME/CFS,ME/CFS,0.0,0.0,1.0
765,2,Majority,Depression,ME/CFS,0.0,0.0,1.0
771,2,Majority,ME/CFS,ME/CFS,0.0,0.0,1.0
772,2,Majority,Depression,ME/CFS,0.0,0.0,1.0
773,2,Majority,Depression,ME/CFS,0.0,0.0,1.0
793,2,Majority,Depression,ME/CFS,0.0,0.0,1.0
798,2,Majority,Both,ME/CFS,0.0,0.0,1.0
802,2,Majority,Both,ME/CFS,0.0,0.0,1.0
805,2,Majority,ME/CFS,ME/CFS,0.0,0.0,1.0
807,2,Majority,Both,ME/CFS,0.0,0.0,1.0
813,2,Majority,ME/CFS,ME/CFS,0.0,0.0,1.0
822,2,Majority,Both,ME/CFS,0.0,0.0,1.0
825,2,Majority,Depression,ME/CFS,0.0,0.0,1.0
841,2,Majority,ME/CFS,ME/CFS,0.0,0.0,1.0
854,2,Majority,ME/CFS,ME/CFS,0.0,0.0,1.0
857,2,Majority,Depression,ME/CFS,0.0,0.0,1.0
868,2,Majority,Depression,ME/CFS,0.0,0.0,1.0
870,2,Majority,Depression,ME/CFS,0.0,0.0,1.0
873,2,Majority,Both,ME/CFS,0.0,0.0,1.0
880,2,Majority,Both,ME/CFS,0.0,0.0,1.0
883,2,Majority,Depression,ME/CFS,0.0,0.0,1.0
892,2,Majority,Both,ME/CFS,0.0,0.0,1.0
895,2,Majority,Depression,ME/CFS,0.0,0.0,1.0
901,2,Majority,Depression,ME/CFS,0.0,0.0,1.0
903,2,Majority,Both,ME/CFS,0.0,0.0,1.0
918,2,Majority,Both,ME/CFS,0.0,0.0,1.0
919,2,Majority,Depression,ME/CFS,0.0,0.0,1.0
922,2,Majority,Depression,ME/CFS,0.0,0.0,1.0
924,2,Majority,ME/CFS,ME/CFS,0.0,0.0,1.0
925,2,Majority,Depression,ME/CFS,0.0,0.0,1.0
931,2,Majority,ME/CFS,ME/CFS,0.0,0.0,1.0
938,2,Majority,ME/CFS,ME/CFS,0.0,0.0,1.0
949,2,Majority,Depression,ME/CFS,0.0,0.0,1.0
954,2,Majority,Depression,ME/CFS,0.0,0.0,1.0
957,2,Majority,Depression,ME/CFS,0.0,0.0,1.0
959,2,Majority,Depression,ME/CFS,0.0,0.0,1.0
960,2,Majority,ME/CFS,ME/CFS,0.0,0.0,1.0
973,2,Majority,ME/CFS,ME/CFS,0.0,0.0,1.0
983,2,Majority,Both,ME/CFS,0.0,0.0,1.0
998,2,Majority,Depression,ME/CFS,0.0,0.0,1.0
1001,2,Majority,ME/CFS,ME/CFS,0.0,0.0,1.0
1004,2,Majority,Both,ME/CFS,0.0,0.0,1.0
1005,2,Majority,ME/CFS,ME/CFS,0.0,0.0,1.0
1009,2,Majority,Both,ME/CFS,0.0,0.0,1.0
1011,2,Majority,Depression,ME/CFS,0.0,0.0,1.0
1012,2,Majority,Both,ME/CFS,0.0,0.0,1.0
1022,2,Majority,ME/CFS,ME/CFS,0.0,0.0,1.0
1026,2,Majority,ME/CFS,ME/CFS,0.0,0.0,1.0
1027,2,Majority,ME/CFS,ME/CFS,0.0,0.0,1.0
1034,2,Majority,Depression,ME/CFS,0.0,0.0,1.0
1037,2,Majority,Depression,ME/CFS,0.0,0.0,1.0
1042,2,Majority,Depression,ME/CFS,0.0,0.0,1.0
1050,2,Majority,ME/CFS,ME/CFS,0.0,0.0,1.0
1053,2,Majority,Depression,ME/CFS,0.0,0.0,1.0
1054,2,Majority,ME/CFS,ME/CFS,0.0,0.0,1.0
1058,2,Majority,Depression,ME/CFS,0.0,0.0,1.0
1059,2,Majority,Both,ME/CFS,0.0,0.0,1.0
1064,2,Majority,Both,ME/CFS,0.0,0.0,1.0
1070,2,Majority,Both,ME/CFS,0.0,0.0,1.0
1073,2,Majority,Depression,ME/CFS,0.0,0.0,1.0
1081,2,Majority,ME/CFS,ME/CFS,0.0,0.0,1.0
1082,2,Majority,Depression,ME/CFS,0.0,0.0,1.0
1086,2,Majority,ME/CFS,ME/CFS,0.0,0.0,1.0
1094,2,Majority,ME/CFS,ME/CFS,0.0,0.0,1.0
1096,2,Majority,ME/CFS,ME/CFS,0.0,0.0,1.0
1108,2,Majority,Depression,ME/CFS,0.0,0.0,1.0
1109,2,Majority,Both,ME/CFS,0.0,0.0,1.0
1113,2,Majority,Both,ME/CFS,0.0,0.0,1.0
1116,2,Majority,Depression,ME/CFS,0.0,0.0,1.0
1120,2,Majority,ME/CFS,ME/CFS,0.0,0.0,1.0
1122,2,Majority,ME/CFS,ME/CFS,0.0,0.0,1.0
1123,2,Majority,ME/CFS,ME/CFS,0.0,0.0,1.0
1125,2,Majority,Both,ME/CFS,0.0,0.0,1.0
1131,2,Majority,Depression,ME/CFS,0.0,0.0,1.0
1134,2,Majority,Depression,ME/CFS,0.0,0.0,1.0
1147,2,Majority,Depression,ME/CFS,0.0,0.0,1.0
1149,2,Majority,Depression,ME/CFS,0.0,0.0,1.0
1150,2,Majority,ME/CFS,ME/CFS,0.0,0.0,1.0
1165,2,Majority,ME/CFS,ME/CFS,0.0,0.0,1.0
1167,2,Majority,Both,ME/CFS,0.0,0.0,1.0
1172,2,Majority,Depression,ME/CFS,0.0,0.0,1.0
1184,2,Majority,ME/CFS,ME/CFS,0.0,0.0,1.0
1185,2,Majority,Both,ME/CFS,0.0,0.0,1.0
1189,2,Majority,Both,ME/CFS,0.0,0.0,1.0
1191,2,Majority,Depression,ME/CFS,0.0,0.0,1.0
1195,2,Majority,Both,ME/CFS,0.0,0.0,1.0
1214,2,Majority,Depression,ME/CFS,0.0,0.0,1.0
1230,2,Majority,ME/CFS,ME/CFS,0.0,0.0,1.0
1231,2,Majority,ME/CFS,ME/CFS,0.0,0.0,1.0
1233,2,Majority,ME/CFS,ME/CFS,0.0,0.0,1.0
1239,2,Majority,Both,ME/CFS,0.0,0.0,1.0
1251,2,Majority,ME/CFS,ME/CFS,0.0,0.0,1.0
1254,2,Majority,ME/CFS,ME/CFS,0.0,0.0,1.0
1257,2,Majority,Depression,ME/CFS,0.0,0.0,1.0
1258,2,Majority,ME/CFS,ME/CFS,0.0,0.0,1.0
1262,2,Majority,Depression,ME/CFS,0.0,0.0,1.0
1263,2,Majority,Both,ME/CFS,0.0,0.0,1.0
1265,2,Majority,Depression,ME/CFS,0.0,0.0,1.0
1271,2,Majority,ME/CFS,ME/CFS,0.0,0.0,1.0
1272,2,Majority,ME/CFS,ME/CFS,0.0,0.0,1.0
1277,2,Majority,Depression,ME/CFS,0.0,0.0,1.0
1280,2,Majority,ME/CFS,ME/CFS,0.0,0.0,1.0
1294,2,Majority,Depression,ME/CFS,0.0,0.0,1.0
1295,2,Majority,Depression,ME/CFS,0.0,0.0,1.0
1313,2,Majority,Both,ME/CFS,0.0,0.0,1.0
1315,2,Majority,Depression,ME/CFS,0.0,0.0,1.0
1321,2,Majority,Depression,ME/CFS,0.0,0.0,1.0
1323,2,Majority,Depression,ME/CFS,0.0,0.0,1.0
1324,2,Majority,Depression,ME/CFS,0.0,0.0,1.0
1331,2,Majority,ME/CFS,ME/CFS,0.0,0.0,1.0
1344,2,Majority,Both,ME/CFS,0.0,0.0,1.0
1350,2,Majority,ME/CFS,ME/CFS,0.0,0.0,1.0
1351,2,Majority,ME/CFS,ME/CFS,0.0,0.0,1.0
1353,2,Majority,ME/CFS,ME/CFS,0.0,0.0,1.0
1355,2,Majority,ME/CFS,ME/CFS,0.0,0.0,1.0
1357,2,Majority,Both,ME/CFS,0.0,0.0,1.0
1358,2,Majority,Both,ME/CFS,0.0,0.0,1.0
1360,2,Majority,Depression,ME/CFS,0.0,0.0,1.0
1361,2,Majority,Both,ME/CFS,0.0,0.0,1.0
1362,2,Majority,ME/CFS,ME/CFS,0.0,0.0,1.0
1364,2,Majority,Both,ME/CFS,0.0,0.0,1.0
1367,2,Majority,ME/CFS,ME/CFS,0.0,0.0,1.0
1368,2,Majority,Both,ME/CFS,0.0,0.0,1.0
1370,2,Majority,Depression,ME/CFS,0.0,0.0,1.0
1375,2,Majority,Depression,ME/CFS,0.0,0.0,1.0
1390,2,Majority,ME/CFS,ME/CFS,0.0,0.0,1.0
1393,2,Majority,ME/CFS,ME/CFS,0.0,0.0,1.0
1394,2,Majority,Both,ME/CFS,0.0,0.0,1.0
1396,2,Majority,Depression,ME/CFS,0.0,0.0,1.0
1400,2,Majority,Depression,ME/CFS,0.0,0.0,1.0
1401,2,Majority,Both,ME/CFS,0.0,0.0,1.0
1413,2,Majority,ME/CFS,ME/CFS,0.0,0.0,1.0
1415,2,Majority,Both,ME/CFS,0.0,0.0,1.0
1416,2,Majority,ME/CFS,ME/CFS,0.0,0.0,1.0
1429,2,Majority,Depression,ME/CFS,0.0,0.0,1.0
1430,2,Majority,ME/CFS,ME/CFS,0.0,0.0,1.0
1431,2,Majority,Depression,ME/CFS,0.0,0.0,1.0
1433,2,Majority,Both,ME/CFS,0.0,0.0,1.0
1434,2,Majority,Depression,ME/CFS,0.0,0.0,1.0
1436,2,Majority,ME/CFS,ME/CFS,0.0,0.0,1.0
1437,2,Majority,Both,ME/CFS,0.0,0.0,1.0
1438,2,Majority,Depression,ME/CFS,0.0,0.0,1.0
1445,2,Majority,ME/CFS,ME/CFS,0.0,0.0,1.0
1458,2,Majority,ME/CFS,ME/CFS,0.0,0.0,1.0
1460,2,Majority,ME/CFS,ME/CFS,0.0,0.0,1.0
1478,2,Majority,ME/CFS,ME/CFS,0.0,0.0,1.0
1479,2,Majority,Depression,ME/CFS,0.0,0.0,1.0
1487,2,Majority,ME/CFS,ME/CFS,0.0,0.0,1.0
1489,2,Majority,Both,ME/CFS,0.0,0.0,1.0
1491,2,Majority,Both,ME/CFS,0.0,0.0,1.0
1496,2,Majority,ME/CFS,ME/CFS,0.0,0.0,1.0
1497,2,Majority,ME/CFS,ME/CFS,0.0,0.0,1.0
1498,2,Majority,ME/CFS,ME/CFS,0.0,0.0,1.0
1502,2,Majority,ME/CFS,ME/CFS,0.0,0.0,1.0
1506,2,Majority,ME/CFS,ME/CFS,0.0,0.0,1.0
1512,2,Majority,Depression,ME/CFS,0.0,0.0,1.0
1514,2,Majority,ME/CFS,ME/CFS,0.0,0.0,1.0
1518,2,Majority,ME/CFS,ME/CFS,0.0,0.0,1.0
1519,2,Majority,ME/CFS,ME/CFS,0.0,0.0,1.0
1522,2,Majority,ME/CFS,ME/CFS,0.0,0.0,1.0
1523,2,Majority,ME/CFS,ME/CFS,0.0,0.0,1.0
1524,2,Majority,Both,ME/CFS,0.0,0.0,1.0
1527,2,Majority,ME/CFS,ME/CFS,0.0,0.0,1.0
1534,2,Majority,Depression,ME/CFS,0.0,0.0,1.0
1535,2,Majority,Both,ME/CFS,0.0,0.0,1.0
1543,2,Majority,ME/CFS,ME/CFS,0.0,0.0,1.0
1550,2,Majority,Both,ME/CFS,0.0,0.0,1.0
1551,2,Majority,Both,ME/CFS,0.0,0.0,1.0
1562,2,Majority,Depression,ME/CFS,0.0,0.0,1.0
1566,2,Majority,Depression,ME/CFS,0.0,0.0,1.0
1568,2,Majority,ME/CFS,ME/CFS,0.0,0.0,1.0
1576,2,Majority,Both,ME/CFS,0.0,0.0,1.0
1583,2,Majority,Depression,ME/CFS,0.0,0.0,1.0
1590,2,Majority,ME/CFS,ME/CFS,0.0,0.0,1.0
1592,2,Majority,Both,ME/CFS,0.0,0.0,1.0
1600,2,Majority,Depression,ME/CFS,0.0,0.0,1.0
1605,2,Majority,ME/CFS,ME/CFS,0.0,0.0,1.0
1606,2,Majority,Depression,ME/CFS,0.0,0.0,1.0
1610,2,Majority,Both,ME/CFS,0.0,0.0,1.0
6,3,LR,ME/CFS,ME/CFS,0.0030431989348254536,0.2350753139348826,0.761881487130292
8,3,LR,ME/CFS,ME/CFS,0.007279169639004947,0.013704635534640613,0.9790161948263545
9,3,LR,Depression,Both,0.5030643616442438,0.027204015189041454,0.4697316231667148
13,3,LR,Depression,Depression,0.022355513228041374,0.9246381580789748,0.053006328692984016
17,3,LR,Depression,Depression,0.002941124722146719,0.9218661867455794,0.07519268853227401
20,3,LR,ME/CFS,ME/CFS,0.1172091382934215,0.03232810534052649,0.8504627563660521
21,3,LR,ME/CFS,ME/CFS,0.2775263122380504,0.1526383960120604,0.5698352917498892
22,3,LR,Both,Both,0.9519366687432316,0.0354116614698922,0.012651669786876136
30,3,LR,ME/CFS,Both,0.6179452037781484,0.024960638265732717,0.3570941579561188
32,3,LR,ME/CFS,ME/CFS,0.08266477712961744,0.04388106084739831,0.8734541620229842
34,3,LR,Depression,Depression,0.36550400092909113,0.6249654261973332,0.009530572873575761
36,3,LR,Both,Both,0.7717794664230175,0.0254484959558972,0.20277203762108534
41,3,LR,ME/CFS,Both,0.6619136627679254,0.026209342168795446,0.3118769950632792
42,3,LR,Depression,Depression,0.00831849695193409,0.9567963238972939,0.034885179150772
50,3,LR,ME/CFS,ME/CFS,0.013796245859907429,0.0062153347430856706,0.979988419397007
51,3,LR,Both,ME/CFS,0.3906972283117053,0.12581112158410268,0.4834916501041921
56,3,LR,ME/CFS,ME/CFS,0.2722238720693905,0.052319369371652914,0.6754567585589565
59,3,LR,ME/CFS,Both,0.5106702990772541,0.023823905101101023,0.46550579582164486
63,3,LR,Depression,Depression,0.0042330445929320655,0.9802279543912561,0.015539001015811868
64,3,LR,ME/CFS,ME/CFS,0.05306973054518706,0.003511047410270979,0.9434192220445421
77,3,LR,Depression,Depression,0.3741005678020402,0.4555664397518773,0.17033299244608258
78,3,LR,ME/CFS,ME/CFS,0.0488928255341369,0.009581475248244131,0.9415256992176189
87,3,LR,ME/CFS,Depression,0.03127458252004191,0.8796785993215384,0.08904681815841968
93,3,LR,ME/CFS,Depression,0.02033161738237682,0.7396859141253789,0.23998246849224425
98,3,LR,ME/CFS,ME/CFS,0.19048264697374886,0.32144849119684893,0.4880688618294021
109,3,LR,Both,Both,0.9462032496204396,0.02029037808249819,0.0335063722970621
112,3,LR,Both,Both,0.8366215736949869,0.032335519817176334,0.13104290648783684
113,3,LR,Depression,Depression,0.019599059100489077,0.744967594101054,0.23543334679845684
116,3,LR,Depression,Depression,0.02393677909255268,0.6098057255529091,0.36625749535453833
128,3,LR,Both,Both,0.9792338899630515,0.010265463566315379,0.010500646470633248
133,3,LR,ME/CFS,ME/CFS,0.029356732171632743,0.05068834452500098,0.9199549233033663
138,3,LR,Both,Both,0.9480333305246416,0.03312762535397852,0.018839044121379805
158,3,LR,Both,Both,0.956114359056035,0.03574390484581077,0.008141736098154237
159,3,LR,Both,Both,0.7108184254224371,0.09800442360573294,0.1911771509718299
163,3,LR,ME/CFS,ME/CFS,0.11923120324316373,0.008440822191514884,0.8723279745653215
166,3,LR,Both,Both,0.7206250051932809,0.059668949741488994,0.21970604506523017
168,3,LR,Both,Both,0.8187925593614231,0.014738966607997417,0.16646847403057954
173,3,LR,ME/CFS,ME/CFS,0.10194232794195275,0.0345057900504806,0.8635518820075666
182,3,LR,Both,Both,0.95333874683044,0.029268227937270082,0.017393025232289926
183,3,LR,Depression,Depression,0.0033234875188650273,0.9964814773606651,0.0001950351204699675
186,3,LR,ME/CFS,ME/CFS,0.10307133656215485,0.09568591413208938,0.8012427493057558
187,3,LR,Depression,Depression,0.00441056696844453,0.9953516168928527,0.00023781613870288396
188,3,LR,Depression,Depression,0.13268507559351644,0.7897728036652479,0.07754212074123555
189,3,LR,ME/CFS,Both,0.6154032776239499,0.06086969801004402,0.32372702436600603
190,3,LR,Depression,Depression,0.010121490558272635,0.9688451139007597,0.021033395540967625
197,3,LR,Depression,Depression,0.08351504679353389,0.5707030655869718,0.3457818876194943
202,3,LR,Depression,Depression,0.014322241383882509,0.9827702445990064,0.0029075140171111267
208,3,LR,Depression,Depression,0.049230840110322,0.9473432999341148,0.0034258599555632386
213,3,LR,ME/CFS,ME/CFS,0.36450995177763335,0.013216584134686842,0.6222734640876797
219,3,LR,Depression,Depression,0.007709058644625842,0.991959849830345,0.0003310915250291425
222,3,LR,ME/CFS,ME/CFS,0.47354898022985753,0.021462977905515237,0.5049880418646273
226,3,LR,Both,Depression,0.28252226962656213,0.4585388624676528,0.2589388679057851
228,3,LR,Depression,Depression,0.006946076813537451,0.8345920314717296,0.15846189171473304
230,3,LR,Both,Both,0.966701490793025,0.02699269441283723,0.00630581479413773
231,3,LR,Both,Both,0.6247350862723329,0.11987750437909958,0.25538740934856746
240,3,LR,Both,Both,0.9466145759268605,0.01655055537278985,0.036834868700349674
243,3,LR,Depression,Depression,0.054189493089107955,0.5373145456689215,0.4084959612419705
258,3,LR,ME/CFS,ME/CFS,0.030666822590477285,0.013869741779982288,0.9554634356295404
264,3,LR,Depression,Depression,0.21802152427854884,0.6720483336341216,0.10993014208732949
267,3,LR,ME/CFS,ME/CFS,0.3383223845856096,0.16720950785034058,0.49446810756404985
272,3,LR,ME/CFS,ME/CFS,0.02805207893200113,0.002121504417937636,0.9698264166500613
276,3,LR,Depression,Depression,0.02969974639451158,0.8773496564727945,0.09295059713269385
280,3,LR,Depression,Depression,0.05293023437034496,0.7597849693862214,0.18728479624343372
283,3,LR,ME/CFS,ME/CFS,0.009257858411955712,0.053341319201394774,0.9374008223866495
284,3,LR,ME/CFS,Both,0.3863817772326103,0.280203554784791,0.33341466798259883
290,3,LR,ME/CFS,Both,0.7955169336794584,0.017401724347039772,0.18708134197350176
293,3,LR,ME/CFS,ME/CFS,0.050464682190528944,0.010774113886053824,0.9387612039234172
300,3,LR,Depression,Both,0.4683198878972994,0.36118727565918557,0.17049283644351498
303,3,LR,ME/CFS,ME/CFS,0.14854630806646166,0.08396276490460192,0.7674909270289365
308,3,LR,ME/CFS,ME/CFS,0.26850590258534235,0.11049298173717202,0.6210011156774857
312,3,LR,Depression,Depression,0.40868485377984226,0.5758803721569772,0.0154347740631804
313,3,LR,ME/CFS,Depression,0.010783924154067885,0.8575264486384184,0.13168962720751368
318,3,LR,Both,ME/CFS,0.16133854914685414,0.041633585371775694,0.7970278654813703
323,3,LR,ME/CFS,ME/CFS,0.06289407804255966,0.03302746261061716,0.9040784593468233
324,3,LR,ME/CFS,ME/CFS,0.043587087026065306,0.006201170268966289,0.9502117427049683
325,3,LR,Depression,Depression,0.44204535756306856,0.5494633252510591,0.008491317185872243
330,3,LR,Depression,Both,0.49031506039314676,0.48184632886723167,0.027838610739621707
331,3,LR,ME/CFS,ME/CFS,0.02672306978948672,0.16507093245173288,0.8082059977587804
335,3,LR,Depression,Depression,0.022454065551734306,0.9252670527888611,0.052278881659404475
337,3,LR,Both,Both,0.6199290763488866,0.04370254338621848,0.33636838026489485
338,3,LR,Depression,Depression,0.0911960763928065,0.739169290531021,0.1696346330761726
340,3,LR,ME/CFS,ME/CFS,0.32575488550650944,0.31733377188181566,0.3569113426116748
347,3,LR,Both,ME/CFS,0.18872315427854877,0.08740684257367001,0.7238700031477812
360,3,LR,ME/CFS,ME/CFS,0.1518598359157534,0.23750887035019472,0.6106312937340519
368,3,LR,ME/CFS,ME/CFS,0.1556540684957676,0.21607663102894165,0.6282693004752907
375,3,LR,Both,Both,0.4741679681705001,0.43657481288956324,0.08925721893993672
379,3,LR,Both,Both,0.9731726950668721,0.016008197995379454,0.010819106937748551
381,3,LR,Both,Both,0.9725102152110472,0.023352706772125382,0.004137078016827419
383,3,LR,ME/CFS,Both,0.4874983738192184,0.029116381367849102,0.48338524481293255
388,3,LR,ME/CFS,ME/CFS,0.03294983656543028,0.009726000220693285,0.9573241632138765
398,3,LR,ME/CFS,ME/CFS,0.11306966894723838,0.34419346279083163,0.54273686826193
401,3,LR,Depression,Depression,0.01993099961449658,0.9292178492558063,0.05085115112969725
405,3,LR,Both,Both,0.9669305465771435,0.011438829201771283,0.021630624221085228
410,3,LR,Depression,Depression,0.03248644188521735,0.9639228279848592,0.0035907301299234065
430,3,LR,Both,Both,0.48016259417895024,0.15937017067933704,0.3604672351417128
438,3,LR,ME/CFS,ME/CFS,0.252091379183082,0.038265546180278415,0.7096430746366397
441,3,LR,ME/CFS,Both,0.5820850501467741,0.015664940092186073,0.4022500097610398
442,3,LR,Depression,ME/CFS,0.2016756768740598,0.2981415927015858,0.5001827304243545
464,3,LR,Depression,Depression,0.0064483578825182105,0.9853784422995937,0.00817319981788814
465,3,LR,ME/CFS,Both,0.7852616022894365,0.017587906822200752,0.19715049088836273
469,3,LR,Both,ME/CFS,0.34881259290755784,0.17912023345563066,0.4720671736368115
472,3,LR,Both,Both,0.9534848115125898,0.011543024303045072,0.03497216418436511
480,3,LR,Depression,ME/CFS,0.051424754129439365,0.442072055014277,0.5065031908562837
481,3,LR,ME/CFS,ME/CFS,0.3959317963375693,0.009130646889794834,0.5949375567726358
496,3,LR,Depression,Depression,0.006181534898315736,0.9482888940890944,0.04552957101258982
501,3,LR,ME/CFS,Both,0.6535046930561428,0.017456742642938318,0.329038564300919
511,3,LR,ME/CFS,ME/CFS,0.060103934570396686,0.01117046521892437,0.928725600210679
513,3,LR,ME/CFS,ME/CFS,0.0416266724865408,0.04929845275391795,0.9090748747595413
518,3,LR,Depression,Depression,0.04279626015798362,0.9525390437914824,0.004664696050534051
527,3,LR,Both,Both,0.8393237240840308,0.14045730365015294,0.02021897226581616
529,3,LR,ME/CFS,ME/CFS,0.16125929724034,0.11354572740564872,0.7251949753540113
535,3,LR,ME/CFS,ME/CFS,0.2956620484486575,0.257460470117476,0.4468774814338666
542,3,LR,Depression,Depression,0.02077285352430593,0.8070556933067975,0.17217145316889645
546,3,LR,ME/CFS,Both,0.3584645815880051,0.32278716729175955,0.3187482511202354
547,3,LR,ME/CFS,Depression,0.12044435076096145,0.654871356231035,0.2246842930080035
548,3,LR,Both,Both,0.9602343616017078,0.02008260429920306,0.019683034099089187
549,3,LR,Depression,Depression,0.002916420577572325,0.9907425247307181,0.006341054691709444
558,3,LR,ME/CFS,Depression,0.10817812198129914,0.5046837397921882,0.3871381382265127
559,3,LR,Depression,Depression,0.008803679202396567,0.9415169529298549,0.04967936786774851
561,3,LR,ME/CFS,Both,0.6174482526090288,0.03937545653507535,0.34317629085589596
562,3,LR,Depression,Depression,0.0027288029465304645,0.8663502418719191,0.1309209551815505
565,3,LR,ME/CFS,ME/CFS,0.4009390181297831,0.1617193457872082,0.4373416360830087
571,3,LR,Both,Both,0.9312812849424771,0.06054923915507183,0.008169475902451115
573,3,LR,ME/CFS,ME/CFS,0.01455901374833083,0.01000684168891756,0.9754341445627516
579,3,LR,Depression,Depression,0.025401854375527146,0.9697656804521211,0.004832465172351754
583,3,LR,Depression,Depression,0.002404747084345923,0.9788377090403827,0.018757543875271475
590,3,LR,Depression,Depression,0.010293749239236944,0.9271207837323782,0.06258546702838491
595,3,LR,Depression,Depression,0.022431366351195133,0.9253245704421872,0.05224406320661768
599,3,LR,Depression,Depression,0.0459568873371735,0.9238715616553472,0.030171551007479112
600,3,LR,Both,Both,0.7005239791371606,0.09579107782540555,0.20368494303743379
611,3,LR,ME/CFS,Both,0.4076479563911685,0.19523364895287001,0.3971183946559614
612,3,LR,Both,Both,0.9300270850546828,0.04296919696366464,0.02700371798165247
613,3,LR,Depression,Depression,0.019164961584638443,0.8308069396807405,0.15002809873462114
624,3,LR,ME/CFS,ME/CFS,0.042357562315866966,0.3887349182408324,0.5689075194433006
630,3,LR,ME/CFS,ME/CFS,0.32759129505920326,0.05725189273318274,0.6151568122076141
636,3,LR,ME/CFS,ME/CFS,0.16968710583012714,0.32320482665041045,0.5071080675194625
639,3,LR,Both,Both,0.8756990574347351,0.09235171404343115,0.03194922852183368
641,3,LR,Depression,Both,0.7519536751653253,0.032588535553408175,0.21545778928126644
656,3,LR,Both,Both,0.9187804751838764,0.017178829584238196,0.06404069523188545
660,3,LR,Both,Both,0.7796522691512598,0.01677919633130537,0.20356853451743484
664,3,LR,Depression,Depression,0.10483658381968639,0.8852908847893468,0.009872531390966825
666,3,LR,ME/CFS,ME/CFS,0.395849130990348,0.17236678061984242,0.4317840883898095
675,3,LR,Both,Both,0.9882910669601213,0.009018240420430236,0.002690692619448535
679,3,LR,ME/CFS,ME/CFS,0.04594397829711108,0.0032403548126547946,0.9508156668902341
683,3,LR,Depression,Depression,0.07530320585334015,0.9197824166764502,0.004914377470209676
685,3,LR,ME/CFS,ME/CFS,0.2538584893791374,0.04003999020688888,0.7061015204139737
691,3,LR,ME/CFS,ME/CFS,0.13900621088901566,0.03370330544739408,0.8272904836635904
698,3,LR,ME/CFS,ME/CFS,0.08462973868656402,0.039793074976379024,0.875577186337057
700,3,LR,Depression,Depression,0.03663970608112454,0.7690418445562556,0.1943184493626198
706,3,LR,Depression,Depression,0.046769692174043594,0.9461234800847692,0.007106827741187262
712,3,LR,Depression,Depression,0.036815830446939694,0.9562226095917312,0.006961559961328957
715,3,LR,Both,ME/CFS,0.1878659977608442,0.0324420364316214,0.7796919658075344
727,3,LR,Depression,ME/CFS,0.12689157106614077,0.05512208578977741,0.8179863431440819
735,3,LR,ME/CFS,Both,0.642482463922396,0.10397717309404401,0.25354036298356
740,3,LR,Depression,Depression,0.27200036281021583,0.3769656139933912,0.351034023196393
743,3,LR,Both,ME/CFS,0.18049168401346555,0.08198688783642784,0.7375214281501067
748,3,LR,ME/CFS,ME/CFS,0.261197662534508,0.01540687458162336,0.7233954628838686
762,3,LR,ME/CFS,Both,0.5401136477974159,0.020250455184524493,0.4396358970180596
766,3,LR,ME/CFS,ME/CFS,0.13785471786173095,0.031459427288428855,0.8306858548498401
767,3,LR,Depression,Both,0.8578352053743585,0.11732625725087883,0.02483853737476264
775,3,LR,Both,Both,0.9333150491911614,0.03499757161519591,0.03168737919364267
776,3,LR,Depression,Both,0.823414756456295,0.12358890611600742,0.05299633742769754
777,3,LR,ME/CFS,ME/CFS,0.1268923391895692,0.32348713157492254,0.5496205292355083
778,3,LR,Depression,Depression,0.2489685304943884,0.7384081811690208,0.012623288336590653
785,3,LR,Both,Both,0.921897393526618,0.05877560318939638,0.019327003283985632
800,3,LR,Both,Both,0.9680270047807086,0.02527170218424935,0.0067012930350421
808,3,LR,Both,Both,0.5521810724517452,0.11378800076758917,0.33403092678066565
812,3,LR,ME/CFS,Both,0.4414481185222376,0.24910803834732462,0.3094438431304378
814,3,LR,Depression,ME/CFS,0.06422032743073848,0.16800377730961433,0.7677758952596472
815,3,LR,ME/CFS,ME/CFS,0.014586207783621442,0.005976974565219285,0.9794368176511593
817,3,LR,Depression,ME/CFS,0.4084319528242108,0.021371317121078467,0.5701967300547107
820,3,LR,Depression,Depression,0.011398989103890244,0.5791035917725926,0.40949741912351706
826,3,LR,Depression,Depression,0.09979069392050498,0.7540716221164586,0.1461376839630364
828,3,LR,ME/CFS,ME/CFS,0.18483331577638737,0.021634652756064916,0.7935320314675477
834,3,LR,Both,Depression,0.33283513985774443,0.6600566137427628,0.007108246399492854
838,3,LR,Depression,Depression,0.02030724341241395,0.9339482190634609,0.04574453752412522
843,3,LR,Depression,Depression,0.015638947322986325,0.9835828528287924,0.0007781998482212947
846,3,LR,ME/CFS,ME/CFS,0.005735801678650452,0.36613291343305115,0.6281312848882984
851,3,LR,Both,Both,0.6181560057957841,0.040157993191108826,0.34168600101310703
855,3,LR,Depression,Depression,0.13223437035839258,0.7009577538042752,0.16680787583733214
858,3,LR,Depression,Depression,0.2009734685293904,0.7314237266296638,0.06760280484094573
859,3,LR,Both,Both,0.7299317887236552,0.01649041422608881,0.253577797050256
866,3,LR,Depression,ME/CFS,0.03339202415728984,0.10466919068459385,0.8619387851581162
872,3,LR,ME/CFS,ME/CFS,0.43845074852172056,0.016304541999797532,0.5452447094784819
882,3,LR,Both,Depression,0.1978853753067833,0.7931212606494095,0.0089933640438073
885,3,LR,ME/CFS,ME/CFS,0.11857603057480214,0.2624132825616595,0.6190106868635383
886,3,LR,Both,ME/CFS,0.25739181994990606,0.022579638118860972,0.7200285419312329
889,3,LR,ME/CFS,ME/CFS,0.0303693677085032,0.011839011415411991,0.9577916208760848
905,3,LR,Depression,Depression,0.037582244002472634,0.8850190431305157,0.07739871286701158
906,3,LR,Both,ME/CFS,0.38145484884938174,0.02134358140885721,0.5972015697417611
907,3,LR,Depression,Both,0.7605042347990315,0.04244165246282572,0.19705411273814272
908,3,LR,ME/CFS,ME/CFS,0.16228864205666055,0.3272175791937069,0.5104937787496325
913,3,LR,Both,ME/CFS,0.26178521050152814,0.01698839993292191,0.7212263895655499
914,3,LR,Depression,Depression,0.016134482945960003,0.8666466368838618,0.1172188801701781
916,3,LR,Depression,Depression,0.0022660351829953255,0.9732770555758944,0.024456909241110332
927,3,LR,Depression,Depression,0.038097937189340354,0.9603873293509182,0.0015147334597413837
929,3,LR,Depression,Depression,0.0036910963769716137,0.9950791716327939,0.0012297319902345434
937,3,LR,ME/CFS,ME/CFS,0.1880018094715432,0.16457816912767254,0.6474200214007843
939,3,LR,ME/CFS,ME/CFS,0.016565471251344957,0.048250301282214025,0.9351842274664409
943,3,LR,ME/CFS,ME/CFS,0.15194858838954856,0.1291618622541551,0.7188895493562963
952,3,LR,ME/CFS,ME/CFS,0.013032104464416132,0.02357600613850096,0.9633918893970829
972,3,LR,ME/CFS,ME/CFS,0.1683069781137649,0.11209633687957846,0.7195966850066566
977,3,LR,Depression,Depression,0.0030465515523144192,0.9949448732753639,0.0020085751723217405
990,3,LR,ME/CFS,ME/CFS,0.009629092245526112,0.0061073866866227546,0.9842635210678512
993,3,LR,ME/CFS,ME/CFS,0.013427065802302358,0.3775657463110419,0.6090071878866558
1008,3,LR,Depression,Depression,0.157028705745778,0.6126075086595875,0.23036378559463447
1010,3,LR,ME/CFS,ME/CFS,0.3766454736903802,0.17500198915027584,0.44835253715934403
1016,3,LR,ME/CFS,Depression,0.02592596022845953,0.8917500028837417,0.08232403688779877
1017,3,LR,Depression,Depression,0.017949583417407055,0.9637948563579418,0.018255560224651093
1024,3,LR,Depression,Depression,0.07460482248166486,0.8748922695838893,0.0505029079344457
1030,3,LR,ME/CFS,ME/CFS,0.2814071852330021,0.07079624869401098,0.647796566072987
1031,3,LR,ME/CFS,ME/CFS,0.19606395111165348,0.23997159984049612,0.5639644490478504
1032,3,LR,Both,Both,0.5836528320376475,0.01500137942162384,0.40134578854072867
1033,3,LR,ME/CFS,ME/CFS,0.16669983983311445,0.05026384842467323,0.7830363117422123
1035,3,LR,ME/CFS,Both,0.7848904742751315,0.027469022616942184,0.18764050310792635
1036,3,LR,Depression,Depression,0.020138820320323454,0.9757749577753801,0.0040862219042963
1038,3,LR,Both,ME/CFS,0.10139273687358942,0.051563318840684186,0.8470439442857265
1039,3,LR,ME/CFS,ME/CFS,0.015998072641995823,0.012357419382266036,0.9716445079757381
1044,3,LR,Both,Both,0.8915848537542845,0.07999841589480863,0.028416730350906902
1045,3,LR,ME/CFS,Depression,0.29000192832741717,0.38994187134840125,0.32005620032418153
1048,3,LR,Depression,Depression,0.01056634182864364,0.9739864868549055,0.01544717131645084
1049,3,LR,Both,ME/CFS,0.3779331126648836,0.2314098716874116,0.39065701564770483
1052,3,LR,Depression,Depression,0.00398601938780305,0.9654496818164751,0.03056429879572187
1061,3,LR,Both,Both,0.48169743086502903,0.47588133451742676,0.04242123461754424
1062,3,LR,Both,Both,0.729698665246585,0.2509023594365073,0.01939897531690783
1071,3,LR,Both,ME/CFS,0.2795060910948277,0.026394556420698316,0.694099352484474
1072,3,LR,Both,ME/CFS,0.3785078317615528,0.1268126174989492,0.49467955073949815
1085,3,LR,ME/CFS,ME/CFS,0.47281837171809704,0.047460559723763875,0.47972106855813895
1087,3,LR,Depression,Depression,0.10188855553053781,0.6952325167636876,0.2028789277057747
1091,3,LR,ME/CFS,Both,0.45767027919930636,0.11876706439568635,0.4235626564050072
1101,3,LR,ME/CFS,ME/CFS,0.029412746150387994,0.011699730906473273,0.9588875229431388
1102,3,LR,Both,Both,0.8909250587532163,0.041847636098915425,0.06722730514786825
1104,3,LR,Both,ME/CFS,0.41252296047271836,0.07226611135497271,0.5152109281723088
1106,3,LR,ME/CFS,ME/CFS,0.060468209699143835,0.016228970278489137,0.9233028200223671
1107,3,LR,ME/CFS,ME/CFS,0.2538220407308974,0.05056487968846635,0.6956130795806363
1121,3,LR,Depression,Depression,0.007489433414835877,0.9917161679477896,0.0007943986373744861
1129,3,LR,Depression,Both,0.7729739587969893,0.13618968622491853,0.09083635497809212
1140,3,LR,ME/CFS,ME/CFS,0.27834428176921566,0.27887459402215503,0.44278112420862925
1146,3,LR,ME/CFS,Both,0.5245916878423104,0.01695041977912332,0.4584578923785663
1155,3,LR,ME/CFS,Both,0.635713534387661,0.06491191209249064,0.29937455351984826
1181,3,LR,Depression,Depression,0.026763587371457245,0.7671869511929919,0.20604946143555078
1183,3,LR,ME/CFS,ME/CFS,0.006537659936544601,0.010116239977194214,0.9833461000862612
1194,3,LR,ME/CFS,ME/CFS,0.04241478839292683,0.010279561600218822,0.9473056500068544
1199,3,LR,ME/CFS,ME/CFS,0.04991420283297559,0.041018387448076586,0.909067409718948
1201,3,LR,Both,Both,0.9505574493976447,0.0396402317491663,0.009802318853188762
1210,3,LR,Both,ME/CFS,0.20637938622214472,0.011671323346320447,0.7819492904315348
1211,3,LR,ME/CFS,ME/CFS,0.02264903710110723,0.05922482218612617,0.9181261407127665
1215,3,LR,ME/CFS,ME/CFS,0.15568480044439312,0.22442062075881727,0.6198945787967896
1221,3,LR,ME/CFS,ME/CFS,0.15841410996574784,0.09345010481247873,0.7481357852217735
1222,3,LR,Depression,Depression,0.0024265865006456787,0.9861341561354208,0.01143925736393341
1223,3,LR,Both,Both,0.925370997880308,0.06044788839874814,0.014181113720943904
1226,3,LR,ME/CFS,ME/CFS,0.17906609170249183,0.09741436227298735,0.7235195460245208
1227,3,LR,ME/CFS,Both,0.6766433256621315,0.026642627512976837,0.2967140468248917
1232,3,LR,Depression,Depression,0.07336381011016097,0.5466748264091797,0.37996136348065923
1236,3,LR,ME/CFS,ME/CFS,0.4379997033951154,0.07746741066435255,0.4845328859405321
1240,3,LR,ME/CFS,Both,0.6042529465561125,0.06627260663626487,0.3294744468076226
1241,3,LR,Both,Both,0.831859156273224,0.11206392627372325,0.056076917453052585
1244,3,LR,Both,Both,0.7219561532881676,0.26415185028985155,0.013891996421980801
1249,3,LR,Depression,Depression,0.03411167267292457,0.9280376423164974,0.03785068501057813
1270,3,LR,Depression,Depression,0.00834524161445812,0.9880776243599826,0.003577134025559519
1278,3,LR,Both,Both,0.7739888066976236,0.030690833052709768,0.19532036024966654
1283,3,LR,ME/CFS,ME/CFS,0.1151547611201664,0.07401260578979041,0.8108326330900432
1291,3,LR,Both,Both,0.9458649361049211,0.045948355545977204,0.008186708349101651
1292,3,LR,Depression,Depression,0.04082232399091214,0.8488444043124813,0.11033327169660662
1293,3,LR,Depression,Depression,0.004022790972498435,0.995637310381592,0.00033989864590949623
1299,3,LR,Depression,Depression,0.23856325211714144,0.7371139954392584,0.024322752443600236
1302,3,LR,Depression,Depression,0.20751413008829708,0.7521787774108571,0.04030709250084572
1310,3,LR,Depression,Depression,0.023764481394783227,0.9674819944090883,0.008753524196128475
1311,3,LR,ME/CFS,Both,0.7651625672526333,0.024817522610724445,0.21001991013664228
1314,3,LR,ME/CFS,ME/CFS,0.020352142507943063,0.014160399041214633,0.9654874584508424
1320,3,LR,ME/CFS,ME/CFS,0.14002791893948754,0.09605565835436708,0.7639164227061455
1326,3,LR,Both,Both,0.9614724477016711,0.03294770495013368,0.0055798473481951565
1327,3,LR,ME/CFS,Both,0.4575752815268414,0.19099149136005786,0.35143322711310065
1332,3,LR,Depression,Depression,0.12597284422169003,0.5810636520779615,0.2929635037003485
1333,3,LR,Both,Both,0.6157150903674042,0.021207464184466996,0.36307744544812875
1336,3,LR,Both,Both,0.5154805100370277,0.00861627669455484,0.47590321326841756
1337,3,LR,ME/CFS,Both,0.6979141169417842,0.17698281488986167,0.1251030681683542
1345,3,LR,Both,Both,0.823812948305958,0.02081673976264138,0.15537031193140083
1349,3,LR,Depression,Depression,0.12033345239702435,0.8778358141727174,0.001830733430258306
1376,3,LR,ME/CFS,ME/CFS,0.004641713068936946,0.005091042069088801,0.9902672448619741
1379,3,LR,Depression,Depression,0.029603657053438967,0.9682249950232635,0.002171347923297379
1383,3,LR,Both,Both,0.9362014285361182,0.03073267675497608,0.0330658947089057
1385,3,LR,Depression,Depression,0.061645045047458075,0.8554101110719674,0.08294484388057463
1386,3,LR,Both,Both,0.5602572665126482,0.07090021300523741,0.3688425204821144
1388,3,LR,Depression,Depression,0.003013199405691238,0.9887933581906024,0.008193442403706275
1389,3,LR,Both,ME/CFS,0.1976468478661305,0.008168792768181304,0.7941843593656882
1397,3,LR,ME/CFS,ME/CFS,0.0636896538064335,0.0019140013163506562,0.9343963448772159
1399,3,LR,ME/CFS,ME/CFS,0.02228598980422653,0.4217615667080033,0.5559524434877702
1402,3,LR,Depression,ME/CFS,0.12081166714229226,0.37770989282895784,0.5014784400287499
1405,3,LR,Depression,Depression,0.006307565290790137,0.9696750256951601,0.024017409014049907
1406,3,LR,ME/CFS,Depression,0.2490921033727938,0.4883860318334213,0.262521864793785
1418,3,LR,Depression,Depression,0.003121367397788259,0.9047978233879695,0.09208080921424212
1423,3,LR,Depression,Depression,0.07777490817265038,0.4965076218230685,0.425717470004281
1443,3,LR,Depression,Depression,0.08215664972451187,0.8337373841576547,0.0841059661178334
1444,3,LR,Depression,Depression,0.035076058906906626,0.926986348024551,0.037937593068542434
1448,3,LR,Both,Both,0.5394920287185475,0.034616908808951984,0.42589106247250047
1449,3,LR,Both,ME/CFS,0.13792958807773661,0.025768125960739595,0.8363022859615239
1459,3,LR,ME/CFS,ME/CFS,0.014158083620436746,0.027910103021085254,0.9579318133584779
1461,3,LR,ME/CFS,Both,0.6145507938211631,0.011814431590990705,0.37363477458784616
1469,3,LR,ME/CFS,ME/CFS,0.09851082215054201,0.07654432048127087,0.8249448573681871
1471,3,LR,ME/CFS,ME/CFS,0.29565798202345145,0.2816217407958186,0.42272027718072996
1480,3,LR,Both,ME/CFS,0.3387078117117338,0.008244288794110141,0.653047899494156
1495,3,LR,Depression,ME/CFS,0.27415562148298084,0.1591012061529772,0.5667431723640419
1501,3,LR,Depression,Depression,0.026866438779523466,0.969935720857106,0.003197840363370659
1504,3,LR,Depression,Depression,0.001995142706797057,0.9394440665034797,0.05856079078972341
1509,3,LR,Depression,Depression,0.22715669527726484,0.41617089348680786,0.3566724112359274
1533,3,LR,Depression,Depression,0.24480709436600206,0.7039786314258426,0.05121427420815524
1545,3,LR,Both,Both,0.7597798719310284,0.14061055701688746,0.09960957105208412
1546,3,LR,Depression,Depression,0.020865601957574347,0.6987501951559246,0.2803842028865009
1548,3,LR,Both,Depression,0.23139452158225493,0.702095984093515,0.06650949432423
1554,3,LR,Both,Both,0.9693329809671426,0.025682862785987526,0.00498415624686977
1555,3,LR,Depression,ME/CFS,0.34228381756433546,0.06353162911322381,0.5941845533224407
1556,3,LR,Both,Both,0.7997147364652366,0.17311479085605372,0.027170472678709635
1563,3,LR,Depression,Depression,0.07902827525959426,0.9141476719375687,0.006824052802837142
1569,3,LR,ME/CFS,ME/CFS,0.08167712453993863,0.030782317853105357,0.8875405576069559
1578,3,LR,ME/CFS,Both,0.5084057356524138,0.021450353278783772,0.4701439110688024
1582,3,LR,Depression,Depression,0.07575921350682242,0.7270181417234782,0.19722264476969936
1586,3,LR,ME/CFS,ME/CFS,0.050307624128484586,0.12460601869756503,0.8250863571739504
1595,3,LR,Both,Both,0.88672984959562,0.07998904386254317,0.03328110654183692
1599,3,LR,Depression,Depression,0.02285654871512108,0.7082229659149982,0.2689204853698807
1602,3,LR,Both,Both,0.5847939125932928,0.058038324651741025,0.3571677627549662
1613,3,LR,Depression,Depression,0.0199988439400875,0.9773593060970189,0.0026418499628936575
1614,3,LR,ME/CFS,ME/CFS,0.05673564051390055,0.004191975143818926,0.9390723843422806
1618,3,LR,ME/CFS,ME/CFS,0.04336893076442558,0.04117388991107527,0.9154571793244991
6,3,DT,ME/CFS,ME/CFS,0.0,0.0,1.0
8,3,DT,ME/CFS,ME/CFS,0.0,0.0,1.0
9,3,DT,Depression,ME/CFS,0.39982166694602184,0.09511176218099202,0.5050665708729901
13,3,DT,Depression,Depression,0.1485893246950723,0.6908778773367171,0.16053279796821077
17,3,DT,Depression,Depression,0.0,1.0,0.0
20,3,DT,ME/CFS,ME/CFS,0.0,0.0,1.0
21,3,DT,ME/CFS,ME/CFS,0.39982166694602184,0.09511176218099202,0.5050665708729901
22,3,DT,Both,Both,0.9327271932508641,0.06727280674913656,0.0
30,3,DT,ME/CFS,ME/CFS,0.39982166694602184,0.09511176218099202,0.5050665708729901
32,3,DT,ME/CFS,ME/CFS,0.0,0.0,1.0
34,3,DT,Depression,Depression,0.1485893246950723,0.6908778773367171,0.16053279796821077
36,3,DT,Both,Both,0.9327271932508641,0.06727280674913656,0.0
41,3,DT,ME/CFS,ME/CFS,0.39982166694602184,0.09511176218099202,0.5050665708729901
42,3,DT,Depression,Depression,0.0,1.0,0.0
50,3,DT,ME/CFS,ME/CFS,0.0,0.0,1.0
51,3,DT,Both,ME/CFS,0.39982166694602184,0.09511176218099202,0.5050665708729901
56,3,DT,ME/CFS,ME/CFS,0.39982166694602184,0.09511176218099202,0.5050665708729901
59,3,DT,ME/CFS,ME/CFS,0.39982166694602184,0.09511176218099202,0.5050665708729901
63,3,DT,Depression,Depression,0.0,1.0,0.0
64,3,DT,ME/CFS,ME/CFS,0.0,0.0,1.0
77,3,DT,Depression,Depression,0.06547447360830691,0.9345255263916933,0.0
78,3,DT,ME/CFS,ME/CFS,0.0,0.0,1.0
87,3,DT,ME/CFS,Depression,0.1485893246950723,0.6908778773367171,0.16053279796821077
93,3,DT,ME/CFS,Depression,0.1485893246950723,0.6908778773367171,0.16053279796821077
98,3,DT,ME/CFS,ME/CFS,0.39982166694602184,0.09511176218099202,0.5050665708729901
109,3,DT,Both,Both,0.9327271932508641,0.06727280674913656,0.0
112,3,DT,Both,Both,0.9327271932508641,0.06727280674913656,0.0
113,3,DT,Depression,Depression,0.1485893246950723,0.6908778773367171,0.16053279796821077
116,3,DT,Depression,Depression,0.1485893246950723,0.6908778773367171,0.16053279796821077
128,3,DT,Both,Both,0.9327271932508641,0.06727280674913656,0.0
133,3,DT,ME/CFS,ME/CFS,0.0,0.0,1.0
138,3,DT,Both,Both,0.9327271932508641,0.06727280674913656,0.0
158,3,DT,Both,Both,0.9327271932508641,0.06727280674913656,0.0
159,3,DT,Both,Both,0.9327271932508641,0.06727280674913656,0.0
163,3,DT,ME/CFS,ME/CFS,0.0,0.0,1.0
166,3,DT,Both,Both,0.9327271932508641,0.06727280674913656,0.0
168,3,DT,Both,ME/CFS,0.39982166694602184,0.09511176218099202,0.5050665708729901
173,3,DT,ME/CFS,ME/CFS,0.0,0.0,1.0
182,3,DT,Both,Both,0.9327271932508641,0.06727280674913656,0.0
183,3,DT,Depression,Depression,0.0,1.0,0.0
186,3,DT,ME/CFS,ME/CFS,0.0,0.0,1.0
187,3,DT,Depression,Depression,0.0,1.0,0.0
188,3,DT,Depression,Depression,0.1485893246950723,0.6908778773367171,0.16053279796821077
189,3,DT,ME/CFS,ME/CFS,0.39982166694602184,0.09511176218099202,0.5050665708729901
190,3,DT,Depression,Depression,0.0,1.0,0.0
197,3,DT,Depression,Depression,0.1485893246950723,0.6908778773367171,0.16053279796821077
202,3,DT,Depression,Depression,0.0,1.0,0.0
208,3,DT,Depression,Depression,0.0,1.0,0.0
213,3,DT,ME/CFS,ME/CFS,0.39982166694602184,0.09511176218099202,0.5050665708729901
219,3,DT,Depression,Depression,0.0,1.0,0.0
222,3,DT,ME/CFS,ME/CFS,0.39982166694602184,0.09511176218099202,0.5050665708729901
226,3,DT,Both,Depression,0.1485893246950723,0.6908778773367171,0.16053279796821077
228,3,DT,Depression,Depression,0.0,1.0,0.0
230,3,DT,Both,Both,0.9327271932508641,0.06727280674913656,0.0
231,3,DT,Both,Both,0.9327271932508641,0.06727280674913656,0.0
240,3,DT,Both,Both,0.9327271932508641,0.06727280674913656,0.0
243,3,DT,Depression,Depression,0.1485893246950723,0.6908778773367171,0.16053279796821077
258,3,DT,ME/CFS,ME/CFS,0.0,0.0,1.0
264,3,DT,Depression,Depression,0.1485893246950723,0.6908778773367171,0.16053279796821077
267,3,DT,ME/CFS,ME/CFS,0.39982166694602184,0.09511176218099202,0.5050665708729901
272,3,DT,ME/CFS,ME/CFS,0.0,0.0,1.0
276,3,DT,Depression,Depression,0.1485893246950723,0.6908778773367171,0.16053279796821077
280,3,DT,Depression,Depression,0.1485893246950723,0.6908778773367171,0.16053279796821077
283,3,DT,ME/CFS,ME/CFS,0.0,0.0,1.0
284,3,DT,ME/CFS,ME/CFS,0.39982166694602184,0.09511176218099202,0.5050665708729901
290,3,DT,ME/CFS,ME/CFS,0.39982166694602184,0.09511176218099202,0.5050665708729901
293,3,DT,ME/CFS,ME/CFS,0.0,0.0,1.0
300,3,DT,Depression,Both,0.9327271932508641,0.06727280674913656,0.0
303,3,DT,ME/CFS,ME/CFS,0.39982166694602184,0.09511176218099202,0.5050665708729901
308,3,DT,ME/CFS,ME/CFS,0.39982166694602184,0.09511176218099202,0.5050665708729901
312,3,DT,Depression,Depression,0.1485893246950723,0.6908778773367171,0.16053279796821077
313,3,DT,ME/CFS,Depression,0.1485893246950723,0.6908778773367171,0.16053279796821077
318,3,DT,Both,ME/CFS,0.39982166694602184,0.09511176218099202,0.5050665708729901
323,3,DT,ME/CFS,ME/CFS,0.39982166694602184,0.09511176218099202,0.5050665708729901
324,3,DT,ME/CFS,ME/CFS,0.0,0.0,1.0
325,3,DT,Depression,Depression,0.1485893246950723,0.6908778773367171,0.16053279796821077
330,3,DT,Depression,Depression,0.1485893246950723,0.6908778773367171,0.16053279796821077
331,3,DT,ME/CFS,ME/CFS,0.0,0.0,1.0
335,3,DT,Depression,Depression,0.1485893246950723,0.6908778773367171,0.16053279796821077
337,3,DT,Both,ME/CFS,0.39982166694602184,0.09511176218099202,0.5050665708729901
338,3,DT,Depression,Depression,0.1485893246950723,0.6908778773367171,0.16053279796821077
340,3,DT,ME/CFS,ME/CFS,0.39982166694602184,0.09511176218099202,0.5050665708729901
347,3,DT,Both,ME/CFS,0.39982166694602184,0.09511176218099202,0.5050665708729901
360,3,DT,ME/CFS,ME/CFS,0.39982166694602184,0.09511176218099202,0.5050665708729901
368,3,DT,ME/CFS,ME/CFS,0.39982166694602184,0.09511176218099202,0.5050665708729901
375,3,DT,Both,Depression,0.1485893246950723,0.6908778773367171,0.16053279796821077
379,3,DT,Both,Both,0.9327271932508641,0.06727280674913656,0.0
381,3,DT,Both,Both,0.9327271932508641,0.06727280674913656,0.0
383,3,DT,ME/CFS,ME/CFS,0.39982166694602184,0.09511176218099202,0.5050665708729901
388,3,DT,ME/CFS,ME/CFS,0.0,0.0,1.0
398,3,DT,ME/CFS,ME/CFS,0.39982166694602184,0.09511176218099202,0.5050665708729901
401,3,DT,Depression,Depression,0.0,1.0,0.0
405,3,DT,Both,Both,0.9327271932508641,0.06727280674913656,0.0
410,3,DT,Depression,Depression,0.1485893246950723,0.6908778773367171,0.16053279796821077
430,3,DT,Both,ME/CFS,0.39982166694602184,0.09511176218099202,0.5050665708729901
438,3,DT,ME/CFS,ME/CFS,0.39982166694602184,0.09511176218099202,0.5050665708729901
441,3,DT,ME/CFS,ME/CFS,0.39982166694602184,0.09511176218099202,0.5050665708729901
442,3,DT,Depression,ME/CFS,0.39982166694602184,0.09511176218099202,0.5050665708729901
464,3,DT,Depression,Depression,0.0,1.0,0.0
465,3,DT,ME/CFS,ME/CFS,0.39982166694602184,0.09511176218099202,0.5050665708729901
469,3,DT,Both,ME/CFS,0.39982166694602184,0.09511176218099202,0.5050665708729901
472,3,DT,Both,Both,0.9327271932508641,0.06727280674913656,0.0
480,3,DT,Depression,Depression,0.1485893246950723,0.6908778773367171,0.16053279796821077
481,3,DT,ME/CFS,ME/CFS,0.39982166694602184,0.09511176218099202,0.5050665708729901
496,3,DT,Depression,Depression,0.0,1.0,0.0
501,3,DT,ME/CFS,ME/CFS,0.39982166694602184,0.09511176218099202,0.5050665708729901
511,3,DT,ME/CFS,ME/CFS,0.0,0.0,1.0
513,3,DT,ME/CFS,ME/CFS,0.0,0.0,1.0
518,3,DT,Depression,Depression,0.1485893246950723,0.6908778773367171,0.16053279796821077
527,3,DT,Both,Both,0.9327271932508641,0.06727280674913656,0.0
529,3,DT,ME/CFS,ME/CFS,0.39982166694602184,0.09511176218099202,0.5050665708729901
535,3,DT,ME/CFS,ME/CFS,0.39982166694602184,0.09511176218099202,0.5050665708729901
542,3,DT,Depression,Depression,0.1485893246950723,0.6908778773367171,0.16053279796821077
546,3,DT,ME/CFS,Depression,0.1485893246950723,0.6908778773367171,0.16053279796821077
547,3,DT,ME/CFS,Depression,0.1485893246950723,0.6908778773367171,0.16053279796821077
548,3,DT,Both,Both,0.9327271932508641,0.06727280674913656,0.0
549,3,DT,Depression,Depression,0.0,1.0,0.0
558,3,DT,ME/CFS,Depression,0.1485893246950723,0.6908778773367171,0.16053279796821077
559,3,DT,Depression,Depression,0.0,1.0,0.0
561,3,DT,ME/CFS,ME/CFS,0.39982166694602184,0.09511176218099202,0.5050665708729901
562,3,DT,Depression,Depression,0.0,1.0,0.0
565,3,DT,ME/CFS,ME/CFS,0.39982166694602184,0.09511176218099202,0.5050665708729901
571,3,DT,Both,Both,0.9327271932508641,0.06727280674913656,0.0
573,3,DT,ME/CFS,ME/CFS,0.0,0.0,1.0
579,3,DT,Depression,Depression,0.1485893246950723,0.6908778773367171,0.16053279796821077
583,3,DT,Depression,Depression,0.0,1.0,0.0
590,3,DT,Depression,Depression,0.0,1.0,0.0
595,3,DT,Depression,Depression,0.1485893246950723,0.6908778773367171,0.16053279796821077
599,3,DT,Depression,Depression,0.1485893246950723,0.6908778773367171,0.16053279796821077
600,3,DT,Both,ME/CFS,0.39982166694602184,0.09511176218099202,0.5050665708729901
611,3,DT,ME/CFS,Depression,0.1485893246950723,0.6908778773367171,0.16053279796821077
612,3,DT,Both,Both,0.9327271932508641,0.06727280674913656,0.0
613,3,DT,Depression,Depression,0.1485893246950723,0.6908778773367171,0.16053279796821077
624,3,DT,ME/CFS,ME/CFS,0.0,0.0,1.0
630,3,DT,ME/CFS,ME/CFS,0.39982166694602184,0.09511176218099202,0.5050665708729901
636,3,DT,ME/CFS,ME/CFS,0.39982166694602184,0.09511176218099202,0.5050665708729901
639,3,DT,Both,Both,0.9327271932508641,0.06727280674913656,0.0
641,3,DT,Depression,ME/CFS,0.39982166694602184,0.09511176218099202,0.5050665708729901
656,3,DT,Both,Both,0.9327271932508641,0.06727280674913656,0.0
660,3,DT,Both,ME/CFS,0.39982166694602184,0.09511176218099202,0.5050665708729901
664,3,DT,Depression,Depression,0.1485893246950723,0.6908778773367171,0.16053279796821077
666,3,DT,ME/CFS,ME/CFS,0.39982166694602184,0.09511176218099202,0.5050665708729901
675,3,DT,Both,Both,0.9327271932508641,0.06727280674913656,0.0
679,3,DT,ME/CFS,ME/CFS,0.0,0.0,1.0
683,3,DT,Depression,Depression,0.1485893246950723,0.6908778773367171,0.16053279796821077
685,3,DT,ME/CFS,ME/CFS,0.39982166694602184,0.09511176218099202,0.5050665708729901
691,3,DT,ME/CFS,ME/CFS,0.0,0.0,1.0
698,3,DT,ME/CFS,ME/CFS,0.0,0.0,1.0
700,3,DT,Depression,Depression,0.1485893246950723,0.6908778773367171,0.16053279796821077
706,3,DT,Depression,Depression,0.1485893246950723,0.6908778773367171,0.16053279796821077
712,3,DT,Depression,Depression,0.1485893246950723,0.6908778773367171,0.16053279796821077
715,3,DT,Both,ME/CFS,0.39982166694602184,0.09511176218099202,0.5050665708729901
727,3,DT,Depression,ME/CFS,0.39982166694602184,0.09511176218099202,0.5050665708729901
735,3,DT,ME/CFS,ME/CFS,0.39982166694602184,0.09511176218099202,0.5050665708729901
740,3,DT,Depression,Depression,0.1485893246950723,0.6908778773367171,0.16053279796821077
743,3,DT,Both,ME/CFS,0.39982166694602184,0.09511176218099202,0.5050665708729901
748,3,DT,ME/CFS,ME/CFS,0.39982166694602184,0.09511176218099202,0.5050665708729901
762,3,DT,ME/CFS,ME/CFS,0.39982166694602184,0.09511176218099202,0.5050665708729901
766,3,DT,ME/CFS,ME/CFS,0.0,0.0,1.0
767,3,DT,Depression,Both,0.9327271932508641,0.06727280674913656,0.0
775,3,DT,Both,Both,0.9327271932508641,0.06727280674913656,0.0
776,3,DT,Depression,Both,0.9327271932508641,0.06727280674913656,0.0
777,3,DT,ME/CFS,Depression,0.1485893246950723,0.6908778773367171,0.16053279796821077
778,3,DT,Depression,Depression,0.1485893246950723,0.6908778773367171,0.16053279796821077
785,3,DT,Both,Both,0.9327271932508641,0.06727280674913656,0.0
800,3,DT,Both,Both,0.9327271932508641,0.06727280674913656,0.0
808,3,DT,Both,ME/CFS,0.39982166694602184,0.09511176218099202,0.5050665708729901
812,3,DT,ME/CFS,ME/CFS,0.39982166694602184,0.09511176218099202,0.5050665708729901
814,3,DT,Depression,ME/CFS,0.0,0.0,1.0
815,3,DT,ME/CFS,ME/CFS,0.0,0.0,1.0
817,3,DT,Depression,ME/CFS,0.39982166694602184,0.09511176218099202,0.5050665708729901
820,3,DT,Depression,Depression,0.0,1.0,0.0
826,3,DT,Depression,Depression,0.1485893246950723,0.6908778773367171,0.16053279796821077
828,3,DT,ME/CFS,ME/CFS,0.39982166694602184,0.09511176218099202,0.5050665708729901
834,3,DT,Both,Depression,0.1485893246950723,0.6908778773367171,0.16053279796821077
838,3,DT,Depression,Depression,0.1485893246950723,0.6908778773367171,0.16053279796821077
843,3,DT,Depression,Depression,0.0,1.0,0.0
846,3,DT,ME/CFS,ME/CFS,0.0,0.0,1.0
851,3,DT,Both,ME/CFS,0.39982166694602184,0.09511176218099202,0.5050665708729901
855,3,DT,Depression,Depression,0.1485893246950723,0.6908778773367171,0.16053279796821077
858,3,DT,Depression,Depression,0.1485893246950723,0.6908778773367171,0.16053279796821077
859,3,DT,Both,Both,0.9327271932508641,0.06727280674913656,0.0
866,3,DT,Depression,ME/CFS,0.0,0.0,1.0
872,3,DT,ME/CFS,ME/CFS,0.39982166694602184,0.09511176218099202,0.5050665708729901
882,3,DT,Both,Depression,0.1485893246950723,0.6908778773367171,0.16053279796821077
885,3,DT,ME/CFS,ME/CFS,0.39982166694602184,0.09511176218099202,0.5050665708729901
886,3,DT,Both,ME/CFS,0.39982166694602184,0.09511176218099202,0.5050665708729901
889,3,DT,ME/CFS,ME/CFS,0.0,0.0,1.0
905,3,DT,Depression,ME/CFS,0.39982166694602184,0.09511176218099202,0.5050665708729901
906,3,DT,Both,ME/CFS,0.39982166694602184,0.09511176218099202,0.5050665708729901
907,3,DT,Depression,ME/CFS,0.39982166694602184,0.09511176218099202,0.5050665708729901
908,3,DT,ME/CFS,Depression,0.1485893246950723,0.6908778773367171,0.16053279796821077
913,3,DT,Both,ME/CFS,0.39982166694602184,0.09511176218099202,0.5050665708729901
914,3,DT,Depression,Depression,0.0,1.0,0.0
916,3,DT,Depression,Depression,0.0,1.0,0.0
927,3,DT,Depression,Depression,0.0,1.0,0.0
929,3,DT,Depression,Depression,0.0,1.0,0.0
937,3,DT,ME/CFS,ME/CFS,0.39982166694602184,0.09511176218099202,0.5050665708729901
939,3,DT,ME/CFS,ME/CFS,0.0,0.0,1.0
943,3,DT,ME/CFS,ME/CFS,0.39982166694602184,0.09511176218099202,0.5050665708729901
952,3,DT,ME/CFS,ME/CFS,0.0,0.0,1.0
972,3,DT,ME/CFS,Depression,0.1485893246950723,0.6908778773367171,0.16053279796821077
977,3,DT,Depression,Depression,0.0,1.0,0.0
990,3,DT,ME/CFS,ME/CFS,0.0,0.0,1.0
993,3,DT,ME/CFS,ME/CFS,0.0,0.0,1.0
1008,3,DT,Depression,Depression,0.1485893246950723,0.6908778773367171,0.16053279796821077
1010,3,DT,ME/CFS,ME/CFS,0.39982166694602184,0.09511176218099202,0.5050665708729901
1016,3,DT,ME/CFS,Depression,0.1485893246950723,0.6908778773367171,0.16053279796821077
1017,3,DT,Depression,Depression,0.0,1.0,0.0
1024,3,DT,Depression,Depression,0.1485893246950723,0.6908778773367171,0.16053279796821077
1030,3,DT,ME/CFS,ME/CFS,0.39982166694602184,0.09511176218099202,0.5050665708729901
1031,3,DT,ME/CFS,Depression,0.1485893246950723,0.6908778773367171,0.16053279796821077
1032,3,DT,Both,ME/CFS,0.39982166694602184,0.09511176218099202,0.5050665708729901
1033,3,DT,ME/CFS,ME/CFS,0.39982166694602184,0.09511176218099202,0.5050665708729901
1035,3,DT,ME/CFS,ME/CFS,0.39982166694602184,0.09511176218099202,0.5050665708729901
1036,3,DT,Depression,Depression,0.0,1.0,0.0
1038,3,DT,Both,ME/CFS,0.39982166694602184,0.09511176218099202,0.5050665708729901
1039,3,DT,ME/CFS,ME/CFS,0.0,0.0,1.0
1044,3,DT,Both,Both,0.9327271932508641,0.06727280674913656,0.0
1045,3,DT,ME/CFS,ME/CFS,0.39982166694602184,0.09511176218099202,0.5050665708729901
1048,3,DT,Depression,Depression,0.0,1.0,0.0
1049,3,DT,Both,ME/CFS,0.39982166694602184,0.09511176218099202,0.5050665708729901
1052,3,DT,Depression,Depression,0.0,1.0,0.0
1061,3,DT,Both,Depression,0.1485893246950723,0.6908778773367171,0.16053279796821077
1062,3,DT,Both,Both,0.9327271932508641,0.06727280674913656,0.0
1071,3,DT,Both,ME/CFS,0.39982166694602184,0.09511176218099202,0.5050665708729901
1072,3,DT,Both,ME/CFS,0.39982166694602184,0.09511176218099202,0.5050665708729901
1085,3,DT,ME/CFS,ME/CFS,0.39982166694602184,0.09511176218099202,0.5050665708729901
1087,3,DT,Depression,Depression,0.1485893246950723,0.6908778773367171,0.16053279796821077
1091,3,DT,ME/CFS,ME/CFS,0.39982166694602184,0.09511176218099202,0.5050665708729901
1101,3,DT,ME/CFS,ME/CFS,0.0,0.0,1.0
1102,3,DT,Both,Both,0.9327271932508641,0.06727280674913656,0.0
1104,3,DT,Both,ME/CFS,0.39982166694602184,0.09511176218099202,0.5050665708729901
1106,3,DT,ME/CFS,ME/CFS,0.0,0.0,1.0
1107,3,DT,ME/CFS,ME/CFS,0.39982166694602184,0.09511176218099202,0.5050665708729901
1121,3,DT,Depression,Depression,0.0,1.0,0.0
1129,3,DT,Depression,Both,0.9327271932508641,0.06727280674913656,0.0
1140,3,DT,ME/CFS,ME/CFS,0.39982166694602184,0.09511176218099202,0.5050665708729901
1146,3,DT,ME/CFS,ME/CFS,0.39982166694602184,0.09511176218099202,0.5050665708729901
1155,3,DT,ME/CFS,ME/CFS,0.39982166694602184,0.09511176218099202,0.5050665708729901
1181,3,DT,Depression,Depression,0.1485893246950723,0.6908778773367171,0.16053279796821077
1183,3,DT,ME/CFS,ME/CFS,0.0,0.0,1.0
1194,3,DT,ME/CFS,ME/CFS,0.0,0.0,1.0
1199,3,DT,ME/CFS,ME/CFS,0.0,0.0,1.0
1201,3,DT,Both,Both,0.9327271932508641,0.06727280674913656,0.0
1210,3,DT,Both,ME/CFS,0.39982166694602184,0.09511176218099202,0.5050665708729901
1211,3,DT,ME/CFS,ME/CFS,0.0,0.0,1.0
1215,3,DT,ME/CFS,ME/CFS,0.39982166694602184,0.09511176218099202,0.5050665708729901
1221,3,DT,ME/CFS,ME/CFS,0.39982166694602184,0.09511176218099202,0.5050665708729901
1222,3,DT,Depression,Depression,0.0,1.0,0.0
1223,3,DT,Both,Both,0.9327271932508641,0.06727280674913656,0.0
1226,3,DT,ME/CFS,ME/CFS,0.39982166694602184,0.09511176218099202,0.5050665708729901
1227,3,DT,ME/CFS,ME/CFS,0.39982166694602184,0.09511176218099202,0.5050665708729901
1232,3,DT,Depression,Depression,0.1485893246950723,0.6908778773367171,0.16053279796821077
1236,3,DT,ME/CFS,ME/CFS,0.39982166694602184,0.09511176218099202,0.5050665708729901
1240,3,DT,ME/CFS,ME/CFS,0.39982166694602184,0.09511176218099202,0.5050665708729901
1241,3,DT,Both,Both,0.9327271932508641,0.06727280674913656,0.0
1244,3,DT,Both,Both,0.9327271932508641,0.06727280674913656,0.0
1249,3,DT,Depression,Depression,0.1485893246950723,0.6908778773367171,0.16053279796821077
1270,3,DT,Depression,Depression,0.0,1.0,0.0
1278,3,DT,Both,ME/CFS,0.39982166694602184,0.09511176218099202,0.5050665708729901
1283,3,DT,ME/CFS,ME/CFS,0.0,0.0,1.0
1291,3,DT,Both,Both,0.9327271932508641,0.06727280674913656,0.0
1292,3,DT,Depression,Depression,0.1485893246950723,0.6908778773367171,0.16053279796821077
1293,3,DT,Depression,Depression,0.0,1.0,0.0
1299,3,DT,Depression,Depression,0.1485893246950723,0.6908778773367171,0.16053279796821077
1302,3,DT,Depression,Depression,0.1485893246950723,0.6908778773367171,0.16053279796821077
1310,3,DT,Depression,Depression,0.0,1.0,0.0
1311,3,DT,ME/CFS,ME/CFS,0.39982166694602184,0.09511176218099202,0.5050665708729901
1314,3,DT,ME/CFS,ME/CFS,0.0,0.0,1.0
1320,3,DT,ME/CFS,ME/CFS,0.39982166694602184,0.09511176218099202,0.5050665708729901
1326,3,DT,Both,Both,0.9327271932508641,0.06727280674913656,0.0
1327,3,DT,ME/CFS,ME/CFS,0.39982166694602184,0.09511176218099202,0.5050665708729901
1332,3,DT,Depression,Depression,0.1485893246950723,0.6908778773367171,0.16053279796821077
1333,3,DT,Both,ME/CFS,0.39982166694602184,0.09511176218099202,0.5050665708729901
1336,3,DT,Both,ME/CFS,0.39982166694602184,0.09511176218099202,0.5050665708729901
1337,3,DT,ME/CFS,Depression,0.1485893246950723,0.6908778773367171,0.16053279796821077
1345,3,DT,Both,Both,0.9327271932508641,0.06727280674913656,0.0
1349,3,DT,Depression,Depression,0.1485893246950723,0.6908778773367171,0.16053279796821077
1376,3,DT,ME/CFS,ME/CFS,0.0,0.0,1.0
1379,3,DT,Depression,Depression,0.0,1.0,0.0
1383,3,DT,Both,Both,0.9327271932508641,0.06727280674913656,0.0
1385,3,DT,Depression,Depression,0.1485893246950723,0.6908778773367171,0.16053279796821077
1386,3,DT,Both,Both,0.9327271932508641,0.06727280674913656,0.0
1388,3,DT,Depression,Depression,0.0,1.0,0.0
1389,3,DT,Both,ME/CFS,0.39982166694602184,0.09511176218099202,0.5050665708729901
1397,3,DT,ME/CFS,ME/CFS,0.0,0.0,1.0
1399,3,DT,ME/CFS,Depression,0.1485893246950723,0.6908778773367171,0.16053279796821077
1402,3,DT,Depression,Depression,0.1485893246950723,0.6908778773367171,0.16053279796821077
1405,3,DT,Depression,Depression,0.0,1.0,0.0
1406,3,DT,ME/CFS,ME/CFS,0.39982166694602184,0.09511176218099202,0.5050665708729901
1418,3,DT,Depression,Depression,0.0,1.0,0.0
1423,3,DT,Depression,Depression,0.1485893246950723,0.6908778773367171,0.16053279796821077
1443,3,DT,Depression,Depression,0.1485893246950723,0.6908778773367171,0.16053279796821077
1444,3,DT,Depression,Depression,0.1485893246950723,0.6908778773367171,0.16053279796821077
1448,3,DT,Both,ME/CFS,0.39982166694602184,0.09511176218099202,0.5050665708729901
1449,3,DT,Both,ME/CFS,0.39982166694602184,0.09511176218099202,0.5050665708729901
1459,3,DT,ME/CFS,ME/CFS,0.0,0.0,1.0
1461,3,DT,ME/CFS,ME/CFS,0.39982166694602184,0.09511176218099202,0.5050665708729901
1469,3,DT,ME/CFS,ME/CFS,0.39982166694602184,0.09511176218099202,0.5050665708729901
1471,3,DT,ME/CFS,ME/CFS,0.39982166694602184,0.09511176218099202,0.5050665708729901
1480,3,DT,Both,ME/CFS,0.39982166694602184,0.09511176218099202,0.5050665708729901
1495,3,DT,Depression,ME/CFS,0.39982166694602184,0.09511176218099202,0.5050665708729901
1501,3,DT,Depression,Depression,0.0,1.0,0.0
1504,3,DT,Depression,Depression,0.0,1.0,0.0
1509,3,DT,Depression,Depression,0.1485893246950723,0.6908778773367171,0.16053279796821077
1533,3,DT,Depression,Depression,0.1485893246950723,0.6908778773367171,0.16053279796821077
1545,3,DT,Both,Both,0.9327271932508641,0.06727280674913656,0.0
1546,3,DT,Depression,Depression,0.1485893246950723,0.6908778773367171,0.16053279796821077
1548,3,DT,Both,Depression,0.1485893246950723,0.6908778773367171,0.16053279796821077
1554,3,DT,Both,Both,0.9327271932508641,0.06727280674913656,0.0
1555,3,DT,Depression,ME/CFS,0.39982166694602184,0.09511176218099202,0.5050665708729901
1556,3,DT,Both,Both,0.9327271932508641,0.06727280674913656,0.0
1563,3,DT,Depression,Depression,0.1485893246950723,0.6908778773367171,0.16053279796821077
1569,3,DT,ME/CFS,ME/CFS,0.0,0.0,1.0
1578,3,DT,ME/CFS,ME/CFS,0.39982166694602184,0.09511176218099202,0.5050665708729901
1582,3,DT,Depression,Depression,0.1485893246950723,0.6908778773367171,0.16053279796821077
1586,3,DT,ME/CFS,ME/CFS,0.0,0.0,1.0
1595,3,DT,Both,Both,0.9327271932508641,0.06727280674913656,0.0
1599,3,DT,Depression,Depression,0.1485893246950723,0.6908778773367171,0.16053279796821077
1602,3,DT,Both,ME/CFS,0.39982166694602184,0.09511176218099202,0.5050665708729901
1613,3,DT,Depression,Depression,0.0,1.0,0.0
1614,3,DT,ME/CFS,ME/CFS,0.0,0.0,1.0
1618,3,DT,ME/CFS,ME/CFS,0.0,0.0,1.0
6,3,RF,ME/CFS,ME/CFS,0.004639247516367889,0.09674541452888445,0.8986153379547478
8,3,RF,ME/CFS,ME/CFS,0.014018091866995071,0.010519641034560202,0.9754622670984447
9,3,RF,Depression,ME/CFS,0.44557867026821035,0.047107611589796344,0.5073137181419936
13,3,RF,Depression,Depression,0.09345737923028315,0.6827697034015793,0.22377291736813765
17,3,RF,Depression,Depression,0.005917661776684962,0.9817816020584604,0.012300736164854654
20,3,RF,ME/CFS,ME/CFS,0.012590490867911848,0.0015091866634209645,0.9859003224686673
21,3,RF,ME/CFS,ME/CFS,0.4238562586408118,0.051680188529049716,0.5244635528301389
22,3,RF,Both,Both,0.9242172308116281,0.06760791266232925,0.008174856526042553
30,3,RF,ME/CFS,ME/CFS,0.455415591868062,0.05095898853292024,0.49362541959901807
32,3,RF,ME/CFS,ME/CFS,0.01219469374032474,0.0005859511204164702,0.9872193551392588
34,3,RF,Depression,Depression,0.10518294633501889,0.725936288264652,0.16888076540032898
36,3,RF,Both,Both,0.9397410764034114,0.054418390772215004,0.005840532824373581
41,3,RF,ME/CFS,ME/CFS,0.4297275313589508,0.04630036086108076,0.5239721077799685
42,3,RF,Depression,Depression,0.004755055020159339,0.9841889922900124,0.01105595268982829
50,3,RF,ME/CFS,ME/CFS,0.011584595486485888,0.000785487824579518,0.9876299166889346
51,3,RF,Both,ME/CFS,0.42866786023841463,0.04672934799199326,0.5246027917695922
56,3,RF,ME/CFS,ME/CFS,0.46709821837515497,0.043299582402865425,0.48960219922197956
59,3,RF,ME/CFS,ME/CFS,0.46501002870420405,0.03833969178283696,0.49665027951295904
63,3,RF,Depression,Depression,0.007270388176815433,0.9779904737835418,0.01473913803964313
64,3,RF,ME/CFS,ME/CFS,0.021194384412586708,0.0012575694435523802,0.977548046143861
77,3,RF,Depression,Depression,0.1091211519546868,0.8446213074427252,0.04625754060258803
78,3,RF,ME/CFS,ME/CFS,0.012665731180054375,0.0015256044364683214,0.9858086643834774
87,3,RF,ME/CFS,Depression,0.09001144950737577,0.6809063237558125,0.22908222673681194
93,3,RF,ME/CFS,Depression,0.0749209320693752,0.7268146618934689,0.19826440603715625
98,3,RF,ME/CFS,ME/CFS,0.14274699632807608,0.32502250421707507,0.532230499454849
109,3,RF,Both,Both,0.9358753940522923,0.05979919653508892,0.004325409412618669
112,3,RF,Both,Both,0.8815379968922714,0.11082574894896302,0.007636254158765553
113,3,RF,Depression,Depression,0.07570549498287386,0.7092989806745397,0.21499552434258684
116,3,RF,Depression,Depression,0.08345582465228944,0.6934742014332006,0.22306997391451017
128,3,RF,Both,Both,0.9444918013958072,0.04918145658140793,0.006326742022784725
133,3,RF,ME/CFS,ME/CFS,0.014749546856411293,0.009789802787349039,0.9754606503562396
138,3,RF,Both,Both,0.9382989272473077,0.054216994453885815,0.007484078298806386
158,3,RF,Both,Both,0.9453694122743461,0.05004258740468627,0.004588000320967503
159,3,RF,Both,Both,0.9342321257618715,0.0614214482296408,0.004346426008487642
163,3,RF,ME/CFS,ME/CFS,0.02479975504205317,0.0012340020441160477,0.9739662429138307
166,3,RF,Both,Both,0.9503041432796574,0.04624131109584542,0.0034545456244964995
168,3,RF,Both,Both,0.4929658270873228,0.035932065930667945,0.47110210698200944
173,3,RF,ME/CFS,ME/CFS,0.020686519732672923,0.0020988065934702815,0.9772146736738568
182,3,RF,Both,Both,0.9304916979791887,0.06492030169984354,0.004588000320967503
183,3,RF,Depression,Depression,0.009318303149364987,0.9873901868940688,0.003291509956566309
186,3,RF,ME/CFS,ME/CFS,0.011612159072822488,0.019991355511366746,0.9683964854158108
187,3,RF,Depression,Depression,0.023621959112105472,0.9731243951758134,0.0032536457120811864
188,3,RF,Depression,Depression,0.11002761922161955,0.6646788071635872,0.2252935736147935
189,3,RF,ME/CFS,ME/CFS,0.44281308823308374,0.04511842739376359,0.5120684843731529
190,3,RF,Depression,Depression,0.0075416417411994716,0.9747434816547715,0.01771487660402902
197,3,RF,Depression,Depression,0.11482941962887747,0.6548447308771808,0.2303258494939416
202,3,RF,Depression,Depression,0.017862168829129835,0.97843905345528,0.00369877771559002
208,3,RF,Depression,Depression,0.011807907508123413,0.9677107589947,0.02048133349717637
213,3,RF,ME/CFS,ME/CFS,0.4625900761331896,0.034352324628975424,0.5030575992378349
219,3,RF,Depression,Depression,0.009828448371935371,0.9859242416522714,0.004247309975793248
222,3,RF,ME/CFS,Both,0.49164355302616236,0.03752223843364623,0.4708342085401916
226,3,RF,Both,Depression,0.13133403348996833,0.6289593171956732,0.23970664931435842
228,3,RF,Depression,Depression,0.0053065235876137125,0.9809080479549253,0.013785428457461057
230,3,RF,Both,Both,0.8233274183131557,0.1677368092642104,0.008935772422633803
231,3,RF,Both,Both,0.9479692015833909,0.04530763601439352,0.006723162402215134
240,3,RF,Both,Both,0.9306059812730567,0.058901125661328074,0.010492893065615223
243,3,RF,Depression,Depression,0.10053308090161808,0.6858980844408107,0.21356883465757132
258,3,RF,ME/CFS,ME/CFS,0.01711962289114529,0.0015727364370656533,0.981307640671789
264,3,RF,Depression,Depression,0.11347401389596491,0.8434771129337183,0.04304887317031654
267,3,RF,ME/CFS,ME/CFS,0.40727816730421396,0.05166053005596176,0.5410613026398244
272,3,RF,ME/CFS,ME/CFS,0.026495034556122964,0.00040105017031946374,0.9731039152735577
276,3,RF,Depression,Depression,0.08225246810760976,0.6981061840072929,0.2196413478850978
280,3,RF,Depression,Depression,0.10921082868693217,0.6653745504137616,0.22541462089930647
283,3,RF,ME/CFS,ME/CFS,0.0044446682660435315,0.05790671502953518,0.9376486167044215
284,3,RF,ME/CFS,ME/CFS,0.3764355160434069,0.06569948134285573,0.5578650026137375
290,3,RF,ME/CFS,Both,0.5007239865048649,0.0349057769464955,0.4643702365486396
293,3,RF,ME/CFS,ME/CFS,0.012162086636619435,0.0011889012327791063,0.9866490121306016
300,3,RF,Depression,Both,0.8852598390907757,0.10789789041924985,0.006842270489974169
303,3,RF,ME/CFS,ME/CFS,0.3937381361352083,0.05334216068909637,0.5529197031756953
308,3,RF,ME/CFS,ME/CFS,0.35830139335473155,0.05603341733806699,0.5856651893072017
312,3,RF,Depression,Depression,0.16647419270192512,0.7799433121054462,0.053582495192628546
313,3,RF,ME/CFS,Depression,0.07550031371156671,0.7177559629722003,0.2067437233162334
318,3,RF,Both,ME/CFS,0.4384072966296073,0.04518872676390036,0.5164039766064925
323,3,RF,ME/CFS,ME/CFS,0.3522370272463801,0.05364512871684499,0.594117844036775
324,3,RF,ME/CFS,ME/CFS,0.019544610600970163,0.0018621569940974452,0.9785932324049326
325,3,RF,Depression,Depression,0.13633272359582752,0.8184204561988717,0.04524682020530042
330,3,RF,Depression,Depression,0.1344694991458562,0.8193815830759946,0.04614891777814898
331,3,RF,ME/CFS,ME/CFS,0.006433268143974869,0.05422071783899431,0.9393460140170309
335,3,RF,Depression,Depression,0.07062204356629088,0.6766822767672583,0.25269567966645096
337,3,RF,Both,ME/CFS,0.4473310117038229,0.04038839152651561,0.5122805967696616
338,3,RF,Depression,Depression,0.12145598313923657,0.6436146001985111,0.2349294166622523
340,3,RF,ME/CFS,ME/CFS,0.30762186527189245,0.07454138367246721,0.6178367510556405
347,3,RF,Both,ME/CFS,0.3911100547111118,0.05437361473980095,0.5545163305490874
360,3,RF,ME/CFS,ME/CFS,0.1095196654802289,0.33242400955207607,0.5580563249676953
368,3,RF,ME/CFS,ME/CFS,0.10916323336024983,0.37566836228746,0.5151684043522905
375,3,RF,Both,Depression,0.12818806728398652,0.8263492896322044,0.0454626430838088
379,3,RF,Both,Both,0.9030461135639904,0.0843778295914756,0.012576056844533683
381,3,RF,Both,Both,0.9477205999377147,0.04550055886023814,0.0067788412020466735
383,3,RF,ME/CFS,Both,0.4979779267743803,0.03910144755091273,0.462920625674707
388,3,RF,ME/CFS,ME/CFS,0.025655360530243157,0.0021800101330634735,0.9721646293366932
398,3,RF,ME/CFS,ME/CFS,0.12490846367287857,0.2880207210358376,0.5870708152912841
401,3,RF,Depression,Depression,0.004851779597262894,0.9820505520128406,0.013097668389896408
405,3,RF,Both,Both,0.7513628868462997,0.2404460016482408,0.008191111505458898
410,3,RF,Depression,Depression,0.06166546176096776,0.897380692474981,0.040953845764051186
430,3,RF,Both,ME/CFS,0.4433158706726492,0.04801972561495914,0.508664403712392
438,3,RF,ME/CFS,ME/CFS,0.4680988329061334,0.037630222859790334,0.49427094423407636
441,3,RF,ME/CFS,Both,0.5072735287392771,0.03663544636570248,0.4560910248950205
442,3,RF,Depression,ME/CFS,0.16345161236857156,0.1757848981916795,0.660763489439749
464,3,RF,Depression,Depression,0.012016441789111033,0.9835784941687659,0.0044050640421230865
465,3,RF,ME/CFS,Both,0.4921961383624627,0.036651992554230434,0.47115186908330714
469,3,RF,Both,ME/CFS,0.35164435953297807,0.06664151148018563,0.5817141289868363
472,3,RF,Both,Both,0.8344073544222222,0.1624306498624656,0.0031619957153113335
480,3,RF,Depression,Depression,0.10117149989303184,0.650764665818386,0.24806383428858209
481,3,RF,ME/CFS,ME/CFS,0.4644480646750484,0.03430801293995017,0.5012439223850016
496,3,RF,Depression,Depression,0.004850916791314559,0.980765181357076,0.014383901851609517
501,3,RF,ME/CFS,ME/CFS,0.4785797834719905,0.03774343715116309,0.48367677937684683
511,3,RF,ME/CFS,ME/CFS,0.014454787142254798,0.0009123032271640913,0.9846329096305813
513,3,RF,ME/CFS,ME/CFS,0.0127926723660822,0.0018917534760303557,0.9853155741578874
518,3,RF,Depression,Depression,0.04936211118655193,0.8457800419922192,0.10485784682122906
527,3,RF,Both,Both,0.7652706572020075,0.2299773161666364,0.004752026631355382
529,3,RF,ME/CFS,ME/CFS,0.39476084273555434,0.054222091291854554,0.5510170659725911
535,3,RF,ME/CFS,ME/CFS,0.39740847847782496,0.06331937192825138,0.5392721495939238
542,3,RF,Depression,Depression,0.08481746467575652,0.7162712993392643,0.19891123598497934
546,3,RF,ME/CFS,ME/CFS,0.36784029408388913,0.2585787651497658,0.37358094076634507
547,3,RF,ME/CFS,Depression,0.10415070514860184,0.6928317560729073,0.20301753877849116
548,3,RF,Both,Both,0.8507396164153975,0.14326876678958375,0.005991616795018533
549,3,RF,Depression,Depression,0.012028630685390795,0.9838647785680967,0.004106590746512449
558,3,RF,ME/CFS,Depression,0.11324464594372109,0.6491642913300898,0.2375910627261893
559,3,RF,Depression,Depression,0.005040106078135171,0.9820969685095952,0.012862925412269877
561,3,RF,ME/CFS,ME/CFS,0.449882571937799,0.047631007710646614,0.5024864203515547
562,3,RF,Depression,Depression,0.01029399569949609,0.9610914724085079,0.02861453189199621
565,3,RF,ME/CFS,ME/CFS,0.41013716961603736,0.06089390300012809,0.5289689273838346
571,3,RF,Both,Both,0.8437105006524906,0.15357217005246293,0.002717329295045998
573,3,RF,ME/CFS,ME/CFS,0.014443658900186784,0.0015529506549279558,0.9840033904448853
579,3,RF,Depression,Depression,0.054723938044617594,0.8602969520918242,0.08497910986355815
583,3,RF,Depression,Depression,0.004866346778237714,0.9829247380269439,0.012208915194818544
590,3,RF,Depression,Depression,0.011715373783465014,0.9720851689822136,0.016199457234321313
595,3,RF,Depression,Depression,0.08224551921292772,0.720356080680076,0.19739840010699658
599,3,RF,Depression,Depression,0.1004749071971964,0.8360062585782859,0.06351883422451758
600,3,RF,Both,Both,0.519163496910961,0.04039537118686837,0.44044113190217066
611,3,RF,ME/CFS,Both,0.4125596609177615,0.2335884891225001,0.3538518499597387
612,3,RF,Both,Both,0.9502260120065482,0.043692633400068966,0.006081354593382917
613,3,RF,Depression,Depression,0.06340621675463541,0.7625560833318974,0.17403769991346812
624,3,RF,ME/CFS,ME/CFS,0.006690751082404242,0.049734679583995474,0.9435745693336003
630,3,RF,ME/CFS,ME/CFS,0.43259188184850933,0.04541512423350169,0.5219929939179893
636,3,RF,ME/CFS,ME/CFS,0.1286525163362066,0.3199608318685967,0.5513866517951969
639,3,RF,Both,Both,0.9149509309659045,0.07309874659866428,0.01195032243543127
641,3,RF,Depression,ME/CFS,0.43508723213676626,0.045501241259728945,0.5194115266035049
656,3,RF,Both,Both,0.9461588654227323,0.04840209572232862,0.005439038854938861
660,3,RF,Both,Both,0.49451972366365005,0.03641652219452448,0.4690637541418256
664,3,RF,Depression,Depression,0.13281002497008024,0.8210208553666418,0.0461691196632775
666,3,RF,ME/CFS,ME/CFS,0.4081380588687725,0.05367129956302688,0.5381906415682007
675,3,RF,Both,Both,0.9475926581655054,0.04808193242187584,0.004325409412618669
679,3,RF,ME/CFS,ME/CFS,0.025798900284929906,0.0017473469571434906,0.9724537527579266
683,3,RF,Depression,Depression,0.08258107827716438,0.8500906314854637,0.0673282902373714
685,3,RF,ME/CFS,ME/CFS,0.4383041575236598,0.04558479225115483,0.5161110502251854
691,3,RF,ME/CFS,ME/CFS,0.020815463267563825,0.0016887471791399167,0.9774957895532964
698,3,RF,ME/CFS,ME/CFS,0.02187031960407374,0.0023001054403197028,0.9758295749556065
700,3,RF,Depression,Depression,0.08887262015554614,0.6800754430513615,0.2310519367930924
706,3,RF,Depression,Depression,0.09260292583644425,0.8490755687246215,0.05832150543893407
712,3,RF,Depression,Depression,0.050870940272336185,0.9042284677343226,0.04490059199334118
715,3,RF,Both,ME/CFS,0.42513934540812104,0.04814241053119044,0.5267182440606889
727,3,RF,Depression,ME/CFS,0.38912761968642473,0.05151098035540575,0.5593613999581695
735,3,RF,ME/CFS,ME/CFS,0.4271772454204259,0.049963167191455354,0.5228595873881191
740,3,RF,Depression,Depression,0.15294458416298565,0.592050995648083,0.2550044201889315
743,3,RF,Both,ME/CFS,0.35550633449558977,0.06201135515317625,0.5824823103512342
748,3,RF,ME/CFS,ME/CFS,0.43009874479745663,0.04316753752765898,0.5267337176748845
762,3,RF,ME/CFS,ME/CFS,0.4779602921489575,0.0368397125365897,0.4851999953144531
766,3,RF,ME/CFS,ME/CFS,0.022521092809698117,0.0019402372509222964,0.9755386699393798
767,3,RF,Depression,Both,0.8103708780021983,0.18439041915230947,0.0052387028454916815
775,3,RF,Both,Both,0.9171962638042315,0.07288997115791482,0.009913765037853326
776,3,RF,Depression,Both,0.9330115578148012,0.06195648662886159,0.005031955556336811
777,3,RF,ME/CFS,ME/CFS,0.34603050554060055,0.23980227001208917,0.4141672244473104
778,3,RF,Depression,Depression,0.14163266303252417,0.8124901822694922,0.04587715469798338
785,3,RF,Both,Both,0.9423023009982104,0.05259035709671087,0.005107341905078893
800,3,RF,Both,Both,0.9270688208050673,0.06557645274168926,0.0073547264532432665
808,3,RF,Both,ME/CFS,0.42679269272981457,0.045477410939423625,0.5277298963307622
812,3,RF,ME/CFS,ME/CFS,0.4001093297665953,0.0652472248659264,0.5346434453674783
814,3,RF,Depression,ME/CFS,0.00011462371067090537,0.43480578054251995,0.5650795957468091
815,3,RF,ME/CFS,ME/CFS,0.01274823371064388,0.001161353489497982,0.9860904127998583
817,3,RF,Depression,ME/CFS,0.39855324691689276,0.048211921921916916,0.5532348311611905
820,3,RF,Depression,Depression,0.00666111924806959,0.9816868545582005,0.011652026193730102
826,3,RF,Depression,Depression,0.1310673364904052,0.6222596396258606,0.2466730238837342
828,3,RF,ME/CFS,ME/CFS,0.3911963231862871,0.048121649476635754,0.5606820273370771
834,3,RF,Both,Depression,0.18939753430840336,0.7680809255447262,0.042521540146870464
838,3,RF,Depression,Depression,0.07124964968541177,0.7015863349347345,0.22716401537985398
843,3,RF,Depression,Depression,0.011284953867808372,0.9814901049278402,0.007224941204351588
846,3,RF,ME/CFS,ME/CFS,0.004679037073698251,0.04683742801280715,0.9484835349134946
851,3,RF,Both,Both,0.4997678628124127,0.03752062393726774,0.46271151325031973
855,3,RF,Depression,Depression,0.10964984766644865,0.6557815015203144,0.23456865081323708
858,3,RF,Depression,Depression,0.13286951000668595,0.8195418158945591,0.047588674098754495
859,3,RF,Both,Both,0.923399225101187,0.06930194023035798,0.007298834668454858
866,3,RF,Depression,ME/CFS,0.0008125007486135847,0.4280987405604476,0.5710887586909388
872,3,RF,ME/CFS,ME/CFS,0.4475747285828182,0.0403720355039752,0.5120532359132068
882,3,RF,Both,Depression,0.11546442588614747,0.837405673041529,0.04712990107232327
885,3,RF,ME/CFS,ME/CFS,0.1859282873691212,0.13472733521571162,0.6793443774151675
886,3,RF,Both,ME/CFS,0.44219954057568617,0.04456330501581946,0.5132371544084946
889,3,RF,ME/CFS,ME/CFS,0.017991700604705643,0.0014916998259568675,0.9805165995693375
905,3,RF,Depression,Depression,0.037091808420057056,0.8399548281652597,0.12295336341468334
906,3,RF,Both,ME/CFS,0.47194090805691763,0.03758550232776437,0.49047358961531823
907,3,RF,Depression,ME/CFS,0.46538854710073047,0.04408455061445636,0.49052690228481327
908,3,RF,ME/CFS,Depression,0.11907513328407963,0.657716128670285,0.22320873804563537
913,3,RF,Both,ME/CFS,0.420288344466375,0.04310814191464203,0.5366035136189832
914,3,RF,Depression,Depression,0.01013223251916949,0.8541529766979885,0.13571479078284215
916,3,RF,Depression,Depression,0.006724800813162727,0.9738558778597334,0.01941932132710382
927,3,RF,Depression,Depression,0.017354912099009655,0.9750454604246301,0.007599627476360381
929,3,RF,Depression,Depression,0.015032285193137452,0.9769527907230953,0.008014924083767382
937,3,RF,ME/CFS,ME/CFS,0.40299102408348636,0.05402418464328834,0.5429847912732254
939,3,RF,ME/CFS,ME/CFS,0.01416183813805412,0.02888974960714712,0.9569484122547987
943,3,RF,ME/CFS,ME/CFS,0.20519920835579547,0.0912877078629381,0.7035130837812664
952,3,RF,ME/CFS,ME/CFS,0.005951260161062579,0.009501988588526107,0.9845467512504114
972,3,RF,ME/CFS,ME/CFS,0.18766918022687676,0.21911304279174992,0.5932177769813736
977,3,RF,Depression,Depression,0.017640392029698058,0.9761588968187034,0.006200711151598375
990,3,RF,ME/CFS,ME/CFS,0.014891655659950997,0.001042054198568641,0.9840662901414803
993,3,RF,ME/CFS,ME/CFS,0.00846806425164629,0.06366227756172135,0.9278696581866325
1008,3,RF,Depression,Depression,0.11112161695005585,0.675104997296633,0.21377338575331134
1010,3,RF,ME/CFS,ME/CFS,0.4054326681844016,0.05388552023106072,0.5406818115845378
1016,3,RF,ME/CFS,Depression,0.06278380757837265,0.7548573590419361,0.182358833379692
1017,3,RF,Depression,Depression,0.02628175499926607,0.9640190226000125,0.009699222400721456
1024,3,RF,Depression,Depression,0.13048189374297983,0.8210187218143136,0.04849938444270618
1030,3,RF,ME/CFS,ME/CFS,0.4460242644721376,0.04789386216458565,0.5060818733632771
1031,3,RF,ME/CFS,ME/CFS,0.3191268030606816,0.21882108082802904,0.46205211611128943
1032,3,RF,Both,ME/CFS,0.4517245999235548,0.04088249605792279,0.5073929040185226
1033,3,RF,ME/CFS,ME/CFS,0.4295858858375325,0.044844724329118915,0.525569389833349
1035,3,RF,ME/CFS,Both,0.48710775564098296,0.03792362031650509,0.4749686240425124
1036,3,RF,Depression,Depression,0.012774830298027213,0.9789845356844973,0.00824063401747557
1038,3,RF,Both,ME/CFS,0.3738781080123252,0.054212055340358,0.5719098366473169
1039,3,RF,ME/CFS,ME/CFS,0.024192045800532393,0.002155688632281438,0.9736522655671861
1044,3,RF,Both,Both,0.9412226791835588,0.0531186614443644,0.0056586593720762005
1045,3,RF,ME/CFS,ME/CFS,0.16826285949629985,0.2024575089384012,0.629279631565299
1048,3,RF,Depression,Depression,0.013023958029365828,0.9825395042492673,0.00443653772136677
1049,3,RF,Both,ME/CFS,0.4082152674816881,0.05751014782883255,0.5342745846894795
1052,3,RF,Depression,Depression,0.005013097807702354,0.9690978241296969,0.02588907806260086
1061,3,RF,Both,Depression,0.15905340448880115,0.7890049694793919,0.051941626031807166
1062,3,RF,Both,Both,0.9057726894428272,0.08790438165130983,0.006322928905862778
1071,3,RF,Both,ME/CFS,0.3963167771590102,0.04759817585582105,0.5560850469851689
1072,3,RF,Both,ME/CFS,0.4483529828726273,0.04545761221388073,0.506189404913492
1085,3,RF,ME/CFS,ME/CFS,0.43566784723548196,0.045128043316357586,0.5192041094481608
1087,3,RF,Depression,Depression,0.1130264336259971,0.6807924264602141,0.20618113991378897
1091,3,RF,ME/CFS,ME/CFS,0.4029449378097469,0.05106283442239673,0.5459922277678565
1101,3,RF,ME/CFS,ME/CFS,0.013204745900057118,0.0016311027480018759,0.9851641513519411
1102,3,RF,Both,Both,0.8240320977647423,0.1706694867008553,0.005298415534401952
1104,3,RF,Both,ME/CFS,0.4313494571790581,0.04720740386407612,0.5214431389568661
1106,3,RF,ME/CFS,ME/CFS,0.014125503489213294,0.0015523674589019304,0.9843221290518849
1107,3,RF,ME/CFS,ME/CFS,0.4748795405654151,0.042665127965409735,0.48245533146917535
1121,3,RF,Depression,Depression,0.010159381139553397,0.9862610112834815,0.0035796075769650992
1129,3,RF,Depression,Both,0.9086660529649206,0.08661930516975419,0.004714641865324632
1140,3,RF,ME/CFS,ME/CFS,0.18125347467313702,0.1453957800146168,0.6733507453122465
1146,3,RF,ME/CFS,Both,0.48887601745355674,0.036592622245381345,0.4745313603010621
1155,3,RF,ME/CFS,ME/CFS,0.43521402713508517,0.046977734818322146,0.5178082380465929
1181,3,RF,Depression,Depression,0.09273798984661298,0.6984434455910834,0.20881856456230374
1183,3,RF,ME/CFS,ME/CFS,0.017739260312175452,0.003096483672306535,0.979164256015518
1194,3,RF,ME/CFS,ME/CFS,0.01668116111209117,0.002134801722603824,0.9811840371653049
1199,3,RF,ME/CFS,ME/CFS,0.011359094933478964,0.013750223104308325,0.9748906819622127
1201,3,RF,Both,Both,0.9487578852608586,0.04451895233692602,0.006723162402215134
1210,3,RF,Both,ME/CFS,0.44392921787392076,0.040865656280402014,0.5152051258456775
1211,3,RF,ME/CFS,ME/CFS,0.006254058402120502,0.02412101402400767,0.969624927573872
1215,3,RF,ME/CFS,ME/CFS,0.33382632751185964,0.06794220019891556,0.5982314722892248
1221,3,RF,ME/CFS,ME/CFS,0.38337851849143795,0.057191422595490655,0.5594300589130714
1222,3,RF,Depression,Depression,0.012189087599244253,0.965806545663342,0.022004366737413888
1223,3,RF,Both,Both,0.9442636568933319,0.052785932422176024,0.002950410684491764
1226,3,RF,ME/CFS,ME/CFS,0.3913016804718129,0.06040842551850976,0.5482898940096775
1227,3,RF,ME/CFS,Both,0.48272901785408673,0.03932667088936803,0.4779443112565456
1232,3,RF,Depression,Depression,0.11583813298806062,0.6691738263330553,0.21498804067888413
1236,3,RF,ME/CFS,ME/CFS,0.4290856830736297,0.04556196112724782,0.5253523557991229
1240,3,RF,ME/CFS,ME/CFS,0.44953858859689566,0.046002930670467325,0.5044584807326373
1241,3,RF,Both,Both,0.8404210160912323,0.15370086550188655,0.005878118406880305
1244,3,RF,Both,Both,0.9474770553151308,0.048508030970238085,0.004014913714630698
1249,3,RF,Depression,Depression,0.10599626726642188,0.6494492467118317,0.24455448602174645
1270,3,RF,Depression,Depression,0.0187480264533478,0.973590871913389,0.007661101633263127
1278,3,RF,Both,ME/CFS,0.47069464601006283,0.04214561946668915,0.48715973452324846
1283,3,RF,ME/CFS,ME/CFS,0.01786529819262213,0.0019691313460212766,0.9801655704613566
1291,3,RF,Both,Both,0.9234986974144495,0.07031013755506992,0.006191165030480653
1292,3,RF,Depression,Depression,0.09438231213341204,0.5220349691810724,0.38358271868551524
1293,3,RF,Depression,Depression,0.013214321398702105,0.9835797429096224,0.003205935691675633
1299,3,RF,Depression,Depression,0.13068096615006433,0.8229395490301941,0.04637948481974095
1302,3,RF,Depression,Depression,0.16563117232076366,0.784474312878621,0.0498945148006151
1310,3,RF,Depression,Depression,0.01036230914189201,0.9859423897278006,0.0036953011303072552
1311,3,RF,ME/CFS,ME/CFS,0.42420516591769397,0.044962210610784724,0.5308326234715216
1314,3,RF,ME/CFS,ME/CFS,0.013661053596287531,0.001759827965108075,0.9845791184386046
1320,3,RF,ME/CFS,ME/CFS,0.39740047811945367,0.05566125890590619,0.5469382629746403
1326,3,RF,Both,Both,0.8913044614576451,0.1035881966372763,0.005107341905078893
1327,3,RF,ME/CFS,ME/CFS,0.42925055715467214,0.05631988704910085,0.5144295557962271
1332,3,RF,Depression,Depression,0.12451613825617656,0.6590540791002253,0.21642978264359805
1333,3,RF,Both,ME/CFS,0.47007241264792327,0.041026563124001464,0.48890102422807535
1336,3,RF,Both,ME/CFS,0.4618438463577118,0.035246193742412564,0.5029099598998759
1337,3,RF,ME/CFS,ME/CFS,0.2659126766212924,0.21586153321140564,0.5182257901673019
1345,3,RF,Both,Both,0.9322193357742856,0.06205923948909983,0.0057214247366145455
1349,3,RF,Depression,Depression,0.11978892517684042,0.8357067305686275,0.0445043442545317
1376,3,RF,ME/CFS,ME/CFS,0.009597006434438515,0.004255293845346706,0.9861476997202148
1379,3,RF,Depression,Depression,0.018091855562172986,0.9689146796918449,0.012993464745982125
1383,3,RF,Both,Both,0.9475476108766151,0.047464155306064876,0.004988233817319858
1385,3,RF,Depression,Depression,0.11885764876978713,0.649775406273124,0.23136694495708907
1386,3,RF,Both,Both,0.9420516868226049,0.05021130094762038,0.0077370122297741985
1388,3,RF,Depression,Depression,0.011275997130576676,0.976456491963338,0.012267510906085634
1389,3,RF,Both,ME/CFS,0.4490725046454261,0.03837251270294604,0.512554982651628
1397,3,RF,ME/CFS,ME/CFS,0.018498654080540564,0.0034127605176822134,0.9780885854017773
1399,3,RF,ME/CFS,Depression,0.10352284358864068,0.6335226902393035,0.26295446617205553
1402,3,RF,Depression,Depression,0.12809644698792982,0.6175568641497555,0.25434668886231465
1405,3,RF,Depression,Depression,0.010318320007131412,0.9718042547642401,0.01787742522862848
1406,3,RF,ME/CFS,ME/CFS,0.126595524468726,0.35569698854083326,0.517707486990441
1418,3,RF,Depression,Depression,0.00449938455113595,0.9845175510014085,0.010983064447455807
1423,3,RF,Depression,Depression,0.11015893359421802,0.6797481595989504,0.21009290680683188
1443,3,RF,Depression,Depression,0.11830086923486176,0.6623024067155587,0.21939672404957988
1444,3,RF,Depression,Depression,0.07828307101611393,0.8703874065244966,0.05132952245938908
1448,3,RF,Both,ME/CFS,0.46090019642493807,0.04695924771552499,0.49214055585953725
1449,3,RF,Both,ME/CFS,0.38819627342743224,0.04630172863712906,0.5655019979354389
1459,3,RF,ME/CFS,ME/CFS,0.00940429716515968,0.014371607792584406,0.9762240950422562
1461,3,RF,ME/CFS,Both,0.5131765177931423,0.03394888873611204,0.4528745934707459
1469,3,RF,ME/CFS,ME/CFS,0.3496868626156395,0.057387725350889394,0.592925412033471
1471,3,RF,ME/CFS,ME/CFS,0.18967895908234197,0.1802910632642935,0.6300299776533644
1480,3,RF,Both,ME/CFS,0.4726528364681576,0.04237837892514479,0.48496878460669784
1495,3,RF,Depression,ME/CFS,0.3978237537035416,0.055269201845995104,0.5469070444504635
1501,3,RF,Depression,Depression,0.012368620347436701,0.9839290997385803,0.003702279913982908
1504,3,RF,Depression,Depression,0.0037482707439849337,0.9727383338110964,0.023513395444918688
1509,3,RF,Depression,Depression,0.17418937686694325,0.6077765188060144,0.21803410432704248
1533,3,RF,Depression,Depression,0.11541720280605094,0.8408675465488754,0.04371525064507351
1545,3,RF,Both,Both,0.9386581456907517,0.056353620491928415,0.004988233817319858
1546,3,RF,Depression,Depression,0.08151674307163619,0.7022881212599549,0.21619513566840898
1548,3,RF,Both,Depression,0.18305512316336997,0.7650082439879208,0.051936632848708975
1554,3,RF,Both,Both,0.9287615487274314,0.066580974434911,0.004657476837657296
1555,3,RF,Depression,ME/CFS,0.40087593667335697,0.04723968999240239,0.5518843733342407
1556,3,RF,Both,Both,0.9492234128453041,0.04421094340553537,0.006565643749160169
1563,3,RF,Depression,Depression,0.16110133035754096,0.7960035039120039,0.04289516573045527
1569,3,RF,ME/CFS,ME/CFS,0.013098744699687043,0.0015444805520971727,0.9853567747482158
1578,3,RF,ME/CFS,Both,0.5114299141644433,0.03603396275517313,0.4525361230803838
1582,3,RF,Depression,Depression,0.11206282039766025,0.6694013318384253,0.21853584776391446
1586,3,RF,ME/CFS,ME/CFS,0.004482331623284852,0.08904591746903785,0.9064717509076775
1595,3,RF,Both,Both,0.9097334270670278,0.08456939388811448,0.0056971790448573575
1599,3,RF,Depression,Depression,0.09387102686401556,0.690207721735818,0.21592125140016616
1602,3,RF,Both,ME/CFS,0.44008202002092955,0.04564208650214056,0.51427589347693
1613,3,RF,Depression,Depression,0.014807375560267988,0.9813877586016457,0.0038048658380865734
1614,3,RF,ME/CFS,ME/CFS,0.014586673487141731,0.0009342795872472041,0.9844790469256111
1618,3,RF,ME/CFS,ME/CFS,0.009616117938628252,0.012001143775080634,0.9783827382862911
6,3,Majority,ME/CFS,ME/CFS,0.0,0.0,1.0
8,3,Majority,ME/CFS,ME/CFS,0.0,0.0,1.0
9,3,Majority,Depression,ME/CFS,0.0,0.0,1.0
13,3,Majority,Depression,ME/CFS,0.0,0.0,1.0
17,3,Majority,Depression,ME/CFS,0.0,0.0,1.0
20,3,Majority,ME/CFS,ME/CFS,0.0,0.0,1.0
21,3,Majority,ME/CFS,ME/CFS,0.0,0.0,1.0
22,3,Majority,Both,ME/CFS,0.0,0.0,1.0
30,3,Majority,ME/CFS,ME/CFS,0.0,0.0,1.0
32,3,Majority,ME/CFS,ME/CFS,0.0,0.0,1.0
34,3,Majority,Depression,ME/CFS,0.0,0.0,1.0
36,3,Majority,Both,ME/CFS,0.0,0.0,1.0
41,3,Majority,ME/CFS,ME/CFS,0.0,0.0,1.0
42,3,Majority,Depression,ME/CFS,0.0,0.0,1.0
50,3,Majority,ME/CFS,ME/CFS,0.0,0.0,1.0
51,3,Majority,Both,ME/CFS,0.0,0.0,1.0
56,3,Majority,ME/CFS,ME/CFS,0.0,0.0,1.0
59,3,Majority,ME/CFS,ME/CFS,0.0,0.0,1.0
63,3,Majority,Depression,ME/CFS,0.0,0.0,1.0
64,3,Majority,ME/CFS,ME/CFS,0.0,0.0,1.0
77,3,Majority,Depression,ME/CFS,0.0,0.0,1.0
78,3,Majority,ME/CFS,ME/CFS,0.0,0.0,1.0
87,3,Majority,ME/CFS,ME/CFS,0.0,0.0,1.0
93,3,Majority,ME/CFS,ME/CFS,0.0,0.0,1.0
98,3,Majority,ME/CFS,ME/CFS,0.0,0.0,1.0
109,3,Majority,Both,ME/CFS,0.0,0.0,1.0
112,3,Majority,Both,ME/CFS,0.0,0.0,1.0
113,3,Majority,Depression,ME/CFS,0.0,0.0,1.0
116,3,Majority,Depression,ME/CFS,0.0,0.0,1.0
128,3,Majority,Both,ME/CFS,0.0,0.0,1.0
133,3,Majority,ME/CFS,ME/CFS,0.0,0.0,1.0
138,3,Majority,Both,ME/CFS,0.0,0.0,1.0
158,3,Majority,Both,ME/CFS,0.0,0.0,1.0
159,3,Majority,Both,ME/CFS,0.0,0.0,1.0
163,3,Majority,ME/CFS,ME/CFS,0.0,0.0,1.0
166,3,Majority,Both,ME/CFS,0.0,0.0,1.0
168,3,Majority,Both,ME/CFS,0.0,0.0,1.0
173,3,Majority,ME/CFS,ME/CFS,0.0,0.0,1.0
182,3,Majority,Both,ME/CFS,0.0,0.0,1.0
183,3,Majority,Depression,ME/CFS,0.0,0.0,1.0
186,3,Majority,ME/CFS,ME/CFS,0.0,0.0,1.0
187,3,Majority,Depression,ME/CFS,0.0,0.0,1.0
188,3,Majority,Depression,ME/CFS,0.0,0.0,1.0
189,3,Majority,ME/CFS,ME/CFS,0.0,0.0,1.0
190,3,Majority,Depression,ME/CFS,0.0,0.0,1.0
197,3,Majority,Depression,ME/CFS,0.0,0.0,1.0
202,3,Majority,Depression,ME/CFS,0.0,0.0,1.0
208,3,Majority,Depression,ME/CFS,0.0,0.0,1.0
213,3,Majority,ME/CFS,ME/CFS,0.0,0.0,1.0
219,3,Majority,Depression,ME/CFS,0.0,0.0,1.0
222,3,Majority,ME/CFS,ME/CFS,0.0,0.0,1.0
226,3,Majority,Both,ME/CFS,0.0,0.0,1.0
228,3,Majority,Depression,ME/CFS,0.0,0.0,1.0
230,3,Majority,Both,ME/CFS,0.0,0.0,1.0
231,3,Majority,Both,ME/CFS,0.0,0.0,1.0
240,3,Majority,Both,ME/CFS,0.0,0.0,1.0
243,3,Majority,Depression,ME/CFS,0.0,0.0,1.0
258,3,Majority,ME/CFS,ME/CFS,0.0,0.0,1.0
264,3,Majority,Depression,ME/CFS,0.0,0.0,1.0
267,3,Majority,ME/CFS,ME/CFS,0.0,0.0,1.0
272,3,Majority,ME/CFS,ME/CFS,0.0,0.0,1.0
276,3,Majority,Depression,ME/CFS,0.0,0.0,1.0
280,3,Majority,Depression,ME/CFS,0.0,0.0,1.0
283,3,Majority,ME/CFS,ME/CFS,0.0,0.0,1.0
284,3,Majority,ME/CFS,ME/CFS,0.0,0.0,1.0
290,3,Majority,ME/CFS,ME/CFS,0.0,0.0,1.0
293,3,Majority,ME/CFS,ME/CFS,0.0,0.0,1.0
300,3,Majority,Depression,ME/CFS,0.0,0.0,1.0
303,3,Majority,ME/CFS,ME/CFS,0.0,0.0,1.0
308,3,Majority,ME/CFS,ME/CFS,0.0,0.0,1.0
312,3,Majority,Depression,ME/CFS,0.0,0.0,1.0
313,3,Majority,ME/CFS,ME/CFS,0.0,0.0,1.0
318,3,Majority,Both,ME/CFS,0.0,0.0,1.0
323,3,Majority,ME/CFS,ME/CFS,0.0,0.0,1.0
324,3,Majority,ME/CFS,ME/CFS,0.0,0.0,1.0
325,3,Majority,Depression,ME/CFS,0.0,0.0,1.0
330,3,Majority,Depression,ME/CFS,0.0,0.0,1.0
331,3,Majority,ME/CFS,ME/CFS,0.0,0.0,1.0
335,3,Majority,Depression,ME/CFS,0.0,0.0,1.0
337,3,Majority,Both,ME/CFS,0.0,0.0,1.0
338,3,Majority,Depression,ME/CFS,0.0,0.0,1.0
340,3,Majority,ME/CFS,ME/CFS,0.0,0.0,1.0
347,3,Majority,Both,ME/CFS,0.0,0.0,1.0
360,3,Majority,ME/CFS,ME/CFS,0.0,0.0,1.0
368,3,Majority,ME/CFS,ME/CFS,0.0,0.0,1.0
375,3,Majority,Both,ME/CFS,0.0,0.0,1.0
379,3,Majority,Both,ME/CFS,0.0,0.0,1.0
381,3,Majority,Both,ME/CFS,0.0,0.0,1.0
383,3,Majority,ME/CFS,ME/CFS,0.0,0.0,1.0
388,3,Majority,ME/CFS,ME/CFS,0.0,0.0,1.0
398,3,Majority,ME/CFS,ME/CFS,0.0,0.0,1.0
401,3,Majority,Depression,ME/CFS,0.0,0.0,1.0
405,3,Majority,Both,ME/CFS,0.0,0.0,1.0
410,3,Majority,Depression,ME/CFS,0.0,0.0,1.0
430,3,Majority,Both,ME/CFS,0.0,0.0,1.0
438,3,Majority,ME/CFS,ME/CFS,0.0,0.0,1.0
441,3,Majority,ME/CFS,ME/CFS,0.0,0.0,1.0
442,3,Majority,Depression,ME/CFS,0.0,0.0,1.0
464,3,Majority,Depression,ME/CFS,0.0,0.0,1.0
465,3,Majority,ME/CFS,ME/CFS,0.0,0.0,1.0
469,3,Majority,Both,ME/CFS,0.0,0.0,1.0
472,3,Majority,Both,ME/CFS,0.0,0.0,1.0
480,3,Majority,Depression,ME/CFS,0.0,0.0,1.0
481,3,Majority,ME/CFS,ME/CFS,0.0,0.0,1.0
496,3,Majority,Depression,ME/CFS,0.0,0.0,1.0
501,3,Majority,ME/CFS,ME/CFS,0.0,0.0,1.0
511,3,Majority,ME/CFS,ME/CFS,0.0,0.0,1.0
513,3,Majority,ME/CFS,ME/CFS,0.0,0.0,1.0
518,3,Majority,Depression,ME/CFS,0.0,0.0,1.0
527,3,Majority,Both,ME/CFS,0.0,0.0,1.0
529,3,Majority,ME/CFS,ME/CFS,0.0,0.0,1.0
535,3,Majority,ME/CFS,ME/CFS,0.0,0.0,1.0
542,3,Majority,Depression,ME/CFS,0.0,0.0,1.0
546,3,Majority,ME/CFS,ME/CFS,0.0,0.0,1.0
547,3,Majority,ME/CFS,ME/CFS,0.0,0.0,1.0
548,3,Majority,Both,ME/CFS,0.0,0.0,1.0
549,3,Majority,Depression,ME/CFS,0.0,0.0,1.0
558,3,Majority,ME/CFS,ME/CFS,0.0,0.0,1.0
559,3,Majority,Depression,ME/CFS,0.0,0.0,1.0
561,3,Majority,ME/CFS,ME/CFS,0.0,0.0,1.0
562,3,Majority,Depression,ME/CFS,0.0,0.0,1.0
565,3,Majority,ME/CFS,ME/CFS,0.0,0.0,1.0
571,3,Majority,Both,ME/CFS,0.0,0.0,1.0
573,3,Majority,ME/CFS,ME/CFS,0.0,0.0,1.0
579,3,Majority,Depression,ME/CFS,0.0,0.0,1.0
583,3,Majority,Depression,ME/CFS,0.0,0.0,1.0
590,3,Majority,Depression,ME/CFS,0.0,0.0,1.0
595,3,Majority,Depression,ME/CFS,0.0,0.0,1.0
599,3,Majority,Depression,ME/CFS,0.0,0.0,1.0
600,3,Majority,Both,ME/CFS,0.0,0.0,1.0
611,3,Majority,ME/CFS,ME/CFS,0.0,0.0,1.0
612,3,Majority,Both,ME/CFS,0.0,0.0,1.0
613,3,Majority,Depression,ME/CFS,0.0,0.0,1.0
624,3,Majority,ME/CFS,ME/CFS,0.0,0.0,1.0
630,3,Majority,ME/CFS,ME/CFS,0.0,0.0,1.0
636,3,Majority,ME/CFS,ME/CFS,0.0,0.0,1.0
639,3,Majority,Both,ME/CFS,0.0,0.0,1.0
641,3,Majority,Depression,ME/CFS,0.0,0.0,1.0
656,3,Majority,Both,ME/CFS,0.0,0.0,1.0
660,3,Majority,Both,ME/CFS,0.0,0.0,1.0
664,3,Majority,Depression,ME/CFS,0.0,0.0,1.0
666,3,Majority,ME/CFS,ME/CFS,0.0,0.0,1.0
675,3,Majority,Both,ME/CFS,0.0,0.0,1.0
679,3,Majority,ME/CFS,ME/CFS,0.0,0.0,1.0
683,3,Majority,Depression,ME/CFS,0.0,0.0,1.0
685,3,Majority,ME/CFS,ME/CFS,0.0,0.0,1.0
691,3,Majority,ME/CFS,ME/CFS,0.0,0.0,1.0
698,3,Majority,ME/CFS,ME/CFS,0.0,0.0,1.0
700,3,Majority,Depression,ME/CFS,0.0,0.0,1.0
706,3,Majority,Depression,ME/CFS,0.0,0.0,1.0
712,3,Majority,Depression,ME/CFS,0.0,0.0,1.0
715,3,Majority,Both,ME/CFS,0.0,0.0,1.0
727,3,Majority,Depression,ME/CFS,0.0,0.0,1.0
735,3,Majority,ME/CFS,ME/CFS,0.0,0.0,1.0
740,3,Majority,Depression,ME/CFS,0.0,0.0,1.0
743,3,Majority,Both,ME/CFS,0.0,0.0,1.0
748,3,Majority,ME/CFS,ME/CFS,0.0,0.0,1.0
762,3,Majority,ME/CFS,ME/CFS,0.0,0.0,1.0
766,3,Majority,ME/CFS,ME/CFS,0.0,0.0,1.0
767,3,Majority,Depression,ME/CFS,0.0,0.0,1.0
775,3,Majority,Both,ME/CFS,0.0,0.0,1.0
776,3,Majority,Depression,ME/CFS,0.0,0.0,1.0
777,3,Majority,ME/CFS,ME/CFS,0.0,0.0,1.0
778,3,Majority,Depression,ME/CFS,0.0,0.0,1.0
785,3,Majority,Both,ME/CFS,0.0,0.0,1.0
800,3,Majority,Both,ME/CFS,0.0,0.0,1.0
808,3,Majority,Both,ME/CFS,0.0,0.0,1.0
812,3,Majority,ME/CFS,ME/CFS,0.0,0.0,1.0
814,3,Majority,Depression,ME/CFS,0.0,0.0,1.0
815,3,Majority,ME/CFS,ME/CFS,0.0,0.0,1.0
817,3,Majority,Depression,ME/CFS,0.0,0.0,1.0
820,3,Majority,Depression,ME/CFS,0.0,0.0,1.0
826,3,Majority,Depression,ME/CFS,0.0,0.0,1.0
828,3,Majority,ME/CFS,ME/CFS,0.0,0.0,1.0
834,3,Majority,Both,ME/CFS,0.0,0.0,1.0
838,3,Majority,Depression,ME/CFS,0.0,0.0,1.0
843,3,Majority,Depression,ME/CFS,0.0,0.0,1.0
846,3,Majority,ME/CFS,ME/CFS,0.0,0.0,1.0
851,3,Majority,Both,ME/CFS,0.0,0.0,1.0
855,3,Majority,Depression,ME/CFS,0.0,0.0,1.0
858,3,Majority,Depression,ME/CFS,0.0,0.0,1.0
859,3,Majority,Both,ME/CFS,0.0,0.0,1.0
866,3,Majority,Depression,ME/CFS,0.0,0.0,1.0
872,3,Majority,ME/CFS,ME/CFS,0.0,0.0,1.0
882,3,Majority,Both,ME/CFS,0.0,0.0,1.0
885,3,Majority,ME/CFS,ME/CFS,0.0,0.0,1.0
886,3,Majority,Both,ME/CFS,0.0,0.0,1.0
889,3,Majority,ME/CFS,ME/CFS,0.0,0.0,1.0
905,3,Majority,Depression,ME/CFS,0.0,0.0,1.0
906,3,Majority,Both,ME/CFS,0.0,0.0,1.0
907,3,Majority,Depression,ME/CFS,0.0,0.0,1.0
908,3,Majority,ME/CFS,ME/CFS,0.0,0.0,1.0
913,3,Majority,Both,ME/CFS,0.0,0.0,1.0
914,3,Majority,Depression,ME/CFS,0.0,0.0,1.0
916,3,Majority,Depression,ME/CFS,0.0,0.0,1.0
927,3,Majority,Depression,ME/CFS,0.0,0.0,1.0
929,3,Majority,Depression,ME/CFS,0.0,0.0,1.0
937,3,Majority,ME/CFS,ME/CFS,0.0,0.0,1.0
939,3,Majority,ME/CFS,ME/CFS,0.0,0.0,1.0
943,3,Majority,ME/CFS,ME/CFS,0.0,0.0,1.0
952,3,Majority,ME/CFS,ME/CFS,0.0,0.0,1.0
972,3,Majority,ME/CFS,ME/CFS,0.0,0.0,1.0
977,3,Majority,Depression,ME/CFS,0.0,0.0,1.0
990,3,Majority,ME/CFS,ME/CFS,0.0,0.0,1.0
993,3,Majority,ME/CFS,ME/CFS,0.0,0.0,1.0
1008,3,Majority,Depression,ME/CFS,0.0,0.0,1.0
1010,3,Majority,ME/CFS,ME/CFS,0.0,0.0,1.0
1016,3,Majority,ME/CFS,ME/CFS,0.0,0.0,1.0
1017,3,Majority,Depression,ME/CFS,0.0,0.0,1.0
1024,3,Majority,Depression,ME/CFS,0.0,0.0,1.0
1030,3,Majority,ME/CFS,ME/CFS,0.0,0.0,1.0
1031,3,Majority,ME/CFS,ME/CFS,0.0,0.0,1.0
1032,3,Majority,Both,ME/CFS,0.0,0.0,1.0
1033,3,Majority,ME/CFS,ME/CFS,0.0,0.0,1.0
1035,3,Majority,ME/CFS,ME/CFS,0.0,0.0,1.0
1036,3,Majority,Depression,ME/CFS,0.0,0.0,1.0
1038,3,Majority,Both,ME/CFS,0.0,0.0,1.0
1039,3,Majority,ME/CFS,ME/CFS,0.0,0.0,1.0
1044,3,Majority,Both,ME/CFS,0.0,0.0,1.0
1045,3,Majority,ME/CFS,ME/CFS,0.0,0.0,1.0
1048,3,Majority,Depression,ME/CFS,0.0,0.0,1.0
1049,3,Majority,Both,ME/CFS,0.0,0.0,1.0
1052,3,Majority,Depression,ME/CFS,0.0,0.0,1.0
1061,3,Majority,Both,ME/CFS,0.0,0.0,1.0
1062,3,Majority,Both,ME/CFS,0.0,0.0,1.0
1071,3,Majority,Both,ME/CFS,0.0,0.0,1.0
1072,3,Majority,Both,ME/CFS,0.0,0.0,1.0
1085,3,Majority,ME/CFS,ME/CFS,0.0,0.0,1.0
1087,3,Majority,Depression,ME/CFS,0.0,0.0,1.0
1091,3,Majority,ME/CFS,ME/CFS,0.0,0.0,1.0
1101,3,Majority,ME/CFS,ME/CFS,0.0,0.0,1.0
1102,3,Majority,Both,ME/CFS,0.0,0.0,1.0
1104,3,Majority,Both,ME/CFS,0.0,0.0,1.0
1106,3,Majority,ME/CFS,ME/CFS,0.0,0.0,1.0
1107,3,Majority,ME/CFS,ME/CFS,0.0,0.0,1.0
1121,3,Majority,Depression,ME/CFS,0.0,0.0,1.0
1129,3,Majority,Depression,ME/CFS,0.0,0.0,1.0
1140,3,Majority,ME/CFS,ME/CFS,0.0,0.0,1.0
1146,3,Majority,ME/CFS,ME/CFS,0.0,0.0,1.0
1155,3,Majority,ME/CFS,ME/CFS,0.0,0.0,1.0
1181,3,Majority,Depression,ME/CFS,0.0,0.0,1.0
1183,3,Majority,ME/CFS,ME/CFS,0.0,0.0,1.0
1194,3,Majority,ME/CFS,ME/CFS,0.0,0.0,1.0
1199,3,Majority,ME/CFS,ME/CFS,0.0,0.0,1.0
1201,3,Majority,Both,ME/CFS,0.0,0.0,1.0
1210,3,Majority,Both,ME/CFS,0.0,0.0,1.0
1211,3,Majority,ME/CFS,ME/CFS,0.0,0.0,1.0
1215,3,Majority,ME/CFS,ME/CFS,0.0,0.0,1.0
1221,3,Majority,ME/CFS,ME/CFS,0.0,0.0,1.0
1222,3,Majority,Depression,ME/CFS,0.0,0.0,1.0
1223,3,Majority,Both,ME/CFS,0.0,0.0,1.0
1226,3,Majority,ME/CFS,ME/CFS,0.0,0.0,1.0
1227,3,Majority,ME/CFS,ME/CFS,0.0,0.0,1.0
1232,3,Majority,Depression,ME/CFS,0.0,0.0,1.0
1236,3,Majority,ME/CFS,ME/CFS,0.0,0.0,1.0
1240,3,Majority,ME/CFS,ME/CFS,0.0,0.0,1.0
1241,3,Majority,Both,ME/CFS,0.0,0.0,1.0
1244,3,Majority,Both,ME/CFS,0.0,0.0,1.0
1249,3,Majority,Depression,ME/CFS,0.0,0.0,1.0
1270,3,Majority,Depression,ME/CFS,0.0,0.0,1.0
1278,3,Majority,Both,ME/CFS,0.0,0.0,1.0
1283,3,Majority,ME/CFS,ME/CFS,0.0,0.0,1.0
1291,3,Majority,Both,ME/CFS,0.0,0.0,1.0
1292,3,Majority,Depression,ME/CFS,0.0,0.0,1.0
1293,3,Majority,Depression,ME/CFS,0.0,0.0,1.0
1299,3,Majority,Depression,ME/CFS,0.0,0.0,1.0
1302,3,Majority,Depression,ME/CFS,0.0,0.0,1.0
1310,3,Majority,Depression,ME/CFS,0.0,0.0,1.0
1311,3,Majority,ME/CFS,ME/CFS,0.0,0.0,1.0
1314,3,Majority,ME/CFS,ME/CFS,0.0,0.0,1.0
1320,3,Majority,ME/CFS,ME/CFS,0.0,0.0,1.0
1326,3,Majority,Both,ME/CFS,0.0,0.0,1.0
1327,3,Majority,ME/CFS,ME/CFS,0.0,0.0,1.0
1332,3,Majority,Depression,ME/CFS,0.0,0.0,1.0
1333,3,Majority,Both,ME/CFS,0.0,0.0,1.0
1336,3,Majority,Both,ME/CFS,0.0,0.0,1.0
1337,3,Majority,ME/CFS,ME/CFS,0.0,0.0,1.0
1345,3,Majority,Both,ME/CFS,0.0,0.0,1.0
1349,3,Majority,Depression,ME/CFS,0.0,0.0,1.0
1376,3,Majority,ME/CFS,ME/CFS,0.0,0.0,1.0
1379,3,Majority,Depression,ME/CFS,0.0,0.0,1.0
1383,3,Majority,Both,ME/CFS,0.0,0.0,1.0
1385,3,Majority,Depression,ME/CFS,0.0,0.0,1.0
1386,3,Majority,Both,ME/CFS,0.0,0.0,1.0
1388,3,Majority,Depression,ME/CFS,0.0,0.0,1.0
1389,3,Majority,Both,ME/CFS,0.0,0.0,1.0
1397,3,Majority,ME/CFS,ME/CFS,0.0,0.0,1.0
1399,3,Majority,ME/CFS,ME/CFS,0.0,0.0,1.0
1402,3,Majority,Depression,ME/CFS,0.0,0.0,1.0
1405,3,Majority,Depression,ME/CFS,0.0,0.0,1.0
1406,3,Majority,ME/CFS,ME/CFS,0.0,0.0,1.0
1418,3,Majority,Depression,ME/CFS,0.0,0.0,1.0
1423,3,Majority,Depression,ME/CFS,0.0,0.0,1.0
1443,3,Majority,Depression,ME/CFS,0.0,0.0,1.0
1444,3,Majority,Depression,ME/CFS,0.0,0.0,1.0
1448,3,Majority,Both,ME/CFS,0.0,0.0,1.0
1449,3,Majority,Both,ME/CFS,0.0,0.0,1.0
1459,3,Majority,ME/CFS,ME/CFS,0.0,0.0,1.0
1461,3,Majority,ME/CFS,ME/CFS,0.0,0.0,1.0
1469,3,Majority,ME/CFS,ME/CFS,0.0,0.0,1.0
1471,3,Majority,ME/CFS,ME/CFS,0.0,0.0,1.0
1480,3,Majority,Both,ME/CFS,0.0,0.0,1.0
1495,3,Majority,Depression,ME/CFS,0.0,0.0,1.0
1501,3,Majority,Depression,ME/CFS,0.0,0.0,1.0
1504,3,Majority,Depression,ME/CFS,0.0,0.0,1.0
1509,3,Majority,Depression,ME/CFS,0.0,0.0,1.0
1533,3,Majority,Depression,ME/CFS,0.0,0.0,1.0
1545,3,Majority,Both,ME/CFS,0.0,0.0,1.0
1546,3,Majority,Depression,ME/CFS,0.0,0.0,1.0
1548,3,Majority,Both,ME/CFS,0.0,0.0,1.0
1554,3,Majority,Both,ME/CFS,0.0,0.0,1.0
1555,3,Majority,Depression,ME/CFS,0.0,0.0,1.0
1556,3,Majority,Both,ME/CFS,0.0,0.0,1.0
1563,3,Majority,Depression,ME/CFS,0.0,0.0,1.0
1569,3,Majority,ME/CFS,ME/CFS,0.0,0.0,1.0
1578,3,Majority,ME/CFS,ME/CFS,0.0,0.0,1.0
1582,3,Majority,Depression,ME/CFS,0.0,0.0,1.0
1586,3,Majority,ME/CFS,ME/CFS,0.0,0.0,1.0
1595,3,Majority,Both,ME/CFS,0.0,0.0,1.0
1599,3,Majority,Depression,ME/CFS,0.0,0.0,1.0
1602,3,Majority,Both,ME/CFS,0.0,0.0,1.0
1613,3,Majority,Depression,ME/CFS,0.0,0.0,1.0
1614,3,Majority,ME/CFS,ME/CFS,0.0,0.0,1.0
1618,3,Majority,ME/CFS,ME/CFS,0.0,0.0,1.0
7,4,LR,ME/CFS,Both,0.6427979020935465,0.10218096914257942,0.2550211287638741
23,4,LR,Depression,Depression,0.1283470913405455,0.7987243236030328,0.07292858505642166
27,4,LR,ME/CFS,Both,0.5110276513156798,0.12441678931647711,0.36455555936784295
33,4,LR,ME/CFS,ME/CFS,0.0645941840989376,0.05241509348015948,0.882990722420903
38,4,LR,Both,Both,0.43573249998940433,0.368913768563941,0.19535373144665472
39,4,LR,Depression,Depression,0.09327831669335711,0.5159736961276357,0.3907479871790072
43,4,LR,Depression,Depression,0.3566401634242508,0.5433386273366873,0.10002120923906195
48,4,LR,ME/CFS,ME/CFS,0.23748682032228904,0.18061900050892843,0.5818941791687825
54,4,LR,ME/CFS,Both,0.36965187530727,0.33819430299494974,0.2921538216977803
60,4,LR,ME/CFS,ME/CFS,0.15338773900178915,0.19880374910901086,0.6478085118892
81,4,LR,Both,Both,0.9239571992029553,0.046118557333614786,0.029924243463429964
82,4,LR,Both,Both,0.7526213799858305,0.1434371466128929,0.10394147340127678
84,4,LR,Both,Depression,0.16200121512382626,0.7063695862482976,0.1316291986278762
85,4,LR,ME/CFS,ME/CFS,0.20722595530275764,0.12870529780460183,0.6640687468926405
88,4,LR,Both,Both,0.7071629268572781,0.23185943849134794,0.060977634651373964
104,4,LR,ME/CFS,ME/CFS,0.3115193745523805,0.13649463805624645,0.5519859873913731
106,4,LR,ME/CFS,ME/CFS,0.06940305672361101,0.14891444585755395,0.781682497418835
107,4,LR,ME/CFS,Both,0.5677920155228918,0.07885901249956583,0.3533489719775423
117,4,LR,Depression,Depression,0.16526287428260678,0.799511074947178,0.035226050770215234
119,4,LR,Both,ME/CFS,0.3022442476063517,0.12039819768518897,0.5773575547084593
121,4,LR,Depression,Depression,0.06514585235137561,0.6251316594107723,0.3097224882378521
130,4,LR,ME/CFS,ME/CFS,0.16766792366340952,0.3419109881624286,0.4904210881741619
134,4,LR,Depression,Depression,0.033128843318518064,0.8780569285144595,0.08881422816702238
135,4,LR,Both,Both,0.7561826441054057,0.10335378186986767,0.14046357402472653
140,4,LR,Both,Both,0.6453431506243213,0.1768112392508112,0.1778456101248675
144,4,LR,ME/CFS,Both,0.45698835342800703,0.1392990088796331,0.4037126376923598
153,4,LR,Both,Both,0.5303356825717147,0.2872057892961908,0.18245852813209462
154,4,LR,ME/CFS,ME/CFS,0.3106258914321667,0.27024802898958844,0.4191260795782448
160,4,LR,ME/CFS,ME/CFS,0.2511010183970299,0.12411015113964889,0.6247888304633211
175,4,LR,ME/CFS,ME/CFS,0.07573900566695302,0.07637888348550782,0.8478821108475393
176,4,LR,Depression,Depression,0.09188888096367549,0.8930901759529164,0.015020943083408308
177,4,LR,ME/CFS,ME/CFS,0.13565715110648888,0.09427676405822974,0.7700660848352813
193,4,LR,Depression,Depression,0.26491918193018205,0.39702569646264046,0.33805512160717754
199,4,LR,Both,Both,0.66325847570711,0.28000283499426015,0.0567386892986298
206,4,LR,Depression,ME/CFS,0.1424842170970418,0.38494281900343486,0.4725729638995233
207,4,LR,Depression,Depression,0.1330983636292079,0.44668804974185494,0.4202135866289372
210,4,LR,ME/CFS,ME/CFS,0.23674653505439594,0.20510698431529636,0.5581464806303076
212,4,LR,ME/CFS,ME/CFS,0.231865359500988,0.2245190536375616,0.5436155868614504
223,4,LR,ME/CFS,ME/CFS,0.2254546251071814,0.37875393113938055,0.39579144375343805
229,4,LR,ME/CFS,ME/CFS,0.1319000142119817,0.06707149013019265,0.8010284956578257
245,4,LR,ME/CFS,ME/CFS,0.07944607325651487,0.12222278607188443,0.7983311406716006
253,4,LR,Depression,Depression,0.11919789016438877,0.8579298425376849,0.022872267297926484
259,4,LR,Depression,Depression,0.11496561659369785,0.48105635544395353,0.40397802796234855
263,4,LR,Both,Both,0.6771920976277704,0.09818986043446937,0.2246180419377602
271,4,LR,Depression,ME/CFS,0.26988885242882743,0.35011719492283605,0.3799939526483365
275,4,LR,Depression,Depression,0.4208562738753895,0.5428833288206684,0.036260397303942093
281,4,LR,ME/CFS,ME/CFS,0.21432026053760914,0.27874508116968955,0.5069346582927013
287,4,LR,Depression,Depression,0.34766494484600413,0.4600099212031877,0.19232513395080827
288,4,LR,Both,Both,0.526724731145065,0.19767678729803467,0.27559848155690037
297,4,LR,Both,ME/CFS,0.38631947674653805,0.057235441894880654,0.5564450813585814
302,4,LR,ME/CFS,ME/CFS,0.3329711105427518,0.24501349011366233,0.4220153993435859
306,4,LR,Depression,Depression,0.3084504123517036,0.6610002841125144,0.030549303535781985
316,4,LR,ME/CFS,Both,0.6870888418227955,0.07010709380356651,0.24280406437363802
320,4,LR,ME/CFS,ME/CFS,0.09336007587165265,0.1022336440255185,0.8044062801028288
334,4,LR,Depression,Depression,0.26421830531329954,0.6621348305381767,0.0736468641485237
336,4,LR,Depression,Depression,0.09675724479615358,0.7921093456238036,0.11113340958004295
345,4,LR,ME/CFS,ME/CFS,0.21782047624421041,0.04887046205933638,0.7333090616964532
346,4,LR,Both,Both,0.5791669976787975,0.07538750318019849,0.34544549914100403
350,4,LR,ME/CFS,ME/CFS,0.25936547039454144,0.05357232730025368,0.6870622023052049
354,4,LR,Both,ME/CFS,0.2771481753272338,0.09699978027102248,0.6258520444017437
364,4,LR,Both,ME/CFS,0.3661843856932802,0.0526372612891693,0.5811783530175506
370,4,LR,Depression,Depression,0.32789199397119734,0.47944786407656537,0.19266014195223727
373,4,LR,Depression,Depression,0.07223914819256086,0.7452531835863812,0.18250766822105804
374,4,LR,Depression,Depression,0.021955691460139825,0.9264443053037864,0.051600003236073555
377,4,LR,Depression,ME/CFS,0.2765626715497487,0.3567491865645774,0.3666881418856739
393,4,LR,Both,ME/CFS,0.2994684999779165,0.1434086427205418,0.5571228573015417
396,4,LR,ME/CFS,ME/CFS,0.17062512742085373,0.254060969113483,0.5753139034656634
399,4,LR,Both,ME/CFS,0.38413858608183077,0.14370280809409247,0.47215860582407687
400,4,LR,ME/CFS,Both,0.5594533918119574,0.15894221663955074,0.2816043915484918
413,4,LR,Depression,ME/CFS,0.21034253615150897,0.15306692007810183,0.6365905437703892
414,4,LR,ME/CFS,ME/CFS,0.15991604496980277,0.08973898423116503,0.7503449707990323
415,4,LR,Both,Both,0.8237632175849786,0.07740363934339171,0.09883314307162955
416,4,LR,Depression,Both,0.5408586310246827,0.3722180963318744,0.08692327264344289
425,4,LR,Depression,Depression,0.09770862450954138,0.8438014914347142,0.0584898840557443
426,4,LR,ME/CFS,ME/CFS,0.07925409230053063,0.1374111514231757,0.7833347562762937
428,4,LR,ME/CFS,ME/CFS,0.10194912772700669,0.13555203859169423,0.762498833681299
433,4,LR,ME/CFS,ME/CFS,0.3618474046298654,0.2518669758937204,0.3862856194764142
434,4,LR,Depression,Depression,0.09373175897432189,0.7510084466510779,0.1552597943746001
436,4,LR,Depression,Depression,0.16626228040835564,0.6670916157478303,0.16664610384381404
447,4,LR,ME/CFS,ME/CFS,0.3218584036365038,0.058007910033804407,0.6201336863296917
450,4,LR,Depression,Depression,0.3101035305815492,0.4863142659603716,0.20358220345807923
458,4,LR,Depression,ME/CFS,0.18163590340234334,0.2685264995639431,0.5498375970337136
459,4,LR,ME/CFS,ME/CFS,0.1760527644042405,0.2238663430646615,0.600080892531098
463,4,LR,Depression,Depression,0.18706120140644492,0.6834961209679896,0.12944267762556558
470,4,LR,Both,Both,0.8593208579281545,0.05331040335980158,0.08736873871204398
479,4,LR,ME/CFS,ME/CFS,0.3678473696068092,0.2595415889508912,0.3726110414422995
482,4,LR,Both,Both,0.6630383607991848,0.08560432724229368,0.25135731195852157
483,4,LR,Depression,Depression,0.11085499579804267,0.6346311422990921,0.2545138619028653
484,4,LR,Both,Both,0.5187231834733982,0.06785979448001088,0.41341702204659103
487,4,LR,ME/CFS,Depression,0.2445753266990102,0.3880194104283878,0.36740526287260206
494,4,LR,Depression,Depression,0.04379480689198696,0.8903880226641716,0.0658171704438415
498,4,LR,Depression,Depression,0.04983278199702636,0.9324347816005087,0.017732436402464708
506,4,LR,ME/CFS,ME/CFS,0.15556589765110473,0.027299567559150577,0.8171345347897446
510,4,LR,Depression,ME/CFS,0.11441540780744376,0.4374177813333984,0.4481668108591579
514,4,LR,Depression,Depression,0.15800595270862974,0.5735348341634711,0.2684592131278994
515,4,LR,ME/CFS,ME/CFS,0.22162622242755708,0.09119903056012946,0.6871747470123134
525,4,LR,Depression,Depression,0.23846971825431218,0.49578438458695034,0.2657458971587375
533,4,LR,Depression,Depression,0.06092892372420603,0.7740796989549391,0.16499137732085484
554,4,LR,ME/CFS,Both,0.5776259028351938,0.07992642753810765,0.3424476696266986
563,4,LR,ME/CFS,Both,0.4841958612691316,0.24509717744510257,0.27070696128576577
576,4,LR,ME/CFS,ME/CFS,0.1019152851901294,0.03452141354126346,0.8635633012686073
585,4,LR,Depression,Depression,0.049547285444036214,0.9354624892006927,0.014990225355270977
587,4,LR,Both,Depression,0.3941349382794432,0.5712247653010682,0.03464029641948855
602,4,LR,Depression,Depression,0.13566659805238976,0.52394841833038,0.3403849836172302
608,4,LR,Both,Both,0.781508017941681,0.17628677480605437,0.042205207252264725
623,4,LR,Both,Both,0.5514089491968182,0.17146620501616783,0.2771248457870142
625,4,LR,ME/CFS,ME/CFS,0.308544497311589,0.10042696691202448,0.5910285357763865
626,4,LR,Depression,Depression,0.06677528995200765,0.5845179815306599,0.34870672851733236
633,4,LR,Depression,Depression,0.16355218926901952,0.5087740398641053,0.3276737708668752
635,4,LR,Depression,Depression,0.20537433387760884,0.40998495856628875,0.3846407075561024
645,4,LR,ME/CFS,ME/CFS,0.06119966233179947,0.06023722566184133,0.8785631120063593
650,4,LR,ME/CFS,ME/CFS,0.08166633332221308,0.052578625073221454,0.8657550416045654
654,4,LR,ME/CFS,ME/CFS,0.20666127330844822,0.2510849744202021,0.5422537522713498
661,4,LR,ME/CFS,ME/CFS,0.1251895413767762,0.11452424557635937,0.7602862130468645
663,4,LR,ME/CFS,ME/CFS,0.15321816362447496,0.07694801389784488,0.7698338224776802
667,4,LR,Both,ME/CFS,0.38170412701514167,0.21454086191937832,0.40375501106548006
668,4,LR,ME/CFS,ME/CFS,0.20880533071943816,0.21993042568499363,0.5712642435955682
670,4,LR,Both,ME/CFS,0.13796986260182673,0.30959087698848325,0.55243926040969
673,4,LR,Both,Both,0.6271622095076689,0.31681036431033416,0.056027426181997
678,4,LR,ME/CFS,ME/CFS,0.3496822507402253,0.10509408430304992,0.5452236649567248
681,4,LR,ME/CFS,ME/CFS,0.2283449559743704,0.12299741340661408,0.6486576306190155
682,4,LR,ME/CFS,Both,0.35699447849613675,0.34023114668307397,0.3027743748207893
684,4,LR,Depression,Depression,0.03548869023778092,0.8783337081526198,0.08617760160959925
688,4,LR,ME/CFS,ME/CFS,0.27520255011243017,0.2429979160333278,0.48179953385424196
696,4,LR,Both,Both,0.554121335187031,0.1042886313834403,0.3415900334295287
713,4,LR,ME/CFS,ME/CFS,0.0775130688373787,0.28495356169359043,0.6375333694690308
717,4,LR,ME/CFS,ME/CFS,0.3823580930275533,0.0727020076393654,0.5449398993330813
728,4,LR,ME/CFS,ME/CFS,0.18974999513853613,0.028027900152493696,0.7822221047089701
730,4,LR,Both,Both,0.8270821153051915,0.12641859149259455,0.04649929320221411
737,4,LR,ME/CFS,ME/CFS,0.2682285968914453,0.24585247805150595,0.48591892505704887
738,4,LR,ME/CFS,ME/CFS,0.14196396580261475,0.054698952797898624,0.8033370813994866
747,4,LR,ME/CFS,Both,0.4233391113187761,0.1716543312930906,0.40500655738813335
749,4,LR,ME/CFS,Both,0.4622324708893552,0.1544087919960715,0.3833587371145733
753,4,LR,Depression,Depression,0.2055345394719655,0.7644153947173367,0.030050065810697933
756,4,LR,Depression,Depression,0.09143937620421189,0.8796876782116441,0.02887294558414403
763,4,LR,Depression,Depression,0.122897563693388,0.8291814720282794,0.04792096427833253
769,4,LR,ME/CFS,ME/CFS,0.33528775603732525,0.0742239945565706,0.5904882494061042
787,4,LR,Depression,Depression,0.10084728453792494,0.8829441463146627,0.01620856914741248
789,4,LR,Depression,Depression,0.06262315589280543,0.7537908420157081,0.18358600209148648
790,4,LR,ME/CFS,ME/CFS,0.31824838351049145,0.052599665281063815,0.6291519512084448
791,4,LR,ME/CFS,ME/CFS,0.11408479771281595,0.11919944744923604,0.7667157548379481
794,4,LR,Both,Both,0.4775929838186152,0.12498808500298045,0.39741893117840443
797,4,LR,ME/CFS,ME/CFS,0.039396048740586914,0.0772640958695498,0.8833398553898633
799,4,LR,Depression,Depression,0.3539323707676671,0.4319797898802942,0.2140878393520388
801,4,LR,Depression,Depression,0.08194033572434889,0.8718546069003428,0.046205057375308375
803,4,LR,ME/CFS,Both,0.47026583453020776,0.21812666776093695,0.3116074977088552
806,4,LR,Both,Both,0.53980664041862,0.12278017418574116,0.33741318539563875
809,4,LR,ME/CFS,ME/CFS,0.3606504130471396,0.15679638212945807,0.4825532048234023
810,4,LR,Both,Both,0.629789982134885,0.28388694824952065,0.08632306961559429
818,4,LR,Depression,ME/CFS,0.19743788066080464,0.32273773552398627,0.4798243838152092
830,4,LR,Depression,Both,0.8403397860679366,0.12030580657762655,0.03935440735443692
840,4,LR,Both,ME/CFS,0.3351065901008634,0.14455821753144668,0.52033519236769
848,4,LR,ME/CFS,Both,0.5477426141880881,0.06323232295780908,0.3890250628541027
852,4,LR,Depression,Both,0.7827834079377748,0.15829208243258033,0.05892450962964492
856,4,LR,ME/CFS,ME/CFS,0.40797225624966965,0.13351251963274416,0.45851522411758633
864,4,LR,Depression,Depression,0.04953762630204528,0.942594583632721,0.007867790065233655
869,4,LR,Depression,Depression,0.03636096714974754,0.8463956064641113,0.11724342638614124
879,4,LR,Both,Depression,0.15430827744593661,0.7949148962041319,0.05077682634993149
884,4,LR,ME/CFS,ME/CFS,0.09235950925758224,0.09269544765924656,0.8149450430831713
888,4,LR,Depression,Depression,0.33303599213938895,0.6253762738801621,0.04158773398044886
891,4,LR,Depression,Depression,0.07646082924952827,0.646584955714578,0.27695421503589374
898,4,LR,Depression,Depression,0.17214765466568088,0.6846717908499496,0.14318055448436953
904,4,LR,ME/CFS,ME/CFS,0.09022659010428552,0.0356734837749314,0.874099926120783
909,4,LR,ME/CFS,ME/CFS,0.24831525447305822,0.06112812810631193,0.6905566174206299
917,4,LR,Depression,Depression,0.16114868941694063,0.7274754848725402,0.11137582571051913
920,4,LR,Both,Both,0.6858651253130541,0.1463588041065459,0.16777607058040006
921,4,LR,Both,Both,0.8614965386484744,0.08706400494390303,0.05143945640762244
926,4,LR,Both,Both,0.6511880180198008,0.049366643167955124,0.2994453388122441
930,4,LR,Depression,Depression,0.12909712723571434,0.8261850830248211,0.0447177897394644
935,4,LR,Depression,Depression,0.22339374964575778,0.4161063355763875,0.3604999147778548
936,4,LR,Depression,Depression,0.093840002112445,0.7866247058742023,0.1195352920133527
940,4,LR,ME/CFS,ME/CFS,0.08837394544167326,0.11352246641369709,0.7981035881446296
941,4,LR,Depression,Both,0.6744171827461741,0.1750633770930756,0.15051944016075033
942,4,LR,Both,Both,0.44461908177785475,0.1980465105854431,0.35733440763670216
946,4,LR,Both,ME/CFS,0.3272662203113991,0.2056180575243658,0.46711572216423497
948,4,LR,Depression,Depression,0.01804810064045061,0.8688838928450263,0.11306800651452302
950,4,LR,ME/CFS,ME/CFS,0.08351485320244655,0.03443823458669443,0.882046912210859
951,4,LR,Both,Both,0.658657714322513,0.11763365449920211,0.22370863117828504
953,4,LR,Depression,Depression,0.3385838984643991,0.5994233432531962,0.06199275828240472
955,4,LR,Depression,Depression,0.12451457723159995,0.4676516163223092,0.4078338064460908
962,4,LR,Both,Both,0.707213352448755,0.12302200208319126,0.16976464546805356
963,4,LR,Both,Both,0.39121673182507144,0.3287000929525706,0.28008317522235787
966,4,LR,Depression,ME/CFS,0.09593346536681815,0.34473912867848977,0.5593274059546921
968,4,LR,Depression,Depression,0.1254487196563553,0.6985847461363272,0.1759665342073175
969,4,LR,ME/CFS,ME/CFS,0.09702197518776574,0.19031030378246155,0.7126677210297727
971,4,LR,Depression,Depression,0.1377770741544901,0.8121038089641796,0.05011911688133025
974,4,LR,Depression,Depression,0.3040479528114797,0.4114551889694362,0.284496858219084
975,4,LR,Both,Both,0.5031486752824292,0.11106414343707463,0.38578718128049605
978,4,LR,Both,ME/CFS,0.3342954466663368,0.0759553405289823,0.5897492128046808
979,4,LR,Depression,ME/CFS,0.17518081259535576,0.3774702423022583,0.44734894510238593
984,4,LR,ME/CFS,ME/CFS,0.32122143020980104,0.1334635289380137,0.5453150408521853
987,4,LR,ME/CFS,ME/CFS,0.25453126266958226,0.15379550674274037,0.5916732305876773
988,4,LR,Depression,Depression,0.309660208942463,0.5547583403792753,0.13558145067826172
991,4,LR,ME/CFS,ME/CFS,0.2976963579425969,0.11357106503827695,0.5887325770191262
999,4,LR,Depression,Depression,0.3391370165885096,0.6067644124454384,0.054098570966052084
1003,4,LR,Depression,Depression,0.025730067308227897,0.9550000272593768,0.01926990543239535
1007,4,LR,Both,ME/CFS,0.32968274177134227,0.21747472582126795,0.45284253240738964
1014,4,LR,Both,Both,0.7429324084732558,0.0672514025107779,0.18981618901596617
1015,4,LR,Depression,Depression,0.02406461097724234,0.8778545045275982,0.09808088449515948
1018,4,LR,ME/CFS,ME/CFS,0.08418481975632347,0.0284068487703452,0.8874083314733313
1020,4,LR,ME/CFS,ME/CFS,0.13813119038649535,0.0968759841032121,0.7649928255102926
1025,4,LR,ME/CFS,Depression,0.19617340738065672,0.4589163785131866,0.34491021410615674
1029,4,LR,Depression,Depression,0.05262664982684911,0.8969312371774238,0.050442112995727165
1040,4,LR,ME/CFS,ME/CFS,0.22405308253886722,0.3124110398106519,0.46353587765048093
1041,4,LR,ME/CFS,Both,0.47129140192826063,0.11762336809756546,0.4110852299741739
1046,4,LR,Depression,Depression,0.41308001206644884,0.4823771405538172,0.10454284737973397
1060,4,LR,Both,Depression,0.2297601187171716,0.6959688859551679,0.07427099532766047
1066,4,LR,Depression,Depression,0.2462342247749578,0.7124873215123603,0.04127845371268176
1069,4,LR,Depression,Depression,0.031070420310604717,0.9529376115277511,0.015991968161644242
1075,4,LR,Depression,Depression,0.046373777689653006,0.940584200864817,0.013042021445530004
1077,4,LR,ME/CFS,ME/CFS,0.13398289778737457,0.0597708881492451,0.8062462140633804
1079,4,LR,Depression,Depression,0.05192891746923294,0.9321736784599718,0.015897404070795228
1080,4,LR,Both,Both,0.5876832070190764,0.05923779163644982,0.35307900134447384
1083,4,LR,ME/CFS,ME/CFS,0.4302447922839134,0.08185661487093102,0.48789859284515547
1089,4,LR,Both,Both,0.5723656112099483,0.25643765741655383,0.17119673137349778
1090,4,LR,ME/CFS,ME/CFS,0.17191151090777823,0.15105733013440983,0.677031158957812
1092,4,LR,ME/CFS,ME/CFS,0.36411265686047695,0.08542346490923217,0.5504638782302909
1093,4,LR,Both,Both,0.5083155121515955,0.11492578944088006,0.37675869840752424
1095,4,LR,ME/CFS,ME/CFS,0.27012362285408015,0.08109565467640568,0.6487807224695142
1103,4,LR,Depression,Depression,0.40374425879620335,0.40945155963854774,0.18680418156524892
1105,4,LR,Depression,Depression,0.3137268208302501,0.41688022967568467,0.2693929494940652
1110,4,LR,Depression,Depression,0.12602074433385851,0.7592646918924331,0.1147145637737085
1114,4,LR,ME/CFS,Depression,0.2128106238113996,0.43269166824680544,0.354497707941795
1118,4,LR,ME/CFS,ME/CFS,0.3566206599564888,0.2789383339366208,0.36444100610689045
1143,4,LR,ME/CFS,ME/CFS,0.07156340364866283,0.090737936758702,0.8376986595926351
1144,4,LR,ME/CFS,ME/CFS,0.06947256116279434,0.10384211398839419,0.8266853248488115
1156,4,LR,Both,Both,0.5258365190918233,0.2041033791143391,0.2700601017938377
1157,4,LR,ME/CFS,Both,0.4495953412883328,0.22957679724031602,0.3208278614713513
1163,4,LR,Depression,Depression,0.14810036412415653,0.7638489199118742,0.08805071596396921
1164,4,LR,ME/CFS,Depression,0.08618779739818776,0.7705980749852295,0.1432141276165828
1169,4,LR,Depression,Depression,0.08662899742603117,0.8891845247454886,0.02418647782848028
1171,4,LR,ME/CFS,Both,0.3431929445823083,0.3414338818722572,0.3153731735454344
1178,4,LR,Both,Both,0.7363946939756711,0.09160764158510276,0.17199766443922607
1186,4,LR,Depression,Depression,0.25133286206581656,0.418849955997503,0.3298171819366803
1187,4,LR,ME/CFS,ME/CFS,0.3210658890273315,0.04967993348887936,0.6292541774837891
1196,4,LR,ME/CFS,Both,0.39979098721605905,0.20081610132700894,0.39939291145693195
1202,4,LR,Both,Both,0.900315248730773,0.06417169746879904,0.03551305380042816
1205,4,LR,ME/CFS,ME/CFS,0.3577898445055587,0.09492295761796275,0.5472871978764785
1208,4,LR,Both,Both,0.6415332240917865,0.2687676799921846,0.08969909591602877
1209,4,LR,ME/CFS,ME/CFS,0.1288745432895927,0.020171761202658102,0.8509536955077492
1218,4,LR,Both,Both,0.6864447852688664,0.2001714064815545,0.11338380824957915
1220,4,LR,Depression,Depression,0.04017522071339889,0.8081352497472162,0.15168952953938483
1224,4,LR,Depression,Depression,0.11828835526946699,0.8111976850724133,0.07051395965811981
1225,4,LR,Depression,Depression,0.0747925637467043,0.906710043959555,0.018497392293740807
1238,4,LR,Both,ME/CFS,0.3465600243827062,0.16427054881203945,0.4891694268052542
1242,4,LR,ME/CFS,ME/CFS,0.2195879066527424,0.2761771152132507,0.5042349781340069
1252,4,LR,Depression,Both,0.5677189192734022,0.3349747217791887,0.09730635894740912
1256,4,LR,ME/CFS,ME/CFS,0.06154973649604153,0.05076408330822814,0.8876861801957303
1260,4,LR,ME/CFS,ME/CFS,0.2993252803961806,0.3063220363523494,0.39435268325146994
1264,4,LR,Depression,Depression,0.2604109503849935,0.4410365690061331,0.29855248060887335
1267,4,LR,ME/CFS,ME/CFS,0.4128391475380196,0.1263721277192937,0.4607887247426866
1274,4,LR,ME/CFS,Both,0.4958170792311847,0.13886277117918827,0.36532014958962716
1281,4,LR,Depression,Depression,0.05273043973410516,0.9220428474773296,0.025226712788565236
1286,4,LR,Both,Depression,0.2193983807086067,0.686949958639799,0.09365166065159443
1289,4,LR,Depression,Depression,0.03584123749749446,0.7177626283852124,0.24639613411729316
1303,4,LR,Both,Depression,0.3536723097861743,0.42439843666119814,0.22192925355262758
1305,4,LR,Depression,Depression,0.18278056945917498,0.43554046440820443,0.38167896613262065
1306,4,LR,Both,Both,0.5687809808567869,0.2227111567138696,0.2085078624293434
1307,4,LR,Both,Both,0.8311497474783626,0.12701595378331415,0.04183429873832347
1308,4,LR,ME/CFS,ME/CFS,0.3738986666380114,0.17289859245903222,0.45320274090295654
1312,4,LR,Depression,Both,0.7056723098296108,0.24096487623631457,0.053362813934074646
1316,4,LR,Depression,Depression,0.0445431242028491,0.6540995265470584,0.30135734925009244
1319,4,LR,ME/CFS,ME/CFS,0.22471083330350647,0.04162064819909188,0.7336685184974017
1328,4,LR,ME/CFS,ME/CFS,0.18899898198556342,0.08670029163879066,0.724300726375646
1338,4,LR,Both,Both,0.8395884988393026,0.09175903118241854,0.06865246997827891
1342,4,LR,Depression,Both,0.4680893508684018,0.20184600696859423,0.330064642163004
1343,4,LR,ME/CFS,Both,0.410156574608341,0.1921936198011132,0.39764980559054575
1346,4,LR,ME/CFS,ME/CFS,0.07122684150049348,0.026011466771379183,0.9027616917281275
1369,4,LR,Depression,ME/CFS,0.2662641753051399,0.19457926987427307,0.539156554820587
1371,4,LR,Both,ME/CFS,0.28694129481415975,0.1482663132943341,0.5647923918915062
1374,4,LR,ME/CFS,ME/CFS,0.4225931257257703,0.09980353933075356,0.4776033349434761
1378,4,LR,Depression,Depression,0.05590180294623571,0.7618087709412416,0.1822894261125228
1382,4,LR,Both,Both,0.6146903006679564,0.21364782924086484,0.17166187009117878
1387,4,LR,ME/CFS,Both,0.5903639172183865,0.08164696637824664,0.3279891164033668
1391,4,LR,Both,Both,0.8316617895144315,0.05468307978303947,0.11365513070252908
1392,4,LR,ME/CFS,ME/CFS,0.1689928573090511,0.08205878591116382,0.7489483567797852
1407,4,LR,ME/CFS,ME/CFS,0.1915305409501712,0.10771444196167004,0.7007550170881587
1410,4,LR,ME/CFS,ME/CFS,0.2409313291549912,0.03021124749632889,0.72885742334868
1417,4,LR,ME/CFS,ME/CFS,0.19076667424075822,0.1547341721444452,0.6544991536147966
1419,4,LR,Both,Both,0.4331628859581629,0.1413819893363719,0.4254551247054651
1422,4,LR,Depression,Depression,0.028409468040190046,0.7951759679658489,0.17641456399396102
1428,4,LR,Depression,Depression,0.03393165760173816,0.7895121440643523,0.17655619833390948
1435,4,LR,Depression,Depression,0.029591809732025357,0.9218813285056696,0.04852686176230504
1441,4,LR,ME/CFS,Depression,0.054906418300357175,0.5314725437253822,0.41362103797426064
1450,4,LR,Both,Both,0.41728949128439624,0.22944834841650982,0.35326216029909385
1454,4,LR,Both,Both,0.44440964027195773,0.21920704487431075,0.3363833148537314
1455,4,LR,Depression,Depression,0.11423945579170103,0.5481904135969388,0.3375701306113603
1462,4,LR,Both,Both,0.5769192287475443,0.05954279308358876,0.363537978168867
1463,4,LR,ME/CFS,ME/CFS,0.2751016888485115,0.23162609523880803,0.4932722159126806
1464,4,LR,ME/CFS,ME/CFS,0.12258744489167324,0.045136706642284766,0.832275848466042
1466,4,LR,Both,Both,0.4697863155233075,0.13104040140010156,0.39917328307659083
1467,4,LR,Both,ME/CFS,0.4470184262095528,0.06418263912061052,0.4887989346698367
1468,4,LR,Both,Both,0.9199665715380991,0.054251139346294795,0.025782289115606042
1470,4,LR,ME/CFS,Depression,0.2799476635457651,0.3608612931960075,0.3591910432582274
1475,4,LR,ME/CFS,ME/CFS,0.15709889188781143,0.22922240799331053,0.613678700118878
1484,4,LR,ME/CFS,ME/CFS,0.08461185564271444,0.05163098210359992,0.8637571622536857
1488,4,LR,Depression,Depression,0.08847314950181354,0.8705999168329339,0.040926933665252525
1492,4,LR,Depression,Both,0.6773635936778506,0.127181843219956,0.1954545631021934
1494,4,LR,ME/CFS,ME/CFS,0.26428756058919156,0.2649232425057856,0.4707891969050228
1500,4,LR,Depression,Depression,0.2840513297778317,0.5990909527523433,0.11685771746982511
1507,4,LR,Depression,Depression,0.05471160139933374,0.917157096553051,0.0281313020476153
1508,4,LR,ME/CFS,ME/CFS,0.2946527243971112,0.14236542187764362,0.5629818537252451
1516,4,LR,Both,Both,0.8125989392446253,0.07730777807834815,0.1100932826770266
1520,4,LR,Both,Both,0.5539105675886954,0.09672209724272361,0.3493673351685811
1525,4,LR,ME/CFS,Both,0.3948897925618961,0.2108959348132813,0.39421427262482256
1532,4,LR,Both,Depression,0.428981699463306,0.539483639855591,0.03153466068110293
1542,4,LR,Both,Both,0.5020450341270623,0.2107674872698406,0.2871874786030972
1549,4,LR,ME/CFS,ME/CFS,0.12775946362957882,0.026613881411478673,0.8456266549589426
1553,4,LR,ME/CFS,Depression,0.11702142810568728,0.44730968614922806,0.4356688857450847
1567,4,LR,Both,Both,0.5501355538607369,0.08795983195603203,0.3619046141832311
1570,4,LR,Depression,Depression,0.07334471872324205,0.8918671047203853,0.0347881765563726
1571,4,LR,ME/CFS,ME/CFS,0.09636410644463791,0.03328550746706607,0.870350386088296
1574,4,LR,Depression,Depression,0.13436111236635603,0.8061371431409942,0.059501744492649916
1577,4,LR,Both,Both,0.878146880253814,0.056418859990301544,0.06543425975588457
1580,4,LR,Depression,Depression,0.0484074203133016,0.9141279966126425,0.037464583074055854
1581,4,LR,ME/CFS,ME/CFS,0.10521364316258705,0.06021991587026379,0.8345664409671492
1585,4,LR,Both,Both,0.7616356022036459,0.06542238780952248,0.17294200998683146
1587,4,LR,Both,Both,0.7267169173100938,0.15013217798088213,0.12315090470902407
1589,4,LR,Depression,Depression,0.1120866980006698,0.8717908502313715,0.016122451767958828
1594,4,LR,Both,Both,0.7098954954522742,0.2510720634027665,0.039032441144959254
1596,4,LR,ME/CFS,ME/CFS,0.3661626785449717,0.058070502915761206,0.575766818539267
1598,4,LR,ME/CFS,Both,0.4464812935880916,0.11792498641040852,0.43559372000149993
1611,4,LR,ME/CFS,ME/CFS,0.23745745236095636,0.06957132099591808,0.6929712266431256
1615,4,LR,Depression,Depression,0.11470381993710113,0.4433106644668146,0.4419855155960843
7,4,DT,ME/CFS,ME/CFS,0.39580317892029976,0.09692511118934528,0.5072717098903597
23,4,DT,Depression,Depression,0.0,1.0,0.0
27,4,DT,ME/CFS,ME/CFS,0.39580317892029976,0.09692511118934528,0.5072717098903597
33,4,DT,ME/CFS,ME/CFS,0.0,0.010406412600196879,0.9895935873998033
38,4,DT,Both,Both,0.9372903225806458,0.06270967741935472,0.0
39,4,DT,Depression,Depression,0.13543871935276589,0.6894845113835051,0.17507676926372978
43,4,DT,Depression,Depression,0.13543871935276589,0.6894845113835051,0.17507676926372978
48,4,DT,ME/CFS,ME/CFS,0.39580317892029976,0.09692511118934528,0.5072717098903597
54,4,DT,ME/CFS,ME/CFS,0.39580317892029976,0.09692511118934528,0.5072717098903597
60,4,DT,ME/CFS,ME/CFS,0.0,0.0,1.0
81,4,DT,Both,Both,0.9372903225806458,0.06270967741935472,0.0
82,4,DT,Both,Both,0.9372903225806458,0.06270967741935472,0.0
84,4,DT,Both,Depression,0.13543871935276589,0.6894845113835051,0.17507676926372978
85,4,DT,ME/CFS,ME/CFS,0.39580317892029976,0.09692511118934528,0.5072717098903597
88,4,DT,Both,Both,0.9372903225806458,0.06270967741935472,0.0
104,4,DT,ME/CFS,ME/CFS,0.39580317892029976,0.09692511118934528,0.5072717098903597
106,4,DT,ME/CFS,ME/CFS,0.0,0.010406412600196879,0.9895935873998033
107,4,DT,ME/CFS,ME/CFS,0.39580317892029976,0.09692511118934528,0.5072717098903597
117,4,DT,Depression,Depression,0.13543871935276589,0.6894845113835051,0.17507676926372978
119,4,DT,Both,ME/CFS,0.39580317892029976,0.09692511118934528,0.5072717098903597
121,4,DT,Depression,Depression,0.13543871935276589,0.6894845113835051,0.17507676926372978
130,4,DT,ME/CFS,ME/CFS,0.39580317892029976,0.09692511118934528,0.5072717098903597
134,4,DT,Depression,Depression,0.0,1.0,0.0
135,4,DT,Both,Both,0.9372903225806458,0.06270967741935472,0.0
140,4,DT,Both,Both,0.9372903225806458,0.06270967741935472,0.0
144,4,DT,ME/CFS,ME/CFS,0.39580317892029976,0.09692511118934528,0.5072717098903597
153,4,DT,Both,Both,0.9372903225806458,0.06270967741935472,0.0
154,4,DT,ME/CFS,Depression,0.13543871935276589,0.6894845113835051,0.17507676926372978
160,4,DT,ME/CFS,ME/CFS,0.39580317892029976,0.09692511118934528,0.5072717098903597
175,4,DT,ME/CFS,ME/CFS,0.0,0.010406412600196879,0.9895935873998033
176,4,DT,Depression,Depression,0.0,1.0,0.0
177,4,DT,ME/CFS,ME/CFS,0.0,0.010406412600196879,0.9895935873998033
193,4,DT,Depression,Depression,0.13543871935276589,0.6894845113835051,0.17507676926372978
199,4,DT,Both,Both,0.9372903225806458,0.06270967741935472,0.0
206,4,DT,Depression,Depression,0.13543871935276589,0.6894845113835051,0.17507676926372978
207,4,DT,Depression,Depression,0.13543871935276589,0.6894845113835051,0.17507676926372978
210,4,DT,ME/CFS,ME/CFS,0.39580317892029976,0.09692511118934528,0.5072717098903597
212,4,DT,ME/CFS,ME/CFS,0.39580317892029976,0.09692511118934528,0.5072717098903597
223,4,DT,ME/CFS,ME/CFS,0.39580317892029976,0.09692511118934528,0.5072717098903597
229,4,DT,ME/CFS,ME/CFS,0.0,0.010406412600196879,0.9895935873998033
245,4,DT,ME/CFS,ME/CFS,0.0,0.010406412600196879,0.9895935873998033
253,4,DT,Depression,Depression,0.0,1.0,0.0
259,4,DT,Depression,Depression,0.13543871935276589,0.6894845113835051,0.17507676926372978
263,4,DT,Both,Both,0.9372903225806458,0.06270967741935472,0.0
271,4,DT,Depression,Depression,0.13543871935276589,0.6894845113835051,0.17507676926372978
275,4,DT,Depression,Depression,0.13543871935276589,0.6894845113835051,0.17507676926372978
281,4,DT,ME/CFS,Depression,0.13543871935276589,0.6894845113835051,0.17507676926372978
287,4,DT,Depression,Depression,0.13543871935276589,0.6894845113835051,0.17507676926372978
288,4,DT,Both,Both,0.9372903225806458,0.06270967741935472,0.0
297,4,DT,Both,ME/CFS,0.39580317892029976,0.09692511118934528,0.5072717098903597
302,4,DT,ME/CFS,ME/CFS,0.39580317892029976,0.09692511118934528,0.5072717098903597
306,4,DT,Depression,Depression,0.13543871935276589,0.6894845113835051,0.17507676926372978
316,4,DT,ME/CFS,ME/CFS,0.39580317892029976,0.09692511118934528,0.5072717098903597
320,4,DT,ME/CFS,ME/CFS,0.0,0.010406412600196879,0.9895935873998033
334,4,DT,Depression,Depression,0.13543871935276589,0.6894845113835051,0.17507676926372978
336,4,DT,Depression,Depression,0.13543871935276589,0.6894845113835051,0.17507676926372978
345,4,DT,ME/CFS,ME/CFS,0.0,0.010406412600196879,0.9895935873998033
346,4,DT,Both,ME/CFS,0.39580317892029976,0.09692511118934528,0.5072717098903597
350,4,DT,ME/CFS,ME/CFS,0.0,0.010406412600196879,0.9895935873998033
354,4,DT,Both,ME/CFS,0.39580317892029976,0.09692511118934528,0.5072717098903597
364,4,DT,Both,ME/CFS,0.39580317892029976,0.09692511118934528,0.5072717098903597
370,4,DT,Depression,Depression,0.13543871935276589,0.6894845113835051,0.17507676926372978
373,4,DT,Depression,Depression,0.13543871935276589,0.6894845113835051,0.17507676926372978
374,4,DT,Depression,Depression,0.0,1.0,0.0
377,4,DT,Depression,Depression,0.13543871935276589,0.6894845113835051,0.17507676926372978
393,4,DT,Both,ME/CFS,0.39580317892029976,0.09692511118934528,0.5072717098903597
396,4,DT,ME/CFS,Depression,0.13543871935276589,0.6894845113835051,0.17507676926372978
399,4,DT,Both,ME/CFS,0.39580317892029976,0.09692511118934528,0.5072717098903597
400,4,DT,ME/CFS,ME/CFS,0.39580317892029976,0.09692511118934528,0.5072717098903597
413,4,DT,Depression,ME/CFS,0.39580317892029976,0.09692511118934528,0.5072717098903597
414,4,DT,ME/CFS,ME/CFS,0.0,0.010406412600196879,0.9895935873998033
415,4,DT,Both,Both,0.9372903225806458,0.06270967741935472,0.0
416,4,DT,Depression,Both,0.9372903225806458,0.06270967741935472,0.0
425,4,DT,Depression,Depression,0.0,1.0,0.0
426,4,DT,ME/CFS,ME/CFS,0.0,0.010406412600196879,0.9895935873998033
428,4,DT,ME/CFS,ME/CFS,0.0,0.010406412600196879,0.9895935873998033
433,4,DT,ME/CFS,ME/CFS,0.39580317892029976,0.09692511118934528,0.5072717098903597
434,4,DT,Depression,Depression,0.13543871935276589,0.6894845113835051,0.17507676926372978
436,4,DT,Depression,Depression,0.0,1.0,0.0
447,4,DT,ME/CFS,ME/CFS,0.39580317892029976,0.09692511118934528,0.5072717098903597
450,4,DT,Depression,Depression,0.13543871935276589,0.6894845113835051,0.17507676926372978
458,4,DT,Depression,ME/CFS,0.39580317892029976,0.09692511118934528,0.5072717098903597
459,4,DT,ME/CFS,ME/CFS,0.39580317892029976,0.09692511118934528,0.5072717098903597
463,4,DT,Depression,Depression,0.13543871935276589,0.6894845113835051,0.17507676926372978
470,4,DT,Both,Both,0.9372903225806458,0.06270967741935472,0.0
479,4,DT,ME/CFS,ME/CFS,0.39580317892029976,0.09692511118934528,0.5072717098903597
482,4,DT,Both,Both,0.9372903225806458,0.06270967741935472,0.0
483,4,DT,Depression,Depression,0.13543871935276589,0.6894845113835051,0.17507676926372978
484,4,DT,Both,ME/CFS,0.39580317892029976,0.09692511118934528,0.5072717098903597
487,4,DT,ME/CFS,Depression,0.13543871935276589,0.6894845113835051,0.17507676926372978
494,4,DT,Depression,Depression,0.0,1.0,0.0
498,4,DT,Depression,Depression,0.0,1.0,0.0
506,4,DT,ME/CFS,ME/CFS,0.0,0.010406412600196879,0.9895935873998033
510,4,DT,Depression,ME/CFS,0.39580317892029976,0.09692511118934528,0.5072717098903597
514,4,DT,Depression,Depression,0.13543871935276589,0.6894845113835051,0.17507676926372978
515,4,DT,ME/CFS,ME/CFS,0.0,0.010406412600196879,0.9895935873998033
525,4,DT,Depression,Depression,0.13543871935276589,0.6894845113835051,0.17507676926372978
533,4,DT,Depression,Depression,0.13543871935276589,0.6894845113835051,0.17507676926372978
554,4,DT,ME/CFS,ME/CFS,0.39580317892029976,0.09692511118934528,0.5072717098903597
563,4,DT,ME/CFS,ME/CFS,0.39580317892029976,0.09692511118934528,0.5072717098903597
576,4,DT,ME/CFS,ME/CFS,0.0,0.010406412600196879,0.9895935873998033
585,4,DT,Depression,Depression,0.0,1.0,0.0
587,4,DT,Both,Depression,0.13543871935276589,0.6894845113835051,0.17507676926372978
602,4,DT,Depression,Depression,0.13543871935276589,0.6894845113835051,0.17507676926372978
608,4,DT,Both,Both,0.9372903225806458,0.06270967741935472,0.0
623,4,DT,Both,Both,0.9372903225806458,0.06270967741935472,0.0
625,4,DT,ME/CFS,ME/CFS,0.39580317892029976,0.09692511118934528,0.5072717098903597
626,4,DT,Depression,Depression,0.13543871935276589,0.6894845113835051,0.17507676926372978
633,4,DT,Depression,Depression,0.13543871935276589,0.6894845113835051,0.17507676926372978
635,4,DT,Depression,Depression,0.13543871935276589,0.6894845113835051,0.17507676926372978
645,4,DT,ME/CFS,ME/CFS,0.0,0.010406412600196879,0.9895935873998033
650,4,DT,ME/CFS,ME/CFS,0.0,0.010406412600196879,0.9895935873998033
654,4,DT,ME/CFS,Depression,0.13543871935276589,0.6894845113835051,0.17507676926372978
661,4,DT,ME/CFS,ME/CFS,0.0,0.010406412600196879,0.9895935873998033
663,4,DT,ME/CFS,ME/CFS,0.0,0.010406412600196879,0.9895935873998033
667,4,DT,Both,ME/CFS,0.39580317892029976,0.09692511118934528,0.5072717098903597
668,4,DT,ME/CFS,ME/CFS,0.39580317892029976,0.09692511118934528,0.5072717098903597
670,4,DT,Both,Depression,0.13543871935276589,0.6894845113835051,0.17507676926372978
673,4,DT,Both,Both,0.9372903225806458,0.06270967741935472,0.0
678,4,DT,ME/CFS,ME/CFS,0.39580317892029976,0.09692511118934528,0.5072717098903597
681,4,DT,ME/CFS,ME/CFS,0.0,0.0,1.0
682,4,DT,ME/CFS,Depression,0.13543871935276589,0.6894845113835051,0.17507676926372978
684,4,DT,Depression,Depression,0.0,1.0,0.0
688,4,DT,ME/CFS,ME/CFS,0.39580317892029976,0.09692511118934528,0.5072717098903597
696,4,DT,Both,ME/CFS,0.39580317892029976,0.09692511118934528,0.5072717098903597
713,4,DT,ME/CFS,ME/CFS,0.0,0.0,1.0
717,4,DT,ME/CFS,ME/CFS,0.39580317892029976,0.09692511118934528,0.5072717098903597
728,4,DT,ME/CFS,ME/CFS,0.0,0.010406412600196879,0.9895935873998033
730,4,DT,Both,Both,0.9372903225806458,0.06270967741935472,0.0
737,4,DT,ME/CFS,ME/CFS,0.39580317892029976,0.09692511118934528,0.5072717098903597
738,4,DT,ME/CFS,ME/CFS,0.0,0.010406412600196879,0.9895935873998033
747,4,DT,ME/CFS,ME/CFS,0.39580317892029976,0.09692511118934528,0.5072717098903597
749,4,DT,ME/CFS,ME/CFS,0.39580317892029976,0.09692511118934528,0.5072717098903597
753,4,DT,Depression,Depression,0.13543871935276589,0.6894845113835051,0.17507676926372978
756,4,DT,Depression,Depression,0.0,1.0,0.0
763,4,DT,Depression,Depression,0.13543871935276589,0.6894845113835051,0.17507676926372978
769,4,DT,ME/CFS,ME/CFS,0.39580317892029976,0.09692511118934528,0.5072717098903597
787,4,DT,Depression,Depression,0.0,1.0,0.0
789,4,DT,Depression,Depression,0.0,1.0,0.0
790,4,DT,ME/CFS,ME/CFS,0.0,0.010406412600196879,0.9895935873998033
791,4,DT,ME/CFS,ME/CFS,0.0,0.010406412600196879,0.9895935873998033
794,4,DT,Both,ME/CFS,0.39580317892029976,0.09692511118934528,0.5072717098903597
797,4,DT,ME/CFS,ME/CFS,0.0,0.010406412600196879,0.9895935873998033
799,4,DT,Depression,Depression,0.13543871935276589,0.6894845113835051,0.17507676926372978
801,4,DT,Depression,Depression,0.0,1.0,0.0
803,4,DT,ME/CFS,ME/CFS,0.39580317892029976,0.09692511118934528,0.5072717098903597
806,4,DT,Both,ME/CFS,0.39580317892029976,0.09692511118934528,0.5072717098903597
809,4,DT,ME/CFS,ME/CFS,0.39580317892029976,0.09692511118934528,0.5072717098903597
810,4,DT,Both,Both,0.9372903225806458,0.06270967741935472,0.0
818,4,DT,Depression,ME/CFS,0.39580317892029976,0.09692511118934528,0.5072717098903597
830,4,DT,Depression,Both,0.9372903225806458,0.06270967741935472,0.0
840,4,DT,Both,ME/CFS,0.39580317892029976,0.09692511118934528,0.5072717098903597
848,4,DT,ME/CFS,ME/CFS,0.39580317892029976,0.09692511118934528,0.5072717098903597
852,4,DT,Depression,Both,0.9372903225806458,0.06270967741935472,0.0
856,4,DT,ME/CFS,ME/CFS,0.39580317892029976,0.09692511118934528,0.5072717098903597
864,4,DT,Depression,Depression,0.0,1.0,0.0
869,4,DT,Depression,Depression,0.0,1.0,0.0
879,4,DT,Both,Depression,0.13543871935276589,0.6894845113835051,0.17507676926372978
884,4,DT,ME/CFS,ME/CFS,0.0,0.010406412600196879,0.9895935873998033
888,4,DT,Depression,Depression,0.13543871935276589,0.6894845113835051,0.17507676926372978
891,4,DT,Depression,Depression,0.13543871935276589,0.6894845113835051,0.17507676926372978
898,4,DT,Depression,Depression,0.13543871935276589,0.6894845113835051,0.17507676926372978
904,4,DT,ME/CFS,ME/CFS,0.0,0.010406412600196879,0.9895935873998033
909,4,DT,ME/CFS,ME/CFS,0.0,0.010406412600196879,0.9895935873998033
917,4,DT,Depression,Depression,0.13543871935276589,0.6894845113835051,0.17507676926372978
920,4,DT,Both,Both,0.9372903225806458,0.06270967741935472,0.0
921,4,DT,Both,Both,0.9372903225806458,0.06270967741935472,0.0
926,4,DT,Both,ME/CFS,0.39580317892029976,0.09692511118934528,0.5072717098903597
930,4,DT,Depression,Depression,0.0,1.0,0.0
935,4,DT,Depression,Depression,0.13543871935276589,0.6894845113835051,0.17507676926372978
936,4,DT,Depression,Depression,0.0,1.0,0.0
940,4,DT,ME/CFS,ME/CFS,0.0,0.010406412600196879,0.9895935873998033
941,4,DT,Depression,Both,0.9372903225806458,0.06270967741935472,0.0
942,4,DT,Both,ME/CFS,0.39580317892029976,0.09692511118934528,0.5072717098903597
946,4,DT,Both,ME/CFS,0.39580317892029976,0.09692511118934528,0.5072717098903597
948,4,DT,Depression,Depression,0.0,1.0,0.0
950,4,DT,ME/CFS,ME/CFS,0.0,0.010406412600196879,0.9895935873998033
951,4,DT,Both,Both,0.9372903225806458,0.06270967741935472,0.0
953,4,DT,Depression,Depression,0.13543871935276589,0.6894845113835051,0.17507676926372978
955,4,DT,Depression,Depression,0.13543871935276589,0.6894845113835051,0.17507676926372978
962,4,DT,Both,Both,0.9372903225806458,0.06270967741935472,0.0
963,4,DT,Both,Both,0.9372903225806458,0.06270967741935472,0.0
966,4,DT,Depression,Depression,0.13543871935276589,0.6894845113835051,0.17507676926372978
968,4,DT,Depression,ME/CFS,0.39580317892029976,0.09692511118934528,0.5072717098903597
969,4,DT,ME/CFS,ME/CFS,0.0,0.010406412600196879,0.9895935873998033
971,4,DT,Depression,Depression,0.13543871935276589,0.6894845113835051,0.17507676926372978
974,4,DT,Depression,Depression,0.0,1.0,0.0
975,4,DT,Both,ME/CFS,0.39580317892029976,0.09692511118934528,0.5072717098903597
978,4,DT,Both,ME/CFS,0.39580317892029976,0.09692511118934528,0.5072717098903597
979,4,DT,Depression,Depression,0.13543871935276589,0.6894845113835051,0.17507676926372978
984,4,DT,ME/CFS,ME/CFS,0.39580317892029976,0.09692511118934528,0.5072717098903597
987,4,DT,ME/CFS,ME/CFS,0.0,0.010406412600196879,0.9895935873998033
988,4,DT,Depression,Depression,0.13543871935276589,0.6894845113835051,0.17507676926372978
991,4,DT,ME/CFS,ME/CFS,0.39580317892029976,0.09692511118934528,0.5072717098903597
999,4,DT,Depression,Depression,0.13543871935276589,0.6894845113835051,0.17507676926372978
1003,4,DT,Depression,Depression,0.0,1.0,0.0
1007,4,DT,Both,ME/CFS,0.39580317892029976,0.09692511118934528,0.5072717098903597
1014,4,DT,Both,Both,0.9372903225806458,0.06270967741935472,0.0
1015,4,DT,Depression,Depression,0.0,1.0,0.0
1018,4,DT,ME/CFS,ME/CFS,0.0,0.010406412600196879,0.9895935873998033
1020,4,DT,ME/CFS,ME/CFS,0.0,0.010406412600196879,0.9895935873998033
1025,4,DT,ME/CFS,Depression,0.13543871935276589,0.6894845113835051,0.17507676926372978
1029,4,DT,Depression,Depression,0.0,1.0,0.0
1040,4,DT,ME/CFS,ME/CFS,0.39580317892029976,0.09692511118934528,0.5072717098903597
1041,4,DT,ME/CFS,ME/CFS,0.39580317892029976,0.09692511118934528,0.5072717098903597
1046,4,DT,Depression,Depression,0.13543871935276589,0.6894845113835051,0.17507676926372978
1060,4,DT,Both,Depression,0.13543871935276589,0.6894845113835051,0.17507676926372978
1066,4,DT,Depression,Depression,0.13543871935276589,0.6894845113835051,0.17507676926372978
1069,4,DT,Depression,Depression,0.0,1.0,0.0
1075,4,DT,Depression,Depression,0.0,1.0,0.0
1077,4,DT,ME/CFS,ME/CFS,0.0,0.010406412600196879,0.9895935873998033
1079,4,DT,Depression,Depression,0.0,1.0,0.0
1080,4,DT,Both,ME/CFS,0.39580317892029976,0.09692511118934528,0.5072717098903597
1083,4,DT,ME/CFS,ME/CFS,0.39580317892029976,0.09692511118934528,0.5072717098903597
1089,4,DT,Both,Both,0.9372903225806458,0.06270967741935472,0.0
1090,4,DT,ME/CFS,ME/CFS,0.0,0.010406412600196879,0.9895935873998033
1092,4,DT,ME/CFS,ME/CFS,0.39580317892029976,0.09692511118934528,0.5072717098903597
1093,4,DT,Both,ME/CFS,0.39580317892029976,0.09692511118934528,0.5072717098903597
1095,4,DT,ME/CFS,ME/CFS,0.39580317892029976,0.09692511118934528,0.5072717098903597
1103,4,DT,Depression,Depression,0.13543871935276589,0.6894845113835051,0.17507676926372978
1105,4,DT,Depression,Depression,0.13543871935276589,0.6894845113835051,0.17507676926372978
1110,4,DT,Depression,Depression,0.13543871935276589,0.6894845113835051,0.17507676926372978
1114,4,DT,ME/CFS,ME/CFS,0.39580317892029976,0.09692511118934528,0.5072717098903597
1118,4,DT,ME/CFS,ME/CFS,0.39580317892029976,0.09692511118934528,0.5072717098903597
1143,4,DT,ME/CFS,ME/CFS,0.0,0.010406412600196879,0.9895935873998033
1144,4,DT,ME/CFS,ME/CFS,0.0,0.010406412600196879,0.9895935873998033
1156,4,DT,Both,Both,0.9372903225806458,0.06270967741935472,0.0
1157,4,DT,ME/CFS,ME/CFS,0.39580317892029976,0.09692511118934528,0.5072717098903597
1163,4,DT,Depression,Depression,0.13543871935276589,0.6894845113835051,0.17507676926372978
1164,4,DT,ME/CFS,Depression,0.13543871935276589,0.6894845113835051,0.17507676926372978
1169,4,DT,Depression,Depression,0.0,1.0,0.0
1171,4,DT,ME/CFS,ME/CFS,0.39580317892029976,0.09692511118934528,0.5072717098903597
1178,4,DT,Both,Both,0.9372903225806458,0.06270967741935472,0.0
1186,4,DT,Depression,Depression,0.13543871935276589,0.6894845113835051,0.17507676926372978
1187,4,DT,ME/CFS,ME/CFS,0.0,0.010406412600196879,0.9895935873998033
1196,4,DT,ME/CFS,ME/CFS,0.39580317892029976,0.09692511118934528,0.5072717098903597
1202,4,DT,Both,Both,0.9372903225806458,0.06270967741935472,0.0
1205,4,DT,ME/CFS,ME/CFS,0.39580317892029976,0.09692511118934528,0.5072717098903597
1208,4,DT,Both,Depression,0.13543871935276589,0.6894845113835051,0.17507676926372978
1209,4,DT,ME/CFS,ME/CFS,0.0,0.010406412600196879,0.9895935873998033
1218,4,DT,Both,Both,0.9372903225806458,0.06270967741935472,0.0
1220,4,DT,Depression,Depression,0.0,1.0,0.0
1224,4,DT,Depression,Depression,0.13543871935276589,0.6894845113835051,0.17507676926372978
1225,4,DT,Depression,Depression,0.0,1.0,0.0
1238,4,DT,Both,ME/CFS,0.39580317892029976,0.09692511118934528,0.5072717098903597
1242,4,DT,ME/CFS,ME/CFS,0.39580317892029976,0.09692511118934528,0.5072717098903597
1252,4,DT,Depression,Both,0.9372903225806458,0.06270967741935472,0.0
1256,4,DT,ME/CFS,ME/CFS,0.0,0.010406412600196879,0.9895935873998033
1260,4,DT,ME/CFS,ME/CFS,0.39580317892029976,0.09692511118934528,0.5072717098903597
1264,4,DT,Depression,Depression,0.13543871935276589,0.6894845113835051,0.17507676926372978
1267,4,DT,ME/CFS,ME/CFS,0.39580317892029976,0.09692511118934528,0.5072717098903597
1274,4,DT,ME/CFS,ME/CFS,0.39580317892029976,0.09692511118934528,0.5072717098903597
1281,4,DT,Depression,Depression,0.0,1.0,0.0
1286,4,DT,Both,Depression,0.13543871935276589,0.6894845113835051,0.17507676926372978
1289,4,DT,Depression,Depression,0.0,1.0,0.0
1303,4,DT,Both,Depression,0.13543871935276589,0.6894845113835051,0.17507676926372978
1305,4,DT,Depression,Depression,0.13543871935276589,0.6894845113835051,0.17507676926372978
1306,4,DT,Both,Both,0.9372903225806458,0.06270967741935472,0.0
1307,4,DT,Both,Both,0.9372903225806458,0.06270967741935472,0.0
1308,4,DT,ME/CFS,ME/CFS,0.39580317892029976,0.09692511118934528,0.5072717098903597
1312,4,DT,Depression,Both,0.9372903225806458,0.06270967741935472,0.0
1316,4,DT,Depression,Depression,0.13543871935276589,0.6894845113835051,0.17507676926372978
1319,4,DT,ME/CFS,ME/CFS,0.0,0.010406412600196879,0.9895935873998033
1328,4,DT,ME/CFS,ME/CFS,0.0,0.010406412600196879,0.9895935873998033
1338,4,DT,Both,Both,0.9372903225806458,0.06270967741935472,0.0
1342,4,DT,Depression,ME/CFS,0.39580317892029976,0.09692511118934528,0.5072717098903597
1343,4,DT,ME/CFS,ME/CFS,0.39580317892029976,0.09692511118934528,0.5072717098903597
1346,4,DT,ME/CFS,ME/CFS,0.0,0.010406412600196879,0.9895935873998033
1369,4,DT,Depression,ME/CFS,0.39580317892029976,0.09692511118934528,0.5072717098903597
1371,4,DT,Both,ME/CFS,0.39580317892029976,0.09692511118934528,0.5072717098903597
1374,4,DT,ME/CFS,ME/CFS,0.39580317892029976,0.09692511118934528,0.5072717098903597
1378,4,DT,Depression,Depression,0.0,1.0,0.0
1382,4,DT,Both,Both,0.9372903225806458,0.06270967741935472,0.0
1387,4,DT,ME/CFS,ME/CFS,0.39580317892029976,0.09692511118934528,0.5072717098903597
1391,4,DT,Both,Both,0.9372903225806458,0.06270967741935472,0.0
1392,4,DT,ME/CFS,ME/CFS,0.0,0.010406412600196879,0.9895935873998033
1407,4,DT,ME/CFS,ME/CFS,0.0,0.010406412600196879,0.9895935873998033
1410,4,DT,ME/CFS,ME/CFS,0.0,0.010406412600196879,0.9895935873998033
1417,4,DT,ME/CFS,ME/CFS,0.0,0.010406412600196879,0.9895935873998033
1419,4,DT,Both,ME/CFS,0.39580317892029976,0.09692511118934528,0.5072717098903597
1422,4,DT,Depression,Depression,0.0,1.0,0.0
1428,4,DT,Depression,Depression,0.0,1.0,0.0
1435,4,DT,Depression,Depression,0.0,1.0,0.0
1441,4,DT,ME/CFS,ME/CFS,0.0,0.0,1.0
1450,4,DT,Both,ME/CFS,0.39580317892029976,0.09692511118934528,0.5072717098903597
1454,4,DT,Both,ME/CFS,0.39580317892029976,0.09692511118934528,0.5072717098903597
1455,4,DT,Depression,Depression,0.13543871935276589,0.6894845113835051,0.17507676926372978
1462,4,DT,Both,ME/CFS,0.39580317892029976,0.09692511118934528,0.5072717098903597
1463,4,DT,ME/CFS,ME/CFS,0.39580317892029976,0.09692511118934528,0.5072717098903597
1464,4,DT,ME/CFS,ME/CFS,0.0,0.010406412600196879,0.9895935873998033
1466,4,DT,Both,ME/CFS,0.39580317892029976,0.09692511118934528,0.5072717098903597
1467,4,DT,Both,ME/CFS,0.39580317892029976,0.09692511118934528,0.5072717098903597
1468,4,DT,Both,Both,0.9372903225806458,0.06270967741935472,0.0
1470,4,DT,ME/CFS,ME/CFS,0.39580317892029976,0.09692511118934528,0.5072717098903597
1475,4,DT,ME/CFS,ME/CFS,0.39580317892029976,0.09692511118934528,0.5072717098903597
1484,4,DT,ME/CFS,ME/CFS,0.0,0.010406412600196879,0.9895935873998033
1488,4,DT,Depression,Depression,0.0,1.0,0.0
1492,4,DT,Depression,Both,0.9372903225806458,0.06270967741935472,0.0
1494,4,DT,ME/CFS,ME/CFS,0.39580317892029976,0.09692511118934528,0.5072717098903597
1500,4,DT,Depression,Depression,0.13543871935276589,0.6894845113835051,0.17507676926372978
1507,4,DT,Depression,Depression,0.0,1.0,0.0
1508,4,DT,ME/CFS,ME/CFS,0.39580317892029976,0.09692511118934528,0.5072717098903597
1516,4,DT,Both,Both,0.9372903225806458,0.06270967741935472,0.0
1520,4,DT,Both,ME/CFS,0.39580317892029976,0.09692511118934528,0.5072717098903597
1525,4,DT,ME/CFS,ME/CFS,0.39580317892029976,0.09692511118934528,0.5072717098903597
1532,4,DT,Both,Depression,0.13543871935276589,0.6894845113835051,0.17507676926372978
1542,4,DT,Both,Both,0.9372903225806458,0.06270967741935472,0.0
1549,4,DT,ME/CFS,ME/CFS,0.0,0.010406412600196879,0.9895935873998033
1553,4,DT,ME/CFS,Depression,0.13543871935276589,0.6894845113835051,0.17507676926372978
1567,4,DT,Both,ME/CFS,0.39580317892029976,0.09692511118934528,0.5072717098903597
1570,4,DT,Depression,Depression,0.0,1.0,0.0
1571,4,DT,ME/CFS,ME/CFS,0.0,0.010406412600196879,0.9895935873998033
1574,4,DT,Depression,Depression,0.13543871935276589,0.6894845113835051,0.17507676926372978
1577,4,DT,Both,Both,0.9372903225806458,0.06270967741935472,0.0
1580,4,DT,Depression,Depression,0.0,1.0,0.0
1581,4,DT,ME/CFS,ME/CFS,0.0,0.010406412600196879,0.9895935873998033
1585,4,DT,Both,Both,0.9372903225806458,0.06270967741935472,0.0
1587,4,DT,Both,Both,0.9372903225806458,0.06270967741935472,0.0
1589,4,DT,Depression,Depression,0.0,1.0,0.0
1594,4,DT,Both,Both,0.9372903225806458,0.06270967741935472,0.0
1596,4,DT,ME/CFS,ME/CFS,0.39580317892029976,0.09692511118934528,0.5072717098903597
1598,4,DT,ME/CFS,ME/CFS,0.39580317892029976,0.09692511118934528,0.5072717098903597
1611,4,DT,ME/CFS,ME/CFS,0.0,0.010406412600196879,0.9895935873998033
1615,4,DT,Depression,ME/CFS,0.39580317892029976,0.09692511118934528,0.5072717098903597
7,4,RF,ME/CFS,ME/CFS,0.4496403394751637,0.05225000096689925,0.4981096595579373
23,4,RF,Depression,Depression,0.031151067009720965,0.9641417123421057,0.004707220648173424
27,4,RF,ME/CFS,ME/CFS,0.25814983814275444,0.010697847539886497,0.7311523143173595
33,4,RF,ME/CFS,ME/CFS,0.005,0.0,0.995
38,4,RF,Both,Both,0.6258429564820164,0.3579658670473955,0.016191176470588237
39,4,RF,Depression,Depression,0.07176991246120998,0.6747757635721282,0.2534543239666618
43,4,RF,Depression,Depression,0.03851494421350666,0.9564850557864933,0.005
48,4,RF,ME/CFS,ME/CFS,0.2980049806183698,0.10739347298081235,0.594601546400818
54,4,RF,ME/CFS,ME/CFS,0.07947414909968903,0.43011182169710116,0.49041402920320976
60,4,RF,ME/CFS,ME/CFS,0.0,0.01766460905349794,0.9823353909465021
81,4,RF,Both,Both,0.8698043178763218,0.12917123969737582,0.0010244424263022125
82,4,RF,Both,Both,0.809119753875182,0.19088024612481777,0.0
84,4,RF,Both,Depression,0.031101825593366095,0.9615627834601317,0.007335390946502057
85,4,RF,ME/CFS,ME/CFS,0.3463825177954047,0.15036344775570404,0.5032540344488913
88,4,RF,Both,Both,0.9654338542282823,0.03456614577171774,0.0
104,4,RF,ME/CFS,ME/CFS,0.4257128714736641,0.026772254153673944,0.5475148743726624
106,4,RF,ME/CFS,ME/CFS,0.00862308806415646,0.012050871469594979,0.9793260404662486
107,4,RF,ME/CFS,ME/CFS,0.41773591134384064,0.06601475605695006,0.5162493325992095
117,4,RF,Depression,Depression,0.032553900702965356,0.9512014995596242,0.016244599737410464
119,4,RF,Both,ME/CFS,0.27339657931201766,0.04168157996741017,0.6849218407205724
121,4,RF,Depression,Depression,0.08566270163665454,0.6269530476865337,0.2873842506768115
130,4,RF,ME/CFS,ME/CFS,0.023267936034425393,0.3975122370105726,0.5792198269550021
134,4,RF,Depression,Depression,0.0,1.0,0.0
135,4,RF,Both,Both,0.9809029115479245,0.019097088452075403,0.0
140,4,RF,Both,Both,0.8170721584965791,0.18209750746410575,0.0008303340393152127
144,4,RF,ME/CFS,ME/CFS,0.406398583604556,0.011417310190589518,0.5821841062048546
153,4,RF,Both,Both,0.7961091197091662,0.19889088029083382,0.005
154,4,RF,ME/CFS,ME/CFS,0.27572558820746906,0.1920272542266569,0.532247157565874
160,4,RF,ME/CFS,ME/CFS,0.24925523933443416,0.11680835534512607,0.6339364053204399
175,4,RF,ME/CFS,ME/CFS,0.005,0.0,0.995
176,4,RF,Depression,Depression,0.038058352201166996,0.9608111697111836,0.0011304780876494024
177,4,RF,ME/CFS,ME/CFS,0.0016378431383473645,0.0023377144353504235,0.9960244424263022
193,4,RF,Depression,Depression,0.22283553964701475,0.5885110037589513,0.1886534565940341
199,4,RF,Both,Both,0.9282246191050524,0.0698513903961348,0.0019239904988123517
206,4,RF,Depression,Depression,0.10510259911822832,0.6125391760608254,0.28235822482094625
207,4,RF,Depression,Depression,0.06431723174737161,0.7593587277385234,0.1763240405141051
210,4,RF,ME/CFS,ME/CFS,0.2916039389355248,0.03657167426416296,0.6718243868003125
212,4,RF,ME/CFS,ME/CFS,0.04079227802536227,0.17840614117372958,0.7808015808009082
223,4,RF,ME/CFS,ME/CFS,0.06575826306002233,0.3284667686541801,0.6057749682857978
229,4,RF,ME/CFS,ME/CFS,0.0068848330305994136,0.0,0.9931151669694006
245,4,RF,ME/CFS,ME/CFS,0.006152019002375298,0.014047842353399665,0.979800138644225
253,4,RF,Depression,Depression,0.017917737789203084,0.9820822622107969,0.0
259,4,RF,Depression,Depression,0.1533295448674392,0.5627228724042047,0.2839475827283561
263,4,RF,Both,Both,0.9918655684045588,0.00416452442159383,0.00396990717384724
271,4,RF,Depression,Depression,0.05670119700924574,0.5948385217623239,0.34846028122843026
275,4,RF,Depression,Depression,0.26762232486790816,0.7304536846332794,0.0019239904988123517
281,4,RF,ME/CFS,ME/CFS,0.27991230326933086,0.12652676623930925,0.59356093049136
287,4,RF,Depression,Depression,0.0873848693975029,0.8870960089407076,0.025519121661789573
288,4,RF,Both,Both,0.9171218934390843,0.07787810656091552,0.005
297,4,RF,Both,Both,0.5048960292292793,0.038762817057454074,0.456341153713267
302,4,RF,ME/CFS,ME/CFS,0.17842488709922594,0.06667573247376407,0.75489938042701
306,4,RF,Depression,Depression,0.13067409997906484,0.8654355829686644,0.0038903170522707796
316,4,RF,ME/CFS,Both,0.5729787183308105,0.04837868182926657,0.3786425998399232
320,4,RF,ME/CFS,ME/CFS,0.01083547557840617,0.012121912826918348,0.9770426115946755
334,4,RF,Depression,Depression,0.02902812106181902,0.9527030562085484,0.018268822729632744
336,4,RF,Depression,Depression,0.019585018322962566,0.9557441997840332,0.024670781893004118
345,4,RF,ME/CFS,ME/CFS,0.0017382550335570469,0.0,0.998261744966443
346,4,RF,Both,ME/CFS,0.3477368356058615,0.025090594487582916,0.6271725699065562
350,4,RF,ME/CFS,ME/CFS,0.0,0.003476510067114094,0.9965234899328859
354,4,RF,Both,ME/CFS,0.3098724020621497,0.06263006956140439,0.6274975283764461
364,4,RF,Both,ME/CFS,0.2186689324125923,0.007349036824993889,0.7739820307624139
370,4,RF,Depression,Depression,0.1324173735608082,0.5816561350654572,0.2859264913737345
373,4,RF,Depression,Depression,0.031787027782363614,0.5712482403418143,0.396964731875822
374,4,RF,Depression,Depression,0.0,0.9944808783382103,0.0055191216617895755
377,4,RF,Depression,Depression,0.07043946496555069,0.5058712398549237,0.42368929517952575
393,4,RF,Both,Both,0.6360880712888362,0.03578760942994397,0.3281243192812201
396,4,RF,ME/CFS,Depression,0.16962070441053748,0.43488329106251505,0.3954960045269474
399,4,RF,Both,ME/CFS,0.3334494392514338,0.056111827056689566,0.6104387336918768
400,4,RF,ME/CFS,Both,0.4842999191039033,0.04332361631041449,0.4723764645856825
413,4,RF,Depression,ME/CFS,0.2952646755536855,0.0426419586793203,0.6620933657669947
414,4,RF,ME/CFS,ME/CFS,0.003076009501187649,0.0,0.9969239904988123
415,4,RF,Both,Both,0.9635150013093436,0.03018610100596803,0.006298897684688105
416,4,RF,Depression,Both,0.7490773167462343,0.24509234921445022,0.005830334039315213
425,4,RF,Depression,Depression,0.0,1.0,0.0
426,4,RF,ME/CFS,ME/CFS,0.0,0.01568579119706308,0.984314208802937
428,4,RF,ME/CFS,ME/CFS,0.0,0.0,1.0
433,4,RF,ME/CFS,ME/CFS,0.21004199753605923,0.04397909812542344,0.7459789043385173
434,4,RF,Depression,Depression,0.07427714371827367,0.5905684326957202,0.3351544235860057
436,4,RF,Depression,Depression,0.014987946696348581,0.9750120533036514,0.01
447,4,RF,ME/CFS,Both,0.47468224811289234,0.06775145165852037,0.4575663002285875
450,4,RF,Depression,Depression,0.16652832103284304,0.8089087021544046,0.024562976812752435
458,4,RF,Depression,ME/CFS,0.06286666063229912,0.20270232554087894,0.7344310138268219
459,4,RF,ME/CFS,ME/CFS,0.34887285649600636,0.07141398485323702,0.5797131586507567
463,4,RF,Depression,Depression,0.07948812456310983,0.9122879087564308,0.008223966680459396
470,4,RF,Both,Both,0.9352147993681288,0.06478520063187114,0.0
479,4,RF,ME/CFS,ME/CFS,0.1282679919846666,0.0781951487734835,0.79353685924185
482,4,RF,Both,Both,0.8819412756344468,0.11572333341905107,0.0023353909465020574
483,4,RF,Depression,Depression,0.10680829401704794,0.5833084956598392,0.3098832103231128
484,4,RF,Both,Both,0.4772525311581493,0.05001341224362742,0.47273405659822354
487,4,RF,ME/CFS,Depression,0.06256420872201743,0.828228653624279,0.10920713765370335
494,4,RF,Depression,Depression,0.002917737789203085,0.9920822622107969,0.005
498,4,RF,Depression,Depression,0.031117758539377826,0.9665468505141201,0.0023353909465020574
506,4,RF,ME/CFS,ME/CFS,0.003808823529411765,0.0,0.9961911764705883
510,4,RF,Depression,Depression,0.025,0.9326752500864606,0.042324749913539426
514,4,RF,Depression,Depression,0.14963912376841898,0.640462723337117,0.20989815289446404
515,4,RF,ME/CFS,ME/CFS,0.0038088235294117647,0.0,0.9961911764705883
525,4,RF,Depression,Depression,0.07086712556727841,0.6906928612733817,0.23844001315933963
533,4,RF,Depression,Depression,0.01773193561461371,0.5047499572540982,0.47751810713128806
554,4,RF,ME/CFS,ME/CFS,0.36772044794914693,0.056265280116728295,0.576014271934125
563,4,RF,ME/CFS,ME/CFS,0.2969061643066996,0.060923224379185875,0.6421706113141147
576,4,RF,ME/CFS,ME/CFS,0.0,0.0018162692847124822,0.9981837307152875
585,4,RF,Depression,Depression,0.008183730715287519,0.9918162692847124,0.0
587,4,RF,Both,Depression,0.1389617818126252,0.8610382181873749,0.0
602,4,RF,Depression,Depression,0.025744956042142976,0.6565197421118754,0.3177353018459814
608,4,RF,Both,Both,0.9546699047947793,0.0344674753969138,0.010862619808306708
623,4,RF,Both,Both,0.9198004860486746,0.08019951395132513,0.0
625,4,RF,ME/CFS,ME/CFS,0.4154655338360558,0.013833506424955727,0.5707009597389888
626,4,RF,Depression,Depression,0.023384383496714522,0.7712068138318743,0.2054088026714111
633,4,RF,Depression,Depression,0.08164734283927526,0.7390592076524826,0.17929344950824203
635,4,RF,Depression,Depression,0.067019924375412,0.6062384676978272,0.32674160792676077
645,4,RF,ME/CFS,ME/CFS,0.010415088871520362,0.00251938963096561,0.987065521497514
650,4,RF,ME/CFS,ME/CFS,0.011152019002375297,0.0038695219123505973,0.9849784590852741
654,4,RF,ME/CFS,ME/CFS,0.34855623975034594,0.14402098942725142,0.5074227708224026
661,4,RF,ME/CFS,ME/CFS,0.004503793404164496,0.0,0.9954962065958355
663,4,RF,ME/CFS,ME/CFS,0.0,0.005292779351826577,0.9947072206481734
667,4,RF,Both,ME/CFS,0.3300700036678384,0.041915575830402424,0.6280144205017593
668,4,RF,ME/CFS,ME/CFS,0.04096857796783924,0.06569610634592019,0.8933353156862406
670,4,RF,Both,Depression,0.28428219155349654,0.38610073766543246,0.32961707078107105
673,4,RF,Both,Both,0.9044925018397555,0.09550749816024467,0.0
678,4,RF,ME/CFS,ME/CFS,0.2828768930691721,0.0736753751390211,0.6434477317918069
681,4,RF,ME/CFS,ME/CFS,0.015,0.011141119120612036,0.9738588808793881
682,4,RF,ME/CFS,ME/CFS,0.35807834417455886,0.18050896337564243,0.46141269244979866
684,4,RF,Depression,Depression,0.0,0.995,0.005
688,4,RF,ME/CFS,ME/CFS,0.1356909813813121,0.03491147290228844,0.8293975457163996
696,4,RF,Both,ME/CFS,0.3790704596047385,0.046221426869422384,0.5747081135258393
713,4,RF,ME/CFS,ME/CFS,0.0,0.03110968294772922,0.9688903170522707
717,4,RF,ME/CFS,Both,0.5253112455033805,0.015442699190654845,0.4592460553059652
728,4,RF,ME/CFS,ME/CFS,0.009106102327340408,0.0,0.9908938976726597
730,4,RF,Both,Both,0.9781177914711072,0.021882208528892694,0.0
737,4,RF,ME/CFS,ME/CFS,0.2931776906347477,0.08318117035503356,0.623641139010219
738,4,RF,ME/CFS,ME/CFS,0.005201540740992592,0.0009939215342559208,0.9938045377247515
747,4,RF,ME/CFS,ME/CFS,0.215023549451953,0.18030136078907177,0.6046750897589753
749,4,RF,ME/CFS,ME/CFS,0.19683284827592393,0.06443331378027206,0.7387338379438043
753,4,RF,Depression,Depression,0.021580431620549144,0.9637487864864468,0.014670781893004116
756,4,RF,Depression,Depression,0.014474784724099316,0.9800060936141111,0.0055191216617895755
763,4,RF,Depression,Depression,0.03602719583370892,0.9337686205719762,0.03020418359431494
769,4,RF,ME/CFS,ME/CFS,0.35750069039233573,0.0721067534102031,0.5703925561974611
787,4,RF,Depression,Depression,0.0,1.0,0.0
789,4,RF,Depression,Depression,0.0036850649350649353,0.9734604224566433,0.022854512608291633
790,4,RF,ME/CFS,ME/CFS,0.008808823529411765,0.005,0.9861911764705883
791,4,RF,ME/CFS,ME/CFS,0.00205989110707804,0.0029401088929219598,0.995
794,4,RF,Both,ME/CFS,0.19756425966462024,0.04419239155839317,0.7582433487769867
797,4,RF,ME/CFS,ME/CFS,0.0036850649350649353,0.0026925946394031498,0.9936223404255319
799,4,RF,Depression,Depression,0.1064798101055355,0.8719558862942935,0.02156430360017116
801,4,RF,Depression,Depression,0.032312280221996864,0.9613752587944302,0.006312460983573155
803,4,RF,ME/CFS,ME/CFS,0.341991396291897,0.06458210938355234,0.5934264943245509
806,4,RF,Both,ME/CFS,0.2696946006455954,0.04483911388348783,0.6854662854709168
809,4,RF,ME/CFS,ME/CFS,0.41696888688798944,0.011334777799064584,0.5716963353129462
810,4,RF,Both,Both,0.8160724139533387,0.18392758604666123,0.0
818,4,RF,Depression,Depression,0.025,0.49199855559448463,0.4830014444055153
830,4,RF,Depression,Both,0.9834609508479764,0.015640395153606892,0.0008986539984164688
840,4,RF,Both,ME/CFS,0.15829775222997353,0.03894139274382396,0.8027608550262028
848,4,RF,ME/CFS,ME/CFS,0.44829455424296205,0.05676067728822704,0.4949447684688111
852,4,RF,Depression,Both,0.9700503562247519,0.029949643775247888,0.0
856,4,RF,ME/CFS,ME/CFS,0.1551134902695125,0.11387742387760484,0.7310090858528827
864,4,RF,Depression,Depression,0.008126541188821116,0.9860357600753561,0.005837698735822826
869,4,RF,Depression,Depression,0.0,1.0,0.0
879,4,RF,Both,Depression,0.02963181869234608,0.9680327903611519,0.0023353909465020574
884,4,RF,ME/CFS,ME/CFS,0.0,0.0076646090534979415,0.9923353909465021
888,4,RF,Depression,Depression,0.2814561989068165,0.7022647231191477,0.01627907797403582
891,4,RF,Depression,Depression,0.04478278642532202,0.8451579700569916,0.11005924351768646
898,4,RF,Depression,Depression,0.17994483268852107,0.7932128114963676,0.026842355815111275
904,4,RF,ME/CFS,ME/CFS,0.0,0.0,1.0
909,4,RF,ME/CFS,ME/CFS,0.003076009501187649,0.008805728174109979,0.9881182623247022
917,4,RF,Depression,Depression,0.19356577594487823,0.797417307732003,0.00901691632311884
920,4,RF,Both,Both,0.8340095040162128,0.16509184198537055,0.0008986539984164688
921,4,RF,Both,Both,0.9610354489343697,0.03262755779168022,0.0063369932739501915
926,4,RF,Both,Both,0.5425269411220934,0.015339859139958518,0.4421331997379482
930,4,RF,Depression,Depression,0.002917737789203085,0.9970822622107969,0.0
935,4,RF,Depression,Depression,0.1494358266762339,0.5734798188316584,0.27708435449210755
936,4,RF,Depression,Depression,0.010744956042142975,0.9787359222960674,0.010519121661789577
940,4,RF,ME/CFS,ME/CFS,0.005,0.0,0.995
941,4,RF,Depression,Both,0.8103157758808163,0.18468422411918348,0.005
942,4,RF,Both,ME/CFS,0.3021823635211008,0.054984725506808774,0.6428329109720908
946,4,RF,Both,ME/CFS,0.26608628064001644,0.08003415492764086,0.6538795644323429
948,4,RF,Depression,Depression,0.0,0.995,0.005
950,4,RF,ME/CFS,ME/CFS,0.003076009501187649,0.0,0.9969239904988123
951,4,RF,Both,Both,0.8640150752374689,0.13406093426371835,0.0019239904988123517
953,4,RF,Depression,Depression,0.02907863120999883,0.9490716194353793,0.021849749354621986
955,4,RF,Depression,Depression,0.13940207535201432,0.4764519242277243,0.38414600042026126
962,4,RF,Both,Both,0.9715709857784102,0.028429014221589707,0.0
963,4,RF,Both,Both,0.8269331300999998,0.1730668698999999,0.0
966,4,RF,Depression,Depression,0.14458688478989865,0.4697611088333138,0.3856520063767875
968,4,RF,Depression,Depression,0.023808823529411764,0.919214862831579,0.056976313639009186
969,4,RF,ME/CFS,ME/CFS,0.0,0.03398221476311841,0.9660177852368815
971,4,RF,Depression,Depression,0.04647761477573557,0.9006106975416731,0.052911687682591385
974,4,RF,Depression,Depression,0.09111678075531565,0.7879254878726504,0.12095773137203397
975,4,RF,Both,ME/CFS,0.34776408586801644,0.0730729573574496,0.5791629567745342
978,4,RF,Both,Both,0.5073603867553045,0.0628062906109124,0.42983332263378315
979,4,RF,Depression,Depression,0.039196733043107834,0.5019152340305539,0.4588880329263383
984,4,RF,ME/CFS,ME/CFS,0.37885862830724315,0.10759261382223625,0.5135487578705209
987,4,RF,ME/CFS,ME/CFS,0.00903914590747331,0.013538710161224316,0.9774221439313022
988,4,RF,Depression,Depression,0.10843508497713313,0.8778925308024147,0.01367238422045225
991,4,RF,ME/CFS,ME/CFS,0.4019062886970278,0.04346309806323026,0.5546306132397419
999,4,RF,Depression,Depression,0.06305853112188683,0.9317557334128577,0.005185735465255304
1003,4,RF,Depression,Depression,0.0,1.0,0.0
1007,4,RF,Both,ME/CFS,0.4063914493124949,0.0881971382338458,0.5054114124536594
1014,4,RF,Both,Both,0.9652784433566477,0.03472155664335225,0.0
1015,4,RF,Depression,Depression,0.0,1.0,0.0
1018,4,RF,ME/CFS,ME/CFS,0.005201540740992592,0.003658530587753863,0.9911399286712537
1020,4,RF,ME/CFS,ME/CFS,0.0,0.0,1.0
1025,4,RF,ME/CFS,Depression,0.1077721964396632,0.6140184752299752,0.27820932833036155
1029,4,RF,Depression,Depression,0.007917737789203086,0.9920822622107969,0.0
1040,4,RF,ME/CFS,Depression,0.0239271521612964,0.6003631212651362,0.3757097265735672
1041,4,RF,ME/CFS,ME/CFS,0.36946207440055057,0.05211663772956175,0.578421287869888
1046,4,RF,Depression,Depression,0.05922275896403335,0.9365178595906524,0.004259381445314409
1060,4,RF,Both,Depression,0.06665889785316093,0.9204865895385475,0.012854512608291634
1066,4,RF,Depression,Depression,0.16177640968272392,0.8343647094378882,0.003858880879387964
1069,4,RF,Depression,Depression,0.002917737789203085,0.997082262210797,0.0
1075,4,RF,Depression,Depression,0.005405000012028513,0.9918162692847124,0.0027787307032590054
1077,4,RF,ME/CFS,ME/CFS,0.005,0.0,0.995
1079,4,RF,Depression,Depression,0.025234638387088743,0.9747653616129113,0.0
1080,4,RF,Both,ME/CFS,0.37483746227661285,0.02436032138699795,0.6008022163363895
1083,4,RF,ME/CFS,ME/CFS,0.281428762768207,0.04546200565951964,0.6731092315722735
1089,4,RF,Both,Both,0.9325184993368777,0.06555751016430977,0.0019239904988123517
1090,4,RF,ME/CFS,ME/CFS,0.0,0.0,1.0
1092,4,RF,ME/CFS,ME/CFS,0.3684557795837718,0.04096049660362797,0.5905837238126006
1093,4,RF,Both,ME/CFS,0.07783647686118739,0.019374151328696056,0.9027893718101165
1095,4,RF,ME/CFS,ME/CFS,0.48921046593172873,0.01756856850928833,0.49322096555898315
1103,4,RF,Depression,Depression,0.18549354925891282,0.7898612915876416,0.024645159153446256
1105,4,RF,Depression,Depression,0.03994624378274645,0.7552383554368811,0.2048154007803724
1110,4,RF,Depression,Depression,0.07540579098367013,0.9130803871311362,0.01151382188519382
1114,4,RF,ME/CFS,Depression,0.0303820394507635,0.5193731032160827,0.4502448573331537
1118,4,RF,ME/CFS,ME/CFS,0.0652581213297157,0.09361898860187724,0.8411228900684071
1143,4,RF,ME/CFS,ME/CFS,0.003076009501187649,0.0026646090534979423,0.9942593814453144
1144,4,RF,ME/CFS,ME/CFS,0.008076009501187649,0.0,0.9919239904988123
1156,4,RF,Both,Both,0.7604382813392035,0.238370542190208,0.0011911764705882354
1157,4,RF,ME/CFS,ME/CFS,0.3255464852621923,0.14508231311442363,0.5293712016233841
1163,4,RF,Depression,Depression,0.2830680847223516,0.6637824423283513,0.053149472949296846
1164,4,RF,ME/CFS,Depression,0.047715769068585503,0.7401752290842688,0.21210900184714554
1169,4,RF,Depression,Depression,0.005,0.995,0.0
1171,4,RF,ME/CFS,ME/CFS,0.15095540937115903,0.05767370118407004,0.791370889444771
1178,4,RF,Both,Both,0.9355388362499365,0.06326998727947519,0.0011911764705882354
1186,4,RF,Depression,Depression,0.21254764220573377,0.40554929445754817,0.3819030633367179
1187,4,RF,ME/CFS,ME/CFS,0.014977628896281124,0.011163490224330911,0.973858880879388
1196,4,RF,ME/CFS,ME/CFS,0.45207138218584025,0.023638953220278768,0.5242896645938813
1202,4,RF,Both,Both,0.9547402407246034,0.0452597592753964,0.0
1205,4,RF,ME/CFS,ME/CFS,0.3081414721789112,0.06503071562661143,0.6268278121944776
1208,4,RF,Both,Both,0.6112167558999125,0.17260611629587286,0.21617712780421477
1209,4,RF,ME/CFS,ME/CFS,0.0070598911070780404,0.006134037752102527,0.9868060711408194
1218,4,RF,Both,Both,0.9648651756437406,0.03513482435625937,0.0
1220,4,RF,Depression,Depression,0.004039145907473309,0.990441732430737,0.0055191216617895755
1224,4,RF,Depression,Depression,0.016647960486536658,0.9601151560928979,0.023236883420565502
1225,4,RF,Depression,Depression,0.009977628896281126,0.9900223711037188,0.0
1238,4,RF,Both,ME/CFS,0.314758477021881,0.043398507883462285,0.6418430150946571
1242,4,RF,ME/CFS,Depression,0.06400636452619564,0.5756223645924109,0.3603712708813933
1252,4,RF,Depression,Both,0.7559707227006115,0.2190292772993887,0.025
1256,4,RF,ME/CFS,ME/CFS,0.0022212692967409947,0.0,0.997778730703259
1260,4,RF,ME/CFS,ME/CFS,0.061480058162925164,0.06505273906524961,0.8734672027718253
1264,4,RF,Depression,Depression,0.14781147680819762,0.4611521793989436,0.39103634379285873
1267,4,RF,ME/CFS,ME/CFS,0.3689953433208901,0.0567345235202024,0.5742701331589075
1274,4,RF,ME/CFS,ME/CFS,0.47316966314712666,0.04282414610365068,0.4840061907492229
1281,4,RF,Depression,Depression,0.005,0.995,0.0
1286,4,RF,Both,Depression,0.045619231976703756,0.9526802912757227,0.0017004767475734893
1289,4,RF,Depression,Depression,0.0,0.995,0.005
1303,4,RF,Both,Depression,0.12644201726964627,0.5876006812707705,0.2859573014595831
1305,4,RF,Depression,Depression,0.23664422201732524,0.5725270594421595,0.19082871854051514
1306,4,RF,Both,Both,0.8177880176439879,0.18221198235601196,0.0
1307,4,RF,Both,Both,0.956173699462491,0.04382630053750876,0.0
1308,4,RF,ME/CFS,ME/CFS,0.365885561626981,0.14083209597863092,0.49328234239438823
1312,4,RF,Depression,Both,0.9428141307277751,0.052185869272224815,0.005
1316,4,RF,Depression,Depression,0.01379346691570305,0.7493762093150848,0.2368303237692119
1319,4,RF,ME/CFS,ME/CFS,0.003076009501187649,0.0,0.9969239904988123
1328,4,RF,ME/CFS,ME/CFS,0.0,0.001377659574468085,0.9986223404255319
1338,4,RF,Both,Both,0.9586170885730994,0.04138291142690058,0.0
1342,4,RF,Depression,ME/CFS,0.24527111673620516,0.10556971378934214,0.6491591694744525
1343,4,RF,ME/CFS,ME/CFS,0.32430729222022747,0.08277235681489961,0.592920350964873
1346,4,RF,ME/CFS,ME/CFS,0.0,0.0,1.0
1369,4,RF,Depression,ME/CFS,0.4769202811116098,0.04546192614114927,0.47761779274724114
1371,4,RF,Both,ME/CFS,0.35230328557808227,0.02990268059181804,0.6177940338300999
1374,4,RF,ME/CFS,Both,0.5395330093390973,0.020024189782931995,0.4404428008779708
1378,4,RF,Depression,Depression,0.00205989110707804,0.991416618960036,0.006523489932885906
1382,4,RF,Both,Both,0.8287580690930058,0.17041159686767915,0.0008303340393152127
1387,4,RF,ME/CFS,ME/CFS,0.35052726019347147,0.01932264817416057,0.630150091632368
1391,4,RF,Both,Both,0.955097973967889,0.044902026032110964,0.0
1392,4,RF,ME/CFS,ME/CFS,0.003076009501187649,0.006765955055081474,0.9901580354437308
1407,4,RF,ME/CFS,ME/CFS,0.0,0.0,1.0
1410,4,RF,ME/CFS,ME/CFS,0.003808823529411765,0.0026646090534979423,0.9935265674170902
1417,4,RF,ME/CFS,ME/CFS,0.017431911593568224,0.01062199745882246,0.9719460909476093
1419,4,RF,Both,Both,0.4781722849680969,0.05080055198743718,0.47102716304446607
1422,4,RF,Depression,Depression,0.0068848330305994136,0.99,0.0031151669694005867
1428,4,RF,Depression,Depression,0.0,0.9687354143664578,0.03126458563354215
1435,4,RF,Depression,Depression,0.0,1.0,0.0
1441,4,RF,ME/CFS,ME/CFS,0.006761074436252583,0.12076397651672569,0.8724749490470218
1450,4,RF,Both,ME/CFS,0.28471594261789196,0.056974068168496886,0.6583099892136114
1454,4,RF,Both,ME/CFS,0.365234300288482,0.1048146391511405,0.5299510605603777
1455,4,RF,Depression,Depression,0.1048326751984872,0.5066532402735381,0.3885140845279747
1462,4,RF,Both,Both,0.6015855303557981,0.027967029175612435,0.3704474404685898
1463,4,RF,ME/CFS,ME/CFS,0.1315715183486238,0.06165362729456386,0.8067748543568122
1464,4,RF,ME/CFS,ME/CFS,0.0,0.0,1.0
1466,4,RF,Both,ME/CFS,0.15644454025958837,0.05238397999791951,0.791171479742492
1467,4,RF,Both,ME/CFS,0.22205865624208795,0.025591124163485985,0.7523502195944264
1468,4,RF,Both,Both,0.9510150330353501,0.043984966964649846,0.005
1470,4,RF,ME/CFS,ME/CFS,0.11318106931828391,0.12573815135787172,0.7610807793238443
1475,4,RF,ME/CFS,ME/CFS,0.06443432688062296,0.42924511574381863,0.5063205573755587
1484,4,RF,ME/CFS,ME/CFS,0.0,0.0,1.0
1488,4,RF,Depression,Depression,0.023642773029444984,0.9748337370376692,0.0015234899328859062
1492,4,RF,Depression,Both,0.9607596955695158,0.03190491348398194,0.007335390946502057
1494,4,RF,ME/CFS,ME/CFS,0.07058062648258646,0.07941249977563263,0.8500068737417812
1500,4,RF,Depression,Depression,0.027664231675444045,0.9723357683245558,0.0
1507,4,RF,Depression,Depression,0.0,1.0,0.0
1508,4,RF,ME/CFS,ME/CFS,0.38820258158566495,0.07161912494864439,0.5401782934656907
1516,4,RF,Both,Both,0.9765103174080116,0.021565692093176107,0.0019239904988123517
1520,4,RF,Both,Both,0.5488286894551204,0.0526543950174459,0.39851691552743396
1525,4,RF,ME/CFS,ME/CFS,0.1671168945815171,0.0374913001037554,0.7953918053147276
1532,4,RF,Both,Depression,0.47290885736409116,0.520865434637136,0.006225707998772837
1542,4,RF,Both,Both,0.8329478087582034,0.16705219124179624,0.0
1549,4,RF,ME/CFS,ME/CFS,0.0070598911070780404,0.0029401088929219598,0.99
1553,4,RF,ME/CFS,Depression,0.08086875620806429,0.7503654830655515,0.16876576072638438
1567,4,RF,Both,ME/CFS,0.344426094464214,0.042140127821418766,0.6134337777143675
1570,4,RF,Depression,Depression,0.0,1.0,0.0
1571,4,RF,ME/CFS,ME/CFS,0.011353559743367889,0.0009939215342559208,0.9876525187223762
1574,4,RF,Depression,Depression,0.0227424638616572,0.9672043834330648,0.010053152705277986
1577,4,RF,Both,Both,0.9666020582708846,0.030214211013827697,0.0031837307152875177
1580,4,RF,Depression,Depression,0.002917737789203085,0.9970822622107969,0.0
1581,4,RF,ME/CFS,ME/CFS,0.0013927172115808272,0.003658530587753863,0.9949487522006654
1585,4,RF,Both,Both,0.9244608130220291,0.07553918697797092,0.0
1587,4,RF,Both,Both,0.9889505614906788,0.011049438509320986,0.0
1589,4,RF,Depression,Depression,0.005,0.995,0.0
1594,4,RF,Both,Both,0.9733638771605206,0.012376741394164987,0.01425938144531441
1596,4,RF,ME/CFS,ME/CFS,0.34221850645625024,0.04446678601170212,0.6133147075320479
1598,4,RF,ME/CFS,ME/CFS,0.40755087703441534,0.048744367348031795,0.5437047556175534
1611,4,RF,ME/CFS,ME/CFS,0.0,0.0,1.0
1615,4,RF,Depression,Depression,0.0,0.9084851888624792,0.09151481113752076
7,4,Majority,ME/CFS,ME/CFS,0.0,0.0,1.0
23,4,Majority,Depression,ME/CFS,0.0,0.0,1.0
27,4,Majority,ME/CFS,ME/CFS,0.0,0.0,1.0
33,4,Majority,ME/CFS,ME/CFS,0.0,0.0,1.0
38,4,Majority,Both,ME/CFS,0.0,0.0,1.0
39,4,Majority,Depression,ME/CFS,0.0,0.0,1.0
43,4,Majority,Depression,ME/CFS,0.0,0.0,1.0
48,4,Majority,ME/CFS,ME/CFS,0.0,0.0,1.0
54,4,Majority,ME/CFS,ME/CFS,0.0,0.0,1.0
60,4,Majority,ME/CFS,ME/CFS,0.0,0.0,1.0
81,4,Majority,Both,ME/CFS,0.0,0.0,1.0
82,4,Majority,Both,ME/CFS,0.0,0.0,1.0
84,4,Majority,Both,ME/CFS,0.0,0.0,1.0
85,4,Majority,ME/CFS,ME/CFS,0.0,0.0,1.0
88,4,Majority,Both,ME/CFS,0.0,0.0,1.0
104,4,Majority,ME/CFS,ME/CFS,0.0,0.0,1.0
106,4,Majority,ME/CFS,ME/CFS,0.0,0.0,1.0
107,4,Majority,ME/CFS,ME/CFS,0.0,0.0,1.0
117,4,Majority,Depression,ME/CFS,0.0,0.0,1.0
119,4,Majority,Both,ME/CFS,0.0,0.0,1.0
121,4,Majority,Depression,ME/CFS,0.0,0.0,1.0
130,4,Majority,ME/CFS,ME/CFS,0.0,0.0,1.0
134,4,Majority,Depression,ME/CFS,0.0,0.0,1.0
135,4,Majority,Both,ME/CFS,0.0,0.0,1.0
140,4,Majority,Both,ME/CFS,0.0,0.0,1.0
144,4,Majority,ME/CFS,ME/CFS,0.0,0.0,1.0
153,4,Majority,Both,ME/CFS,0.0,0.0,1.0
154,4,Majority,ME/CFS,ME/CFS,0.0,0.0,1.0
160,4,Majority,ME/CFS,ME/CFS,0.0,0.0,1.0
175,4,Majority,ME/CFS,ME/CFS,0.0,0.0,1.0
176,4,Majority,Depression,ME/CFS,0.0,0.0,1.0
177,4,Majority,ME/CFS,ME/CFS,0.0,0.0,1.0
193,4,Majority,Depression,ME/CFS,0.0,0.0,1.0
199,4,Majority,Both,ME/CFS,0.0,0.0,1.0
206,4,Majority,Depression,ME/CFS,0.0,0.0,1.0
207,4,Majority,Depression,ME/CFS,0.0,0.0,1.0
210,4,Majority,ME/CFS,ME/CFS,0.0,0.0,1.0
212,4,Majority,ME/CFS,ME/CFS,0.0,0.0,1.0
223,4,Majority,ME/CFS,ME/CFS,0.0,0.0,1.0
229,4,Majority,ME/CFS,ME/CFS,0.0,0.0,1.0
245,4,Majority,ME/CFS,ME/CFS,0.0,0.0,1.0
253,4,Majority,Depression,ME/CFS,0.0,0.0,1.0
259,4,Majority,Depression,ME/CFS,0.0,0.0,1.0
263,4,Majority,Both,ME/CFS,0.0,0.0,1.0
271,4,Majority,Depression,ME/CFS,0.0,0.0,1.0
275,4,Majority,Depression,ME/CFS,0.0,0.0,1.0
281,4,Majority,ME/CFS,ME/CFS,0.0,0.0,1.0
287,4,Majority,Depression,ME/CFS,0.0,0.0,1.0
288,4,Majority,Both,ME/CFS,0.0,0.0,1.0
297,4,Majority,Both,ME/CFS,0.0,0.0,1.0
302,4,Majority,ME/CFS,ME/CFS,0.0,0.0,1.0
306,4,Majority,Depression,ME/CFS,0.0,0.0,1.0
316,4,Majority,ME/CFS,ME/CFS,0.0,0.0,1.0
320,4,Majority,ME/CFS,ME/CFS,0.0,0.0,1.0
334,4,Majority,Depression,ME/CFS,0.0,0.0,1.0
336,4,Majority,Depression,ME/CFS,0.0,0.0,1.0
345,4,Majority,ME/CFS,ME/CFS,0.0,0.0,1.0
346,4,Majority,Both,ME/CFS,0.0,0.0,1.0
350,4,Majority,ME/CFS,ME/CFS,0.0,0.0,1.0
354,4,Majority,Both,ME/CFS,0.0,0.0,1.0
364,4,Majority,Both,ME/CFS,0.0,0.0,1.0
370,4,Majority,Depression,ME/CFS,0.0,0.0,1.0
373,4,Majority,Depression,ME/CFS,0.0,0.0,1.0
374,4,Majority,Depression,ME/CFS,0.0,0.0,1.0
377,4,Majority,Depression,ME/CFS,0.0,0.0,1.0
393,4,Majority,Both,ME/CFS,0.0,0.0,1.0
396,4,Majority,ME/CFS,ME/CFS,0.0,0.0,1.0
399,4,Majority,Both,ME/CFS,0.0,0.0,1.0
400,4,Majority,ME/CFS,ME/CFS,0.0,0.0,1.0
413,4,Majority,Depression,ME/CFS,0.0,0.0,1.0
414,4,Majority,ME/CFS,ME/CFS,0.0,0.0,1.0
415,4,Majority,Both,ME/CFS,0.0,0.0,1.0
416,4,Majority,Depression,ME/CFS,0.0,0.0,1.0
425,4,Majority,Depression,ME/CFS,0.0,0.0,1.0
426,4,Majority,ME/CFS,ME/CFS,0.0,0.0,1.0
428,4,Majority,ME/CFS,ME/CFS,0.0,0.0,1.0
433,4,Majority,ME/CFS,ME/CFS,0.0,0.0,1.0
434,4,Majority,Depression,ME/CFS,0.0,0.0,1.0
436,4,Majority,Depression,ME/CFS,0.0,0.0,1.0
447,4,Majority,ME/CFS,ME/CFS,0.0,0.0,1.0
450,4,Majority,Depression,ME/CFS,0.0,0.0,1.0
458,4,Majority,Depression,ME/CFS,0.0,0.0,1.0
459,4,Majority,ME/CFS,ME/CFS,0.0,0.0,1.0
463,4,Majority,Depression,ME/CFS,0.0,0.0,1.0
470,4,Majority,Both,ME/CFS,0.0,0.0,1.0
479,4,Majority,ME/CFS,ME/CFS,0.0,0.0,1.0
482,4,Majority,Both,ME/CFS,0.0,0.0,1.0
483,4,Majority,Depression,ME/CFS,0.0,0.0,1.0
484,4,Majority,Both,ME/CFS,0.0,0.0,1.0
487,4,Majority,ME/CFS,ME/CFS,0.0,0.0,1.0
494,4,Majority,Depression,ME/CFS,0.0,0.0,1.0
498,4,Majority,Depression,ME/CFS,0.0,0.0,1.0
506,4,Majority,ME/CFS,ME/CFS,0.0,0.0,1.0
510,4,Majority,Depression,ME/CFS,0.0,0.0,1.0
514,4,Majority,Depression,ME/CFS,0.0,0.0,1.0
515,4,Majority,ME/CFS,ME/CFS,0.0,0.0,1.0
525,4,Majority,Depression,ME/CFS,0.0,0.0,1.0
533,4,Majority,Depression,ME/CFS,0.0,0.0,1.0
554,4,Majority,ME/CFS,ME/CFS,0.0,0.0,1.0
563,4,Majority,ME/CFS,ME/CFS,0.0,0.0,1.0
576,4,Majority,ME/CFS,ME/CFS,0.0,0.0,1.0
585,4,Majority,Depression,ME/CFS,0.0,0.0,1.0
587,4,Majority,Both,ME/CFS,0.0,0.0,1.0
602,4,Majority,Depression,ME/CFS,0.0,0.0,1.0
608,4,Majority,Both,ME/CFS,0.0,0.0,1.0
623,4,Majority,Both,ME/CFS,0.0,0.0,1.0
625,4,Majority,ME/CFS,ME/CFS,0.0,0.0,1.0
626,4,Majority,Depression,ME/CFS,0.0,0.0,1.0
633,4,Majority,Depression,ME/CFS,0.0,0.0,1.0
635,4,Majority,Depression,ME/CFS,0.0,0.0,1.0
645,4,Majority,ME/CFS,ME/CFS,0.0,0.0,1.0
650,4,Majority,ME/CFS,ME/CFS,0.0,0.0,1.0
654,4,Majority,ME/CFS,ME/CFS,0.0,0.0,1.0
661,4,Majority,ME/CFS,ME/CFS,0.0,0.0,1.0
663,4,Majority,ME/CFS,ME/CFS,0.0,0.0,1.0
667,4,Majority,Both,ME/CFS,0.0,0.0,1.0
668,4,Majority,ME/CFS,ME/CFS,0.0,0.0,1.0
670,4,Majority,Both,ME/CFS,0.0,0.0,1.0
673,4,Majority,Both,ME/CFS,0.0,0.0,1.0
678,4,Majority,ME/CFS,ME/CFS,0.0,0.0,1.0
681,4,Majority,ME/CFS,ME/CFS,0.0,0.0,1.0
682,4,Majority,ME/CFS,ME/CFS,0.0,0.0,1.0
684,4,Majority,Depression,ME/CFS,0.0,0.0,1.0
688,4,Majority,ME/CFS,ME/CFS,0.0,0.0,1.0
696,4,Majority,Both,ME/CFS,0.0,0.0,1.0
713,4,Majority,ME/CFS,ME/CFS,0.0,0.0,1.0
717,4,Majority,ME/CFS,ME/CFS,0.0,0.0,1.0
728,4,Majority,ME/CFS,ME/CFS,0.0,0.0,1.0
730,4,Majority,Both,ME/CFS,0.0,0.0,1.0
737,4,Majority,ME/CFS,ME/CFS,0.0,0.0,1.0
738,4,Majority,ME/CFS,ME/CFS,0.0,0.0,1.0
747,4,Majority,ME/CFS,ME/CFS,0.0,0.0,1.0
749,4,Majority,ME/CFS,ME/CFS,0.0,0.0,1.0
753,4,Majority,Depression,ME/CFS,0.0,0.0,1.0
756,4,Majority,Depression,ME/CFS,0.0,0.0,1.0
763,4,Majority,Depression,ME/CFS,0.0,0.0,1.0
769,4,Majority,ME/CFS,ME/CFS,0.0,0.0,1.0
787,4,Majority,Depression,ME/CFS,0.0,0.0,1.0
789,4,Majority,Depression,ME/CFS,0.0,0.0,1.0
790,4,Majority,ME/CFS,ME/CFS,0.0,0.0,1.0
791,4,Majority,ME/CFS,ME/CFS,0.0,0.0,1.0
794,4,Majority,Both,ME/CFS,0.0,0.0,1.0
797,4,Majority,ME/CFS,ME/CFS,0.0,0.0,1.0
799,4,Majority,Depression,ME/CFS,0.0,0.0,1.0
801,4,Majority,Depression,ME/CFS,0.0,0.0,1.0
803,4,Majority,ME/CFS,ME/CFS,0.0,0.0,1.0
806,4,Majority,Both,ME/CFS,0.0,0.0,1.0
809,4,Majority,ME/CFS,ME/CFS,0.0,0.0,1.0
810,4,Majority,Both,ME/CFS,0.0,0.0,1.0
818,4,Majority,Depression,ME/CFS,0.0,0.0,1.0
830,4,Majority,Depression,ME/CFS,0.0,0.0,1.0
840,4,Majority,Both,ME/CFS,0.0,0.0,1.0
848,4,Majority,ME/CFS,ME/CFS,0.0,0.0,1.0
852,4,Majority,Depression,ME/CFS,0.0,0.0,1.0
856,4,Majority,ME/CFS,ME/CFS,0.0,0.0,1.0
864,4,Majority,Depression,ME/CFS,0.0,0.0,1.0
869,4,Majority,Depression,ME/CFS,0.0,0.0,1.0
879,4,Majority,Both,ME/CFS,0.0,0.0,1.0
884,4,Majority,ME/CFS,ME/CFS,0.0,0.0,1.0
888,4,Majority,Depression,ME/CFS,0.0,0.0,1.0
891,4,Majority,Depression,ME/CFS,0.0,0.0,1.0
898,4,Majority,Depression,ME/CFS,0.0,0.0,1.0
904,4,Majority,ME/CFS,ME/CFS,0.0,0.0,1.0
909,4,Majority,ME/CFS,ME/CFS,0.0,0.0,1.0
917,4,Majority,Depression,ME/CFS,0.0,0.0,1.0
920,4,Majority,Both,ME/CFS,0.0,0.0,1.0
921,4,Majority,Both,ME/CFS,0.0,0.0,1.0
926,4,Majority,Both,ME/CFS,0.0,0.0,1.0
930,4,Majority,Depression,ME/CFS,0.0,0.0,1.0
935,4,Majority,Depression,ME/CFS,0.0,0.0,1.0
936,4,Majority,Depression,ME/CFS,0.0,0.0,1.0
940,4,Majority,ME/CFS,ME/CFS,0.0,0.0,1.0
941,4,Majority,Depression,ME/CFS,0.0,0.0,1.0
942,4,Majority,Both,ME/CFS,0.0,0.0,1.0
946,4,Majority,Both,ME/CFS,0.0,0.0,1.0
948,4,Majority,Depression,ME/CFS,0.0,0.0,1.0
950,4,Majority,ME/CFS,ME/CFS,0.0,0.0,1.0
951,4,Majority,Both,ME/CFS,0.0,0.0,1.0
953,4,Majority,Depression,ME/CFS,0.0,0.0,1.0
955,4,Majority,Depression,ME/CFS,0.0,0.0,1.0
962,4,Majority,Both,ME/CFS,0.0,0.0,1.0
963,4,Majority,Both,ME/CFS,0.0,0.0,1.0
966,4,Majority,Depression,ME/CFS,0.0,0.0,1.0
968,4,Majority,Depression,ME/CFS,0.0,0.0,1.0
969,4,Majority,ME/CFS,ME/CFS,0.0,0.0,1.0
971,4,Majority,Depression,ME/CFS,0.0,0.0,1.0
974,4,Majority,Depression,ME/CFS,0.0,0.0,1.0
975,4,Majority,Both,ME/CFS,0.0,0.0,1.0
978,4,Majority,Both,ME/CFS,0.0,0.0,1.0
979,4,Majority,Depression,ME/CFS,0.0,0.0,1.0
984,4,Majority,ME/CFS,ME/CFS,0.0,0.0,1.0
987,4,Majority,ME/CFS,ME/CFS,0.0,0.0,1.0
988,4,Majority,Depression,ME/CFS,0.0,0.0,1.0
991,4,Majority,ME/CFS,ME/CFS,0.0,0.0,1.0
999,4,Majority,Depression,ME/CFS,0.0,0.0,1.0
1003,4,Majority,Depression,ME/CFS,0.0,0.0,1.0
1007,4,Majority,Both,ME/CFS,0.0,0.0,1.0
1014,4,Majority,Both,ME/CFS,0.0,0.0,1.0
1015,4,Majority,Depression,ME/CFS,0.0,0.0,1.0
1018,4,Majority,ME/CFS,ME/CFS,0.0,0.0,1.0
1020,4,Majority,ME/CFS,ME/CFS,0.0,0.0,1.0
1025,4,Majority,ME/CFS,ME/CFS,0.0,0.0,1.0
1029,4,Majority,Depression,ME/CFS,0.0,0.0,1.0
1040,4,Majority,ME/CFS,ME/CFS,0.0,0.0,1.0
1041,4,Majority,ME/CFS,ME/CFS,0.0,0.0,1.0
1046,4,Majority,Depression,ME/CFS,0.0,0.0,1.0
1060,4,Majority,Both,ME/CFS,0.0,0.0,1.0
1066,4,Majority,Depression,ME/CFS,0.0,0.0,1.0
1069,4,Majority,Depression,ME/CFS,0.0,0.0,1.0
1075,4,Majority,Depression,ME/CFS,0.0,0.0,1.0
1077,4,Majority,ME/CFS,ME/CFS,0.0,0.0,1.0
1079,4,Majority,Depression,ME/CFS,0.0,0.0,1.0
1080,4,Majority,Both,ME/CFS,0.0,0.0,1.0
1083,4,Majority,ME/CFS,ME/CFS,0.0,0.0,1.0
1089,4,Majority,Both,ME/CFS,0.0,0.0,1.0
1090,4,Majority,ME/CFS,ME/CFS,0.0,0.0,1.0
1092,4,Majority,ME/CFS,ME/CFS,0.0,0.0,1.0
1093,4,Majority,Both,ME/CFS,0.0,0.0,1.0
1095,4,Majority,ME/CFS,ME/CFS,0.0,0.0,1.0
1103,4,Majority,Depression,ME/CFS,0.0,0.0,1.0
1105,4,Majority,Depression,ME/CFS,0.0,0.0,1.0
1110,4,Majority,Depression,ME/CFS,0.0,0.0,1.0
1114,4,Majority,ME/CFS,ME/CFS,0.0,0.0,1.0
1118,4,Majority,ME/CFS,ME/CFS,0.0,0.0,1.0
1143,4,Majority,ME/CFS,ME/CFS,0.0,0.0,1.0
1144,4,Majority,ME/CFS,ME/CFS,0.0,0.0,1.0
1156,4,Majority,Both,ME/CFS,0.0,0.0,1.0
1157,4,Majority,ME/CFS,ME/CFS,0.0,0.0,1.0
1163,4,Majority,Depression,ME/CFS,0.0,0.0,1.0
1164,4,Majority,ME/CFS,ME/CFS,0.0,0.0,1.0
1169,4,Majority,Depression,ME/CFS,0.0,0.0,1.0
1171,4,Majority,ME/CFS,ME/CFS,0.0,0.0,1.0
1178,4,Majority,Both,ME/CFS,0.0,0.0,1.0
1186,4,Majority,Depression,ME/CFS,0.0,0.0,1.0
1187,4,Majority,ME/CFS,ME/CFS,0.0,0.0,1.0
1196,4,Majority,ME/CFS,ME/CFS,0.0,0.0,1.0
1202,4,Majority,Both,ME/CFS,0.0,0.0,1.0
1205,4,Majority,ME/CFS,ME/CFS,0.0,0.0,1.0
1208,4,Majority,Both,ME/CFS,0.0,0.0,1.0
1209,4,Majority,ME/CFS,ME/CFS,0.0,0.0,1.0
1218,4,Majority,Both,ME/CFS,0.0,0.0,1.0
1220,4,Majority,Depression,ME/CFS,0.0,0.0,1.0
1224,4,Majority,Depression,ME/CFS,0.0,0.0,1.0
1225,4,Majority,Depression,ME/CFS,0.0,0.0,1.0
1238,4,Majority,Both,ME/CFS,0.0,0.0,1.0
1242,4,Majority,ME/CFS,ME/CFS,0.0,0.0,1.0
1252,4,Majority,Depression,ME/CFS,0.0,0.0,1.0
1256,4,Majority,ME/CFS,ME/CFS,0.0,0.0,1.0
1260,4,Majority,ME/CFS,ME/CFS,0.0,0.0,1.0
1264,4,Majority,Depression,ME/CFS,0.0,0.0,1.0
1267,4,Majority,ME/CFS,ME/CFS,0.0,0.0,1.0
1274,4,Majority,ME/CFS,ME/CFS,0.0,0.0,1.0
1281,4,Majority,Depression,ME/CFS,0.0,0.0,1.0
1286,4,Majority,Both,ME/CFS,0.0,0.0,1.0
1289,4,Majority,Depression,ME/CFS,0.0,0.0,1.0
1303,4,Majority,Both,ME/CFS,0.0,0.0,1.0
1305,4,Majority,Depression,ME/CFS,0.0,0.0,1.0
1306,4,Majority,Both,ME/CFS,0.0,0.0,1.0
1307,4,Majority,Both,ME/CFS,0.0,0.0,1.0
1308,4,Majority,ME/CFS,ME/CFS,0.0,0.0,1.0
1312,4,Majority,Depression,ME/CFS,0.0,0.0,1.0
1316,4,Majority,Depression,ME/CFS,0.0,0.0,1.0
1319,4,Majority,ME/CFS,ME/CFS,0.0,0.0,1.0
1328,4,Majority,ME/CFS,ME/CFS,0.0,0.0,1.0
1338,4,Majority,Both,ME/CFS,0.0,0.0,1.0
1342,4,Majority,Depression,ME/CFS,0.0,0.0,1.0
1343,4,Majority,ME/CFS,ME/CFS,0.0,0.0,1.0
1346,4,Majority,ME/CFS,ME/CFS,0.0,0.0,1.0
1369,4,Majority,Depression,ME/CFS,0.0,0.0,1.0
1371,4,Majority,Both,ME/CFS,0.0,0.0,1.0
1374,4,Majority,ME/CFS,ME/CFS,0.0,0.0,1.0
1378,4,Majority,Depression,ME/CFS,0.0,0.0,1.0
1382,4,Majority,Both,ME/CFS,0.0,0.0,1.0
1387,4,Majority,ME/CFS,ME/CFS,0.0,0.0,1.0
1391,4,Majority,Both,ME/CFS,0.0,0.0,1.0
1392,4,Majority,ME/CFS,ME/CFS,0.0,0.0,1.0
1407,4,Majority,ME/CFS,ME/CFS,0.0,0.0,1.0
1410,4,Majority,ME/CFS,ME/CFS,0.0,0.0,1.0
1417,4,Majority,ME/CFS,ME/CFS,0.0,0.0,1.0
1419,4,Majority,Both,ME/CFS,0.0,0.0,1.0
1422,4,Majority,Depression,ME/CFS,0.0,0.0,1.0
1428,4,Majority,Depression,ME/CFS,0.0,0.0,1.0
1435,4,Majority,Depression,ME/CFS,0.0,0.0,1.0
1441,4,Majority,ME/CFS,ME/CFS,0.0,0.0,1.0
1450,4,Majority,Both,ME/CFS,0.0,0.0,1.0
1454,4,Majority,Both,ME/CFS,0.0,0.0,1.0
1455,4,Majority,Depression,ME/CFS,0.0,0.0,1.0
1462,4,Majority,Both,ME/CFS,0.0,0.0,1.0
1463,4,Majority,ME/CFS,ME/CFS,0.0,0.0,1.0
1464,4,Majority,ME/CFS,ME/CFS,0.0,0.0,1.0
1466,4,Majority,Both,ME/CFS,0.0,0.0,1.0
1467,4,Majority,Both,ME/CFS,0.0,0.0,1.0
1468,4,Majority,Both,ME/CFS,0.0,0.0,1.0
1470,4,Majority,ME/CFS,ME/CFS,0.0,0.0,1.0
1475,4,Majority,ME/CFS,ME/CFS,0.0,0.0,1.0
1484,4,Majority,ME/CFS,ME/CFS,0.0,0.0,1.0
1488,4,Majority,Depression,ME/CFS,0.0,0.0,1.0
1492,4,Majority,Depression,ME/CFS,0.0,0.0,1.0
1494,4,Majority,ME/CFS,ME/CFS,0.0,0.0,1.0
1500,4,Majority,Depression,ME/CFS,0.0,0.0,1.0
1507,4,Majority,Depression,ME/CFS,0.0,0.0,1.0
1508,4,Majority,ME/CFS,ME/CFS,0.0,0.0,1.0
1516,4,Majority,Both,ME/CFS,0.0,0.0,1.0
1520,4,Majority,Both,ME/CFS,0.0,0.0,1.0
1525,4,Majority,ME/CFS,ME/CFS,0.0,0.0,1.0
1532,4,Majority,Both,ME/CFS,0.0,0.0,1.0
1542,4,Majority,Both,ME/CFS,0.0,0.0,1.0
1549,4,Majority,ME/CFS,ME/CFS,0.0,0.0,1.0
1553,4,Majority,ME/CFS,ME/CFS,0.0,0.0,1.0
1567,4,Majority,Both,ME/CFS,0.0,0.0,1.0
1570,4,Majority,Depression,ME/CFS,0.0,0.0,1.0
1571,4,Majority,ME/CFS,ME/CFS,0.0,0.0,1.0
1574,4,Majority,Depression,ME/CFS,0.0,0.0,1.0
1577,4,Majority,Both,ME/CFS,0.0,0.0,1.0
1580,4,Majority,Depression,ME/CFS,0.0,0.0,1.0
1581,4,Majority,ME/CFS,ME/CFS,0.0,0.0,1.0
1585,4,Majority,Both,ME/CFS,0.0,0.0,1.0
1587,4,Majority,Both,ME/CFS,0.0,0.0,1.0
1589,4,Majority,Depression,ME/CFS,0.0,0.0,1.0
1594,4,Majority,Both,ME/CFS,0.0,0.0,1.0
1596,4,Majority,ME/CFS,ME/CFS,0.0,0.0,1.0
1598,4,Majority,ME/CFS,ME/CFS,0.0,0.0,1.0
1611,4,Majority,ME/CFS,ME/CFS,0.0,0.0,1.0
1615,4,Majority,Depression,ME/CFS,0.0,0.0,1.0
0,5,LR,Depression,Depression,0.03499968813241821,0.959655317915644,0.005344993951937835
2,5,LR,ME/CFS,ME/CFS,0.034672375709482436,0.02030051581865963,0.945027108471858
5,5,LR,Depression,Depression,0.24457357029032994,0.7522257680295162,0.0032006616801539454
10,5,LR,Depression,ME/CFS,0.12203895947290921,0.21540882254775623,0.6625522179793345
11,5,LR,Depression,Depression,0.006264096498571547,0.9321922191604973,0.06154368434093119
19,5,LR,Depression,Depression,0.01450627098263405,0.9845415211341138,0.0009522078832521808
24,5,LR,Both,Both,0.9813936080362967,0.013526534106756315,0.005079857856946911
44,5,LR,Depression,Depression,0.09895205503401869,0.8882687461191622,0.012779198846819117
49,5,LR,Both,Both,0.7828428745325469,0.06407488002492612,0.15308224544252694
53,5,LR,Both,Both,0.8516204150146844,0.03750741033251139,0.11087217465280405
61,5,LR,Both,Both,0.96349579649551,0.02825246535157713,0.008251738152912805
66,5,LR,Depression,Depression,0.006963217629539269,0.9922560201121757,0.0007807622582849258
79,5,LR,ME/CFS,Depression,0.029252780475438188,0.7746746519903643,0.19607256753419763
83,5,LR,Depression,Both,0.9416800437417144,0.03479354912136278,0.023526407136922868
92,5,LR,ME/CFS,ME/CFS,0.06184552700108152,0.031883697346462396,0.9062707756524562
96,5,LR,Depression,Depression,0.0875021125999943,0.8070542933462793,0.10544359405372618
97,5,LR,ME/CFS,ME/CFS,0.0235536020739903,0.03601963656852949,0.9404267613574802
99,5,LR,Depression,Depression,0.14235837561493395,0.7947187077018484,0.06292291668321771
115,5,LR,Both,Both,0.9683316070696109,0.02394123636206684,0.007727156568322136
122,5,LR,Both,Both,0.7560481090878096,0.016992348334505247,0.22695954257768505
125,5,LR,ME/CFS,ME/CFS,0.13789243769731815,0.007332729001385668,0.8547748333012962
131,5,LR,Depression,Depression,0.10179806808375699,0.5606739246001363,0.3375280073161067
132,5,LR,Depression,Depression,0.16843173805104242,0.5715953891989141,0.25997287275004344
141,5,LR,Both,ME/CFS,0.18430315025481325,0.015843602103826186,0.7998532476413607
146,5,LR,ME/CFS,ME/CFS,0.22677754558378405,0.046667385120756834,0.7265550692954592
147,5,LR,ME/CFS,Both,0.4805051937199352,0.16121742325113786,0.358277383028927
149,5,LR,ME/CFS,Depression,0.04558288071536026,0.8593569074805271,0.09506021180411274
150,5,LR,ME/CFS,ME/CFS,0.03163979017940198,0.003627124668353245,0.9647330851522447
155,5,LR,Both,Both,0.8855635728271776,0.07757458778111326,0.036861839391709124
156,5,LR,ME/CFS,ME/CFS,0.12458476460299796,0.014089929745954596,0.8613253056510474
157,5,LR,Both,Both,0.9331191916331791,0.061289880586584175,0.005590927780236675
162,5,LR,Depression,Depression,0.12942735574377232,0.8578803488075012,0.012692295448726517
171,5,LR,ME/CFS,ME/CFS,0.06606618863711845,0.008795852365356615,0.9251379589975248
174,5,LR,Depression,Depression,0.4477633717354813,0.5394599100858559,0.01277671817866281
178,5,LR,ME/CFS,ME/CFS,0.4052495303438087,0.04918077103187942,0.5455696986243119
181,5,LR,ME/CFS,Both,0.5605724920981989,0.03629009473642482,0.40313741316537616
192,5,LR,Depression,Depression,0.017323271783326395,0.8452370384134229,0.13743968980325055
194,5,LR,ME/CFS,Depression,0.10052093715300066,0.6354901862201429,0.26398887662685655
195,5,LR,ME/CFS,ME/CFS,0.039424162092594965,0.08965138743666831,0.8709244504707366
198,5,LR,Both,ME/CFS,0.17084695203422232,0.11100159517033863,0.718151452795439
204,5,LR,ME/CFS,Both,0.4706717570039861,0.3278237973358029,0.20150444566021095
215,5,LR,Both,Both,0.8715627857773509,0.08693206797083343,0.041505146251815554
217,5,LR,Both,Both,0.844117818036402,0.1401881095811177,0.01569407238248035
218,5,LR,Depression,Depression,0.23794844239354843,0.7429076790773703,0.019143878529081317
220,5,LR,ME/CFS,Both,0.6193415694912402,0.014419575041667302,0.3662388554670925
221,5,LR,Both,Both,0.8517302657717591,0.135121172450335,0.01314856177790572
227,5,LR,Depression,Depression,0.45008385450730665,0.531067467877635,0.01884867761505823
233,5,LR,Both,ME/CFS,0.3719492117791029,0.012737258827784719,0.6153135293931125
237,5,LR,Depression,Depression,0.02797933183525524,0.6036000709230299,0.3684205972417149
241,5,LR,Both,ME/CFS,0.44177880429495364,0.05691790696689865,0.5013032887381477
242,5,LR,ME/CFS,Both,0.47644615700890897,0.27284764448241733,0.2507061985086737
246,5,LR,Depression,Depression,0.3994262923887825,0.5878199274814273,0.01275378012979011
248,5,LR,Depression,Depression,0.03645708987230528,0.5177478510831144,0.4457950590445803
249,5,LR,Depression,ME/CFS,0.20287575081122464,0.33168263423260635,0.46544161495616904
255,5,LR,ME/CFS,ME/CFS,0.28836483080910236,0.237279350696409,0.4743558184944887
257,5,LR,Both,Both,0.8551284476434352,0.13139480727207956,0.013476745084485077
262,5,LR,ME/CFS,Depression,0.015604157715909894,0.836780281316101,0.14761556096798895
265,5,LR,Depression,Depression,0.3310212036587585,0.6649741443729097,0.004004651968331719
274,5,LR,Both,Both,0.6250417606106781,0.29736360869074846,0.0775946306985734
294,5,LR,ME/CFS,ME/CFS,0.020813779611946484,0.48318218011979586,0.4960040402682576
295,5,LR,ME/CFS,ME/CFS,0.04490999400172349,0.005248400483457639,0.9498416055148189
296,5,LR,ME/CFS,ME/CFS,0.013490942648315508,0.014589512525147685,0.9719195448265368
305,5,LR,Depression,Depression,0.03394552859680153,0.6716742274885265,0.294380243914672
311,5,LR,Both,Both,0.5959558639845527,0.035146986499694624,0.36889714951575275
317,5,LR,Both,Depression,0.15768396017191244,0.7687501648480377,0.07356587498004975
327,5,LR,Both,Both,0.8794396855453399,0.11035495773426106,0.01020535672039887
341,5,LR,ME/CFS,Depression,0.014550128599115275,0.8053298586722216,0.18012001272866304
344,5,LR,ME/CFS,ME/CFS,0.02641819096487813,0.014317519332622987,0.9592642897024989
348,5,LR,Both,Both,0.856826138590681,0.06906213746926547,0.07411172394005353
351,5,LR,Depression,Depression,0.42233062493320417,0.46381454743658007,0.11385482763021582
357,5,LR,ME/CFS,ME/CFS,0.06095890678511298,0.012684317440837777,0.9263567757740493
362,5,LR,ME/CFS,ME/CFS,0.026678073257836898,0.0010212328769473149,0.9723006938652159
365,5,LR,ME/CFS,Both,0.6199085403455283,0.04716820557365245,0.33292325408081913
366,5,LR,Depression,Depression,0.18593462671708133,0.6569348322257859,0.1571305410571328
371,5,LR,Depression,Depression,0.002321689774881094,0.9508237496031711,0.046854560621947795
372,5,LR,Depression,Depression,0.016221509013635123,0.9697333648674742,0.014045126118890573
376,5,LR,ME/CFS,Depression,0.049579023778260185,0.9087119469034622,0.041709029318277635
378,5,LR,ME/CFS,ME/CFS,0.16599800821600796,0.032053367752325965,0.801948624031666
389,5,LR,Both,Both,0.5502531023776773,0.4443080344916035,0.005438863130719121
397,5,LR,ME/CFS,ME/CFS,0.08244826106277947,0.017125415080984016,0.9004263238562364
404,5,LR,ME/CFS,ME/CFS,0.089879858500844,0.009301355432949666,0.9008187860662064
406,5,LR,ME/CFS,ME/CFS,0.019927674651980185,0.024473324610049665,0.9555990007379701
412,5,LR,Depression,ME/CFS,0.08112636802924746,0.3737917979287297,0.5450818340420229
417,5,LR,Depression,Depression,0.005032560863748025,0.973877783452652,0.02108965568360008
419,5,LR,Depression,Both,0.8245026061291237,0.14409227571945024,0.03140511815142607
423,5,LR,Both,Both,0.9414562317931775,0.025836980914113572,0.032706787292708955
431,5,LR,Both,ME/CFS,0.21874721239481132,0.012142288718824544,0.7691104988863641
432,5,LR,ME/CFS,Both,0.5063596900813686,0.10914095813010996,0.3844993517885214
440,5,LR,ME/CFS,ME/CFS,0.0639011713208345,0.029078652455723004,0.9070201762234424
445,5,LR,Both,Both,0.9400031512427235,0.045339555544313126,0.014657293212963609
446,5,LR,Depression,Both,0.5902044383460017,0.39360339545893386,0.016192166195064417
451,5,LR,Both,Both,0.8871901205351925,0.07119877422673543,0.04161110523807203
452,5,LR,Both,ME/CFS,0.25821783483832295,0.09308839445900038,0.6486937707026768
454,5,LR,ME/CFS,ME/CFS,0.32339549572312865,0.3289387109179127,0.3476657933589587
456,5,LR,Both,Both,0.9305285119132415,0.05366179541727115,0.015809692669487622
461,5,LR,ME/CFS,Both,0.6236158393511466,0.05617451124669093,0.3202096494021624
462,5,LR,Depression,Depression,0.26307078063973105,0.663812330670169,0.07311688869010011
466,5,LR,Depression,Depression,0.0035906394988010834,0.9646040291550201,0.03180533134617894
467,5,LR,Depression,Depression,0.39792122291416243,0.5592272771296685,0.04285149995616914
468,5,LR,Both,ME/CFS,0.2852378320050896,0.02140259108095738,0.693359576913953
471,5,LR,ME/CFS,ME/CFS,0.0158294082994773,0.03949773026241217,0.9446728614381105
473,5,LR,ME/CFS,ME/CFS,0.02449921163851281,0.07619869994643355,0.8993020884150535
474,5,LR,ME/CFS,Both,0.5006734830242772,0.12611316554894458,0.3732133514267783
486,5,LR,Depression,Depression,0.004422464776412867,0.9951118388111923,0.00046569641239486693
488,5,LR,ME/CFS,Both,0.7281743608745668,0.04511956674529783,0.2267060723801355
492,5,LR,ME/CFS,Depression,0.05808917828717577,0.8681426242402284,0.07376819747259594
493,5,LR,ME/CFS,ME/CFS,0.08563553686289291,0.052398097300448455,0.8619663658366585
497,5,LR,Depression,Depression,0.005516183794190912,0.993137648070059,0.0013461681357500863
499,5,LR,Depression,Depression,0.05070019082257687,0.7205985794296245,0.22870122974779872
500,5,LR,Depression,Depression,0.07949015535218652,0.8696985579221789,0.05081128672563479
507,5,LR,Both,Both,0.5850799654358076,0.2882321582365508,0.1266878763276416
516,5,LR,Depression,Depression,0.3749562389648776,0.56639146320203,0.05865229783309223
517,5,LR,Both,Both,0.8893411473664004,0.10322207633997398,0.007436776293625657
519,5,LR,ME/CFS,ME/CFS,0.12810557691062627,0.3940051666191854,0.4778892564701884
522,5,LR,ME/CFS,Both,0.4888757990909058,0.1323182307975824,0.37880597011151185
538,5,LR,Depression,Depression,0.004039110341447008,0.9874974884966354,0.008463401161917572
544,5,LR,Both,Both,0.5652674812151584,0.026863128454336662,0.40786939033050507
545,5,LR,ME/CFS,Both,0.693569388677419,0.02826554064896914,0.27816507067361185
551,5,LR,Both,Both,0.9227079458237886,0.062333929369341186,0.014958124806870384
560,5,LR,ME/CFS,Both,0.6649875869367017,0.11242259388031435,0.222589819182984
564,5,LR,ME/CFS,Both,0.7290672225670092,0.035838330610935096,0.23509444682205574
566,5,LR,Both,ME/CFS,0.2398744006728106,0.30736885359217875,0.45275674573501057
567,5,LR,Both,ME/CFS,0.1466147060142346,0.029421523700063373,0.8239637702857021
568,5,LR,Depression,Depression,0.03671531895388924,0.7164414093593342,0.24684327168677647
569,5,LR,Both,Both,0.9002039103612631,0.0814661501855515,0.018329939453185288
578,5,LR,Both,Both,0.7523405985760331,0.08113905512019245,0.16652034630377432
581,5,LR,Both,Both,0.4991642962760314,0.31936617759035085,0.18146952613361764
584,5,LR,ME/CFS,Both,0.456637862392975,0.3036804916713007,0.23968164593572427
586,5,LR,ME/CFS,ME/CFS,0.0071979277622194965,0.019068963835520012,0.9737331084022605
591,5,LR,ME/CFS,Depression,0.30387917629480266,0.366377296829521,0.32974352687567626
596,5,LR,ME/CFS,ME/CFS,0.06707405489351398,0.1516194169345973,0.7813065281718887
603,5,LR,ME/CFS,ME/CFS,0.06288620926452737,0.009278330561939364,0.9278354601735332
604,5,LR,Depression,Depression,0.012069271601922907,0.9875205143894881,0.0004102140085889946
605,5,LR,Depression,Depression,0.009149981607478265,0.9864392886153718,0.004410729777150162
607,5,LR,ME/CFS,Both,0.5098575773788085,0.09959730225278293,0.3905451203684085
614,5,LR,Depression,Depression,0.0131200412169662,0.9853735954586503,0.0015063633243835384
615,5,LR,ME/CFS,ME/CFS,0.06449628292302172,0.005051624918400771,0.9304520921585776
616,5,LR,Both,Both,0.8175505566967602,0.017226367708122314,0.16522307559511734
617,5,LR,ME/CFS,Both,0.4118345321150253,0.1943107396690138,0.39385472821596085
627,5,LR,Both,Both,0.7156118635977727,0.11440490871277832,0.16998322768944882
629,5,LR,ME/CFS,ME/CFS,0.0765462566907734,0.02785394502956343,0.8955997982796631
632,5,LR,ME/CFS,ME/CFS,0.09046923264399787,0.02467533416926713,0.884855433186735
655,5,LR,ME/CFS,ME/CFS,0.04462791504572331,0.14269132047748304,0.8126807644767936
658,5,LR,Depression,Depression,0.0028960228758366396,0.9968313369123234,0.00027264021183995285
662,5,LR,Depression,Depression,0.22570907755382827,0.42013099608331306,0.35415992636285865
672,5,LR,ME/CFS,ME/CFS,0.3676411083280921,0.07157557342102688,0.560783318250881
674,5,LR,ME/CFS,ME/CFS,0.3413299028605081,0.204443114569242,0.4542269825702499
689,5,LR,ME/CFS,ME/CFS,0.07153963827960878,0.07703797792045275,0.8514223837999384
690,5,LR,ME/CFS,Depression,0.08673120203136003,0.5236876501507993,0.3895811478178406
693,5,LR,Depression,Depression,0.05822065778798918,0.8213306427288267,0.12044869948318421
694,5,LR,Depression,Depression,0.0028313019761273426,0.9931395116417895,0.004029186382083194
701,5,LR,Depression,Depression,0.07459814144297479,0.9216024966634772,0.0037993618935481263
704,5,LR,Depression,Depression,0.001305151171799295,0.984495566183578,0.014199282644622842
708,5,LR,Depression,Depression,0.018567249782079666,0.6059788329831931,0.3754539172347272
709,5,LR,Both,Both,0.8950440275212055,0.052305321832637065,0.05265065064615758
714,5,LR,ME/CFS,ME/CFS,0.20479669291755884,0.20314405878628394,0.5920592482961571
721,5,LR,Both,ME/CFS,0.4315913023964182,0.0854938792156984,0.48291481838788347
722,5,LR,ME/CFS,ME/CFS,0.06624710974340038,0.1348299917531679,0.7989228985034317
729,5,LR,Both,Both,0.9083387225737821,0.0846913495145564,0.006969927911661424
733,5,LR,Both,Both,0.6783456571575451,0.3058184293791816,0.01583591346327329
734,5,LR,ME/CFS,ME/CFS,0.3287889195699832,0.2663316625748971,0.4048794178551196
744,5,LR,ME/CFS,Depression,0.014302983372860664,0.49573151233971696,0.4899655042874224
745,5,LR,Depression,Depression,0.006808230855340856,0.9928157477777046,0.0003760213669546247
746,5,LR,Both,ME/CFS,0.07495999518517672,0.09317484323653655,0.8318651615782866
754,5,LR,Depression,Both,0.573642313363234,0.34876057513509934,0.0775971115016666
757,5,LR,ME/CFS,ME/CFS,0.11612569401023373,0.0876289442387764,0.7962453617509898
770,5,LR,Depression,Depression,0.025969320033708134,0.9681492443268114,0.005881435639480383
774,5,LR,Both,Both,0.9390099535059454,0.015393848867676235,0.04559619762637838
782,5,LR,Both,ME/CFS,0.1763703510629588,0.04407494407374125,0.7795547048633
783,5,LR,Depression,Depression,0.4708127091223146,0.5235659308145216,0.005621360063163784
784,5,LR,Depression,Depression,0.2005049567984924,0.7761976105882791,0.023297432613228527
792,5,LR,Depression,Depression,0.016480424050193298,0.9676525015203857,0.015867074429420956
796,5,LR,Depression,Both,0.957488703083302,0.0307726569002327,0.011738640016465213
804,5,LR,Depression,Depression,0.004448215345715437,0.9832662708164241,0.012285513837860449
816,5,LR,Both,Both,0.4639982178592945,0.27992125075005425,0.2560805313906512
819,5,LR,Depression,Depression,0.08349468849453152,0.8743001789145706,0.04220513259089786
824,5,LR,ME/CFS,Depression,0.16599314230367126,0.7505280618083856,0.08347879588794302
837,5,LR,ME/CFS,ME/CFS,0.05790734411928695,0.012508815471544935,0.9295838404091681
842,5,LR,Depression,Depression,0.4899069230570177,0.49427921902691463,0.01581385791606767
845,5,LR,ME/CFS,ME/CFS,0.016666067022711006,0.14025804775417233,0.8430758852231167
853,5,LR,ME/CFS,ME/CFS,0.09307449352731056,0.25712343413713246,0.649802072335557
860,5,LR,Depression,Depression,0.17618515077734617,0.8217528432437544,0.0020620059788994255
862,5,LR,ME/CFS,Both,0.6085527174473029,0.0236466491907678,0.3678006333619294
867,5,LR,Both,Both,0.5979790809188579,0.018100203430665165,0.383920715650477
874,5,LR,Both,Both,0.8392458294598242,0.1302038956230075,0.030550274917168288
875,5,LR,ME/CFS,ME/CFS,0.08516193970461819,0.005844499130162442,0.9089935611652195
876,5,LR,ME/CFS,ME/CFS,0.01934249200426682,0.0157170061307274,0.9649405018650058
877,5,LR,ME/CFS,ME/CFS,0.17204497434861912,0.3926643164457816,0.43529070920559926
881,5,LR,Depression,Depression,0.3142478146805467,0.6293802545625236,0.05637193075692977
890,5,LR,ME/CFS,Both,0.48649337575305607,0.06688678319692214,0.4466198410500218
893,5,LR,Both,Both,0.4985171709492496,0.16287045391293425,0.3386123751378162
897,5,LR,Both,Both,0.932721592486054,0.05316587429222705,0.014112533221718954
902,5,LR,Both,Both,0.6157468643124911,0.3472999608155213,0.03695317487198753
912,5,LR,ME/CFS,ME/CFS,0.04537202083174778,0.025386627671655122,0.929241351496597
915,5,LR,Depression,Depression,0.223760872878813,0.5727468408329697,0.20349228628821736
933,5,LR,ME/CFS,ME/CFS,0.04128466395477031,0.002817956481036992,0.9558973795641926
934,5,LR,Both,Both,0.8014042219269323,0.10082487177992747,0.09777090629314036
944,5,LR,ME/CFS,Both,0.5707539295964437,0.09641099229523442,0.3328350781083219
945,5,LR,Depression,ME/CFS,0.26987410978046045,0.023944435525261928,0.7061814546942776
947,5,LR,ME/CFS,ME/CFS,0.32176023223681327,0.016964889306228956,0.6612748784569576
956,5,LR,Depression,Depression,0.028536674783668014,0.9101877640075992,0.061275561208732975
958,5,LR,Both,Both,0.7711340229984364,0.015368624704236375,0.2134973522973273
961,5,LR,Depression,Both,0.9427545805975598,0.024927993692592364,0.03231742570984767
964,5,LR,Depression,Both,0.7012998611250328,0.22845785201121097,0.07024228686375622
965,5,LR,ME/CFS,ME/CFS,0.3157897337182429,0.2471540314049302,0.43705623487682693
967,5,LR,Depression,Depression,0.011376005218660761,0.9793066497314811,0.009317345049858065
980,5,LR,Both,ME/CFS,0.22396989676671347,0.012309788713848996,0.7637203145194374
981,5,LR,ME/CFS,ME/CFS,0.016844637194416815,0.002432850070071388,0.9807225127355118
982,5,LR,ME/CFS,ME/CFS,0.12716673585232585,0.039928741903302915,0.8329045222443713
985,5,LR,Depression,Depression,0.0011201341216733633,0.9850294963574807,0.01385036952084604
986,5,LR,Both,ME/CFS,0.2116365227104638,0.08023047325148427,0.7081330040380519
989,5,LR,Both,ME/CFS,0.45722542854950216,0.009252026338367839,0.53352254511213
992,5,LR,ME/CFS,Depression,0.014006279262170062,0.6324191541440763,0.3535745665937536
994,5,LR,ME/CFS,Depression,0.024844102282353613,0.5577240302140491,0.4174318675035973
995,5,LR,ME/CFS,Depression,0.14517149332205057,0.4278455776340502,0.4269829290438993
1006,5,LR,Depression,Depression,0.11536488716697856,0.6708610807723028,0.2137740320607188
1013,5,LR,Both,ME/CFS,0.3380903001666256,0.05601273133249827,0.605896968500876
1028,5,LR,Both,Both,0.8700992748676271,0.017906212673885757,0.11199451245848718
1047,5,LR,Both,Both,0.8962000076289629,0.057784947125221246,0.046015045245815844
1051,5,LR,ME/CFS,Both,0.7639972612663608,0.011614718817634574,0.22438801991600452
1055,5,LR,ME/CFS,ME/CFS,0.019812560841785582,0.36565649491889374,0.6145309442393206
1057,5,LR,Both,ME/CFS,0.11317762013742243,0.33163759378417057,0.555184786078407
1074,5,LR,Depression,Depression,0.0027837508742330564,0.9754332236626038,0.021783025463163234
1076,5,LR,ME/CFS,Both,0.5276853536683218,0.06332590161293536,0.4089887447187428
1078,5,LR,ME/CFS,Both,0.4977243427224206,0.07888887637636326,0.4233867809012163
1084,5,LR,Depression,Depression,0.0018057656796771392,0.990592106232181,0.007602128088141942
1097,5,LR,Depression,Depression,0.06667628976986459,0.924608943682219,0.008714766547916386
1098,5,LR,Depression,Depression,0.034277135719127105,0.9638108369849759,0.0019120272958970319
1117,5,LR,Both,Both,0.8984329605184801,0.061940459900967026,0.03962657958055297
1127,5,LR,ME/CFS,ME/CFS,0.2552290969117171,0.04046475299304241,0.7043061500952404
1128,5,LR,Both,Both,0.9353315071227514,0.014393791672571215,0.05027470120467729
1132,5,LR,Depression,Depression,0.2837289090854078,0.645627981543948,0.07064310937064415
1137,5,LR,ME/CFS,ME/CFS,0.024564898470639737,0.03955730925153145,0.9358777922778289
1141,5,LR,ME/CFS,ME/CFS,0.25549988183365496,0.24543011683845642,0.49907000132788876
1151,5,LR,ME/CFS,ME/CFS,0.005768767597998038,0.3638371305822562,0.6303941018197456
1154,5,LR,ME/CFS,ME/CFS,0.01747024471712602,0.045308900055557405,0.9372208552273167
1158,5,LR,Depression,Both,0.7570793103042787,0.08073225979076074,0.16218842990496077
1161,5,LR,ME/CFS,ME/CFS,0.23044177232695723,0.00535081735606504,0.7642074103169778
1166,5,LR,ME/CFS,ME/CFS,0.4455702167665866,0.05981367120558225,0.4946161120278311
1173,5,LR,Depression,Depression,0.4155809683901748,0.5575696678196127,0.026849363790212497
1174,5,LR,ME/CFS,ME/CFS,0.28145880435401766,0.17423870991770687,0.5443024857282754
1175,5,LR,ME/CFS,Both,0.5131613014086981,0.06850964079843987,0.4183290577928619
1180,5,LR,ME/CFS,ME/CFS,0.1466116841406893,0.021757292589739387,0.8316310232695714
1182,5,LR,Depression,Both,0.5275553892038194,0.03356454164926637,0.4388800691469143
1188,5,LR,ME/CFS,ME/CFS,0.04108789806153963,0.019037435143239308,0.939874666795221
1190,5,LR,Depression,Depression,0.2882190442455537,0.5482835235616291,0.16349743219281712
1198,5,LR,Depression,Depression,0.0526080230021241,0.5815934711626028,0.365798505835273
1200,5,LR,ME/CFS,ME/CFS,0.035046455996716415,0.004542317451241146,0.9604112265520426
1207,5,LR,ME/CFS,Both,0.5101862500065744,0.32854304350917124,0.16127070648425434
1212,5,LR,Depression,Depression,0.2081298266215844,0.5439363230050291,0.24793385037338656
1213,5,LR,Depression,Depression,0.001614096850320668,0.9898975237972313,0.008488379352448073
1216,5,LR,ME/CFS,ME/CFS,0.4431563366419869,0.07155404482696574,0.4852896185310472
1217,5,LR,ME/CFS,ME/CFS,0.08184881162802979,0.327218055485687,0.5909331328862832
1228,5,LR,ME/CFS,ME/CFS,0.39721169442815657,0.02766503190769879,0.5751232736641446
1243,5,LR,Depression,Depression,0.3722308112965958,0.5819587319552785,0.04581045674812583
1248,5,LR,ME/CFS,ME/CFS,0.24701096998747865,0.22307221095663413,0.5299168190558872
1250,5,LR,Depression,Depression,0.02682726169684678,0.7289684512829888,0.24420428702016425
1259,5,LR,Depression,Depression,0.04388330417416733,0.8670760322780469,0.08904066354778588
1261,5,LR,ME/CFS,ME/CFS,0.10857153650457659,0.04336285525790833,0.8480656082375151
1268,5,LR,Both,Both,0.9410517871047668,0.05060181426942983,0.008346398625803246
1273,5,LR,Both,Both,0.9067833991583863,0.08765206787355985,0.005564532968053961
1275,5,LR,Both,Both,0.9155136270318622,0.031150468905628916,0.053335904062508876
1290,5,LR,ME/CFS,ME/CFS,0.35553841513761053,0.05067585337707752,0.593785731485312
1297,5,LR,Both,ME/CFS,0.47496103456203603,0.0327333957757257,0.49230556966223815
1298,5,LR,Depression,ME/CFS,0.11379352325347585,0.274639623864407,0.6115668528821172
1304,5,LR,ME/CFS,ME/CFS,0.06782406923021687,0.0026450288973180274,0.9295309018724652
1317,5,LR,Depression,Depression,0.010152341665713284,0.9890050547454425,0.0008426035888441764
1325,5,LR,Depression,Depression,0.0024787685078143298,0.9662186105927432,0.03130262089944241
1330,5,LR,ME/CFS,ME/CFS,0.15756125005590085,0.012498154200756569,0.8299405957433427
1334,5,LR,ME/CFS,ME/CFS,0.211087964704926,0.03364420381790543,0.7552678314771686
1339,5,LR,ME/CFS,ME/CFS,0.2347908744144163,0.015288171639899331,0.7499209539456844
1347,5,LR,ME/CFS,ME/CFS,0.4112226890066701,0.12975145262803514,0.4590258583652947
1352,5,LR,Both,Both,0.5652275341575774,0.08547991131380021,0.34929255452862235
1363,5,LR,ME/CFS,Both,0.7143948864331777,0.02808727193523594,0.2575178416315863
1365,5,LR,ME/CFS,ME/CFS,0.06414500787428924,0.054719866926678275,0.8811351251990325
1372,5,LR,Depression,Both,0.34512534085254126,0.34317962538276187,0.31169503376469687
1377,5,LR,Both,Both,0.6268217221868234,0.014839813335250132,0.3583384644779265
1384,5,LR,Depression,Depression,0.04839260997374034,0.9423471207662203,0.009260269260039321
1395,5,LR,Both,Both,0.9432841787161321,0.03739018293500998,0.019325638348857907
1398,5,LR,Both,Both,0.9737684397810258,0.020219071636451355,0.006012488582522802
1403,5,LR,Depression,Depression,0.3345480184817178,0.6466706627526985,0.018781318765583754
1408,5,LR,Depression,Depression,0.10245839586861621,0.6639917643113433,0.23354983982004046
1409,5,LR,Depression,Depression,0.029180842447108776,0.5387774900274502,0.4320416675254411
1412,5,LR,Depression,Depression,0.21361301921334994,0.4079058819232384,0.37848109886341164
1414,5,LR,Depression,Depression,0.36894635642192386,0.6175290531799068,0.013524590398169214
1421,5,LR,ME/CFS,ME/CFS,0.2600975255135852,0.02898805184579176,0.710914422640623
1424,5,LR,ME/CFS,Both,0.6408664552318067,0.03480780331816438,0.3243257414500288
1425,5,LR,Depression,Depression,0.030236712865184975,0.9587877499073201,0.010975537227494982
1426,5,LR,Both,Both,0.8276783692258106,0.15010205160823284,0.022219579165956557
1439,5,LR,ME/CFS,Depression,0.03866109093094323,0.8968798839807726,0.06445902508828431
1442,5,LR,Depression,Depression,0.04841610377237747,0.9490528705100371,0.002531025717585577
1452,5,LR,Both,Both,0.8673527055370632,0.028027929858600226,0.10461936460433648
1456,5,LR,Depression,Depression,0.11007119020312685,0.8810536546255225,0.008875155171350456
1465,5,LR,ME/CFS,ME/CFS,0.028135937144279508,0.007574481946531557,0.9642895809091888
1474,5,LR,Depression,ME/CFS,0.13303019641567412,0.42120327360448767,0.4457665299798382
1477,5,LR,Both,Both,0.7569883207988718,0.09577338243868089,0.14723829676244737
1483,5,LR,Both,Both,0.8964002634457463,0.09197400704729021,0.011625729506963448
1485,5,LR,Both,Both,0.8275582909002661,0.03815294175310805,0.13428876734662587
1486,5,LR,Depression,Depression,0.2330585083649581,0.763393405160244,0.003548086474797989
1490,5,LR,Depression,Depression,0.17602602799006914,0.7994615629306628,0.024512409079268053
1499,5,LR,ME/CFS,ME/CFS,0.030699489858845883,0.07095281585047532,0.8983476942906787
1505,5,LR,Both,Both,0.7962151420694016,0.154233354192154,0.049551503738444476
1513,5,LR,ME/CFS,ME/CFS,0.10687413229445791,0.09287513970063876,0.8002507280049033
1515,5,LR,Depression,Depression,0.012605613233737453,0.9568103353209888,0.030584051445273618
1517,5,LR,Depression,Depression,0.06759202840143069,0.49572812962031765,0.43667984197825177
1521,5,LR,Depression,Depression,0.050859457071088784,0.9477535422101544,0.001387000718756821
1526,5,LR,Depression,Depression,0.02324128373026754,0.7363787956894805,0.24037992058025193
1530,5,LR,Both,ME/CFS,0.12123804852873452,0.2731226464213145,0.6056393050499509
1537,5,LR,ME/CFS,Both,0.41161313053107607,0.18039152805572514,0.4079953414131989
1538,5,LR,Depression,Depression,0.004512010716375843,0.9565243375193604,0.038963651764263724
1539,5,LR,Depression,ME/CFS,0.06033996829645513,0.2881079694994883,0.6515520622040566
1540,5,LR,ME/CFS,ME/CFS,0.02006581383249716,0.08082644067639798,0.899107745491105
1544,5,LR,Depression,Depression,0.0010343351078386165,0.9350438364601815,0.06392182843197979
1547,5,LR,ME/CFS,ME/CFS,0.019737087221180307,0.05555825075148475,0.9247046620273349
1558,5,LR,ME/CFS,ME/CFS,0.1450005634813673,0.15798611376614127,0.6970133227524915
1559,5,LR,Both,Both,0.5581732116730028,0.02724841458013837,0.4145783737468588
1561,5,LR,Depression,ME/CFS,0.2611637443100496,0.0841424131150929,0.6546938425748576
1572,5,LR,ME/CFS,Depression,0.29773003180394003,0.3516500829875863,0.3506198852084736
1579,5,LR,Depression,Depression,0.011531588922266196,0.9750264812089424,0.013441929868791242
1597,5,LR,Depression,Depression,0.17749973729524168,0.7753352071243312,0.04716505558042712
1601,5,LR,Both,Both,0.6685713262993213,0.08166976988302795,0.2497589038176508
1603,5,LR,Depression,Depression,0.011550565951878554,0.9078507161256126,0.08059871792250889
1604,5,LR,ME/CFS,Both,0.3829396110900074,0.2627807417640144,0.3542796471459782
1616,5,LR,ME/CFS,ME/CFS,0.0536927732172698,0.031003896365033645,0.9153033304176966
0,5,DT,Depression,Depression,0.07505638676003426,0.8525678117213595,0.0723758015186045
2,5,DT,ME/CFS,ME/CFS,0.0,0.010084491687108203,0.9899155083128918
5,5,DT,Depression,Depression,0.07505638676003426,0.8525678117213595,0.0723758015186045
10,5,DT,Depression,ME/CFS,0.3974379006599856,0.08644086750666523,0.516121231833354
11,5,DT,Depression,Depression,0.07505638676003426,0.8525678117213595,0.0723758015186045
19,5,DT,Depression,Depression,0.07505638676003426,0.8525678117213595,0.0723758015186045
24,5,DT,Both,Both,0.9384567252899512,0.06154327471004928,0.0
44,5,DT,Depression,Depression,0.07505638676003426,0.8525678117213595,0.0723758015186045
49,5,DT,Both,Both,0.9384567252899512,0.06154327471004928,0.0
53,5,DT,Both,Both,0.9384567252899512,0.06154327471004928,0.0
61,5,DT,Both,Both,0.9384567252899512,0.06154327471004928,0.0
66,5,DT,Depression,Depression,0.07505638676003426,0.8525678117213595,0.0723758015186045
79,5,DT,ME/CFS,Depression,0.07505638676003426,0.8525678117213595,0.0723758015186045
83,5,DT,Depression,Both,0.9384567252899512,0.06154327471004928,0.0
92,5,DT,ME/CFS,ME/CFS,0.0,0.010084491687108203,0.9899155083128918
96,5,DT,Depression,Depression,0.0,1.0,0.0
97,5,DT,ME/CFS,ME/CFS,0.0,0.010084491687108203,0.9899155083128918
99,5,DT,Depression,Depression,0.0,1.0,0.0
115,5,DT,Both,Both,0.9384567252899512,0.06154327471004928,0.0
122,5,DT,Both,ME/CFS,0.3974379006599856,0.08644086750666523,0.516121231833354
125,5,DT,ME/CFS,ME/CFS,0.0,0.010084491687108203,0.9899155083128918
131,5,DT,Depression,ME/CFS,0.3974379006599856,0.08644086750666523,0.516121231833354
132,5,DT,Depression,Depression,0.07505638676003426,0.8525678117213595,0.0723758015186045
141,5,DT,Both,ME/CFS,0.3974379006599856,0.08644086750666523,0.516121231833354
146,5,DT,ME/CFS,ME/CFS,0.3974379006599856,0.08644086750666523,0.516121231833354
147,5,DT,ME/CFS,ME/CFS,0.3974379006599856,0.08644086750666523,0.516121231833354
149,5,DT,ME/CFS,Depression,0.07505638676003426,0.8525678117213595,0.0723758015186045
150,5,DT,ME/CFS,ME/CFS,0.0,0.010084491687108203,0.9899155083128918
155,5,DT,Both,Both,0.9384567252899512,0.06154327471004928,0.0
156,5,DT,ME/CFS,ME/CFS,0.0,0.010084491687108203,0.9899155083128918
157,5,DT,Both,Both,0.9384567252899512,0.06154327471004928,0.0
162,5,DT,Depression,Depression,0.07505638676003426,0.8525678117213595,0.0723758015186045
171,5,DT,ME/CFS,ME/CFS,0.0,0.010084491687108203,0.9899155083128918
174,5,DT,Depression,Depression,0.07505638676003426,0.8525678117213595,0.0723758015186045
178,5,DT,ME/CFS,ME/CFS,0.3974379006599856,0.08644086750666523,0.516121231833354
181,5,DT,ME/CFS,ME/CFS,0.3974379006599856,0.08644086750666523,0.516121231833354
192,5,DT,Depression,Depression,0.07505638676003426,0.8525678117213595,0.0723758015186045
194,5,DT,ME/CFS,Depression,0.07505638676003426,0.8525678117213595,0.0723758015186045
195,5,DT,ME/CFS,ME/CFS,0.0,0.0,1.0
198,5,DT,Both,ME/CFS,0.3974379006599856,0.08644086750666523,0.516121231833354
204,5,DT,ME/CFS,Both,0.4087303518419389,0.2333544211397149,0.3579152270183465
215,5,DT,Both,Both,0.9384567252899512,0.06154327471004928,0.0
217,5,DT,Both,Both,0.9384567252899512,0.06154327471004928,0.0
218,5,DT,Depression,Depression,0.07505638676003426,0.8525678117213595,0.0723758015186045
220,5,DT,ME/CFS,ME/CFS,0.3974379006599856,0.08644086750666523,0.516121231833354
221,5,DT,Both,Both,0.9384567252899512,0.06154327471004928,0.0
227,5,DT,Depression,Depression,0.07505638676003426,0.8525678117213595,0.0723758015186045
233,5,DT,Both,ME/CFS,0.3974379006599856,0.08644086750666523,0.516121231833354
237,5,DT,Depression,Depression,0.07505638676003426,0.8525678117213595,0.0723758015186045
241,5,DT,Both,ME/CFS,0.3974379006599856,0.08644086750666523,0.516121231833354
242,5,DT,ME/CFS,ME/CFS,0.3974379006599856,0.08644086750666523,0.516121231833354
246,5,DT,Depression,Depression,0.07505638676003426,0.8525678117213595,0.0723758015186045
248,5,DT,Depression,Depression,0.07505638676003426,0.8525678117213595,0.0723758015186045
249,5,DT,Depression,Depression,0.07505638676003426,0.8525678117213595,0.0723758015186045
255,5,DT,ME/CFS,ME/CFS,0.3974379006599856,0.08644086750666523,0.516121231833354
257,5,DT,Both,Both,0.9384567252899512,0.06154327471004928,0.0
262,5,DT,ME/CFS,Depression,0.07505638676003426,0.8525678117213595,0.0723758015186045
265,5,DT,Depression,Depression,0.07505638676003426,0.8525678117213595,0.0723758015186045
274,5,DT,Both,Both,0.4087303518419389,0.2333544211397149,0.3579152270183465
294,5,DT,ME/CFS,ME/CFS,0.0,0.0,1.0
295,5,DT,ME/CFS,ME/CFS,0.0,0.010084491687108203,0.9899155083128918
296,5,DT,ME/CFS,ME/CFS,0.0,0.010084491687108203,0.9899155083128918
305,5,DT,Depression,Depression,0.07505638676003426,0.8525678117213595,0.0723758015186045
311,5,DT,Both,ME/CFS,0.3974379006599856,0.08644086750666523,0.516121231833354
317,5,DT,Both,Depression,0.07505638676003426,0.8525678117213595,0.0723758015186045
327,5,DT,Both,Both,0.9384567252899512,0.06154327471004928,0.0
341,5,DT,ME/CFS,Depression,0.07505638676003426,0.8525678117213595,0.0723758015186045
344,5,DT,ME/CFS,ME/CFS,0.0,0.010084491687108203,0.9899155083128918
348,5,DT,Both,Both,0.9384567252899512,0.06154327471004928,0.0
351,5,DT,Depression,Both,0.4087303518419389,0.2333544211397149,0.3579152270183465
357,5,DT,ME/CFS,ME/CFS,0.0,0.010084491687108203,0.9899155083128918
362,5,DT,ME/CFS,ME/CFS,0.0,0.010084491687108203,0.9899155083128918
365,5,DT,ME/CFS,ME/CFS,0.3974379006599856,0.08644086750666523,0.516121231833354
366,5,DT,Depression,Depression,0.07505638676003426,0.8525678117213595,0.0723758015186045
371,5,DT,Depression,Depression,0.07505638676003426,0.8525678117213595,0.0723758015186045
372,5,DT,Depression,Depression,0.07505638676003426,0.8525678117213595,0.0723758015186045
376,5,DT,ME/CFS,Depression,0.07505638676003426,0.8525678117213595,0.0723758015186045
378,5,DT,ME/CFS,ME/CFS,0.0,0.010084491687108203,0.9899155083128918
389,5,DT,Both,Depression,0.07505638676003426,0.8525678117213595,0.0723758015186045
397,5,DT,ME/CFS,ME/CFS,0.0,0.010084491687108203,0.9899155083128918
404,5,DT,ME/CFS,ME/CFS,0.0,0.010084491687108203,0.9899155083128918
406,5,DT,ME/CFS,ME/CFS,0.0,0.010084491687108203,0.9899155083128918
412,5,DT,Depression,ME/CFS,0.3974379006599856,0.08644086750666523,0.516121231833354
417,5,DT,Depression,Depression,0.07505638676003426,0.8525678117213595,0.0723758015186045
419,5,DT,Depression,Both,0.9384567252899512,0.06154327471004928,0.0
423,5,DT,Both,Both,0.9384567252899512,0.06154327471004928,0.0
431,5,DT,Both,ME/CFS,0.3974379006599856,0.08644086750666523,0.516121231833354
432,5,DT,ME/CFS,ME/CFS,0.3974379006599856,0.08644086750666523,0.516121231833354
440,5,DT,ME/CFS,ME/CFS,0.0,0.010084491687108203,0.9899155083128918
445,5,DT,Both,Both,0.9384567252899512,0.06154327471004928,0.0
446,5,DT,Depression,Both,0.4087303518419389,0.2333544211397149,0.3579152270183465
451,5,DT,Both,Both,0.9384567252899512,0.06154327471004928,0.0
452,5,DT,Both,ME/CFS,0.3974379006599856,0.08644086750666523,0.516121231833354
454,5,DT,ME/CFS,Both,0.4087303518419389,0.2333544211397149,0.3579152270183465
456,5,DT,Both,Both,0.9384567252899512,0.06154327471004928,0.0
461,5,DT,ME/CFS,ME/CFS,0.3974379006599856,0.08644086750666523,0.516121231833354
462,5,DT,Depression,Depression,0.07505638676003426,0.8525678117213595,0.0723758015186045
466,5,DT,Depression,Depression,0.07505638676003426,0.8525678117213595,0.0723758015186045
467,5,DT,Depression,Depression,0.07505638676003426,0.8525678117213595,0.0723758015186045
468,5,DT,Both,ME/CFS,0.3974379006599856,0.08644086750666523,0.516121231833354
471,5,DT,ME/CFS,ME/CFS,0.0,0.010084491687108203,0.9899155083128918
473,5,DT,ME/CFS,ME/CFS,0.0,0.010084491687108203,0.9899155083128918
474,5,DT,ME/CFS,ME/CFS,0.3974379006599856,0.08644086750666523,0.516121231833354
486,5,DT,Depression,Depression,0.07505638676003426,0.8525678117213595,0.0723758015186045
488,5,DT,ME/CFS,ME/CFS,0.3974379006599856,0.08644086750666523,0.516121231833354
492,5,DT,ME/CFS,Depression,0.07505638676003426,0.8525678117213595,0.0723758015186045
493,5,DT,ME/CFS,ME/CFS,0.0,0.010084491687108203,0.9899155083128918
497,5,DT,Depression,Depression,0.07505638676003426,0.8525678117213595,0.0723758015186045
499,5,DT,Depression,Depression,0.07505638676003426,0.8525678117213595,0.0723758015186045
500,5,DT,Depression,Depression,0.0,1.0,0.0
507,5,DT,Both,Both,0.9384567252899512,0.06154327471004928,0.0
516,5,DT,Depression,Depression,0.0,1.0,0.0
517,5,DT,Both,Both,0.9384567252899512,0.06154327471004928,0.0
519,5,DT,ME/CFS,Depression,0.07505638676003426,0.8525678117213595,0.0723758015186045
522,5,DT,ME/CFS,ME/CFS,0.3974379006599856,0.08644086750666523,0.516121231833354
538,5,DT,Depression,Depression,0.07505638676003426,0.8525678117213595,0.0723758015186045
544,5,DT,Both,ME/CFS,0.3974379006599856,0.08644086750666523,0.516121231833354
545,5,DT,ME/CFS,ME/CFS,0.3974379006599856,0.08644086750666523,0.516121231833354
551,5,DT,Both,Both,0.9384567252899512,0.06154327471004928,0.0
560,5,DT,ME/CFS,ME/CFS,0.3974379006599856,0.08644086750666523,0.516121231833354
564,5,DT,ME/CFS,ME/CFS,0.3974379006599856,0.08644086750666523,0.516121231833354
566,5,DT,Both,ME/CFS,0.3974379006599856,0.08644086750666523,0.516121231833354
567,5,DT,Both,ME/CFS,0.3974379006599856,0.08644086750666523,0.516121231833354
568,5,DT,Depression,ME/CFS,0.3974379006599856,0.08644086750666523,0.516121231833354
569,5,DT,Both,Both,0.9384567252899512,0.06154327471004928,0.0
578,5,DT,Both,Both,0.9384567252899512,0.06154327471004928,0.0
581,5,DT,Both,Both,0.9384567252899512,0.06154327471004928,0.0
584,5,DT,ME/CFS,ME/CFS,0.3974379006599856,0.08644086750666523,0.516121231833354
586,5,DT,ME/CFS,ME/CFS,0.0,0.010084491687108203,0.9899155083128918
591,5,DT,ME/CFS,ME/CFS,0.3974379006599856,0.08644086750666523,0.516121231833354
596,5,DT,ME/CFS,ME/CFS,0.3974379006599856,0.08644086750666523,0.516121231833354
603,5,DT,ME/CFS,ME/CFS,0.0,0.010084491687108203,0.9899155083128918
604,5,DT,Depression,Depression,0.07505638676003426,0.8525678117213595,0.0723758015186045
605,5,DT,Depression,Depression,0.07505638676003426,0.8525678117213595,0.0723758015186045
607,5,DT,ME/CFS,ME/CFS,0.3974379006599856,0.08644086750666523,0.516121231833354
614,5,DT,Depression,Depression,0.07505638676003426,0.8525678117213595,0.0723758015186045
615,5,DT,ME/CFS,ME/CFS,0.0,0.010084491687108203,0.9899155083128918
616,5,DT,Both,Both,0.9384567252899512,0.06154327471004928,0.0
617,5,DT,ME/CFS,ME/CFS,0.3974379006599856,0.08644086750666523,0.516121231833354
627,5,DT,Both,Both,0.9384567252899512,0.06154327471004928,0.0
629,5,DT,ME/CFS,ME/CFS,0.0,0.010084491687108203,0.9899155083128918
632,5,DT,ME/CFS,ME/CFS,0.0,0.010084491687108203,0.9899155083128918
655,5,DT,ME/CFS,ME/CFS,0.0,0.010084491687108203,0.9899155083128918
658,5,DT,Depression,Depression,0.07505638676003426,0.8525678117213595,0.0723758015186045
662,5,DT,Depression,Both,0.4087303518419389,0.2333544211397149,0.3579152270183465
672,5,DT,ME/CFS,ME/CFS,0.3974379006599856,0.08644086750666523,0.516121231833354
674,5,DT,ME/CFS,ME/CFS,0.3974379006599856,0.08644086750666523,0.516121231833354
689,5,DT,ME/CFS,ME/CFS,0.0,0.010084491687108203,0.9899155083128918
690,5,DT,ME/CFS,Depression,0.07505638676003426,0.8525678117213595,0.0723758015186045
693,5,DT,Depression,Depression,0.07505638676003426,0.8525678117213595,0.0723758015186045
694,5,DT,Depression,Depression,0.07505638676003426,0.8525678117213595,0.0723758015186045
701,5,DT,Depression,Depression,0.07505638676003426,0.8525678117213595,0.0723758015186045
704,5,DT,Depression,Depression,0.07505638676003426,0.8525678117213595,0.0723758015186045
708,5,DT,Depression,Depression,0.07505638676003426,0.8525678117213595,0.0723758015186045
709,5,DT,Both,Both,0.9384567252899512,0.06154327471004928,0.0
714,5,DT,ME/CFS,Both,0.4087303518419389,0.2333544211397149,0.3579152270183465
721,5,DT,Both,ME/CFS,0.3974379006599856,0.08644086750666523,0.516121231833354
722,5,DT,ME/CFS,ME/CFS,0.0,0.010084491687108203,0.9899155083128918
729,5,DT,Both,Both,0.9384567252899512,0.06154327471004928,0.0
733,5,DT,Both,Both,0.9384567252899512,0.06154327471004928,0.0
734,5,DT,ME/CFS,ME/CFS,0.3974379006599856,0.08644086750666523,0.516121231833354
744,5,DT,ME/CFS,ME/CFS,0.0,0.0,1.0
745,5,DT,Depression,Depression,0.07505638676003426,0.8525678117213595,0.0723758015186045
746,5,DT,Both,ME/CFS,0.3974379006599856,0.08644086750666523,0.516121231833354
754,5,DT,Depression,Depression,0.0,1.0,0.0
757,5,DT,ME/CFS,ME/CFS,0.0,0.010084491687108203,0.9899155083128918
770,5,DT,Depression,Depression,0.07505638676003426,0.8525678117213595,0.0723758015186045
774,5,DT,Both,Both,0.9384567252899512,0.06154327471004928,0.0
782,5,DT,Both,ME/CFS,0.3974379006599856,0.08644086750666523,0.516121231833354
783,5,DT,Depression,Depression,0.07505638676003426,0.8525678117213595,0.0723758015186045
784,5,DT,Depression,Depression,0.07505638676003426,0.8525678117213595,0.0723758015186045
792,5,DT,Depression,Depression,0.07505638676003426,0.8525678117213595,0.0723758015186045
796,5,DT,Depression,Both,0.9384567252899512,0.06154327471004928,0.0
804,5,DT,Depression,Depression,0.07505638676003426,0.8525678117213595,0.0723758015186045
816,5,DT,Both,ME/CFS,0.3974379006599856,0.08644086750666523,0.516121231833354
819,5,DT,Depression,Depression,0.0,1.0,0.0
824,5,DT,ME/CFS,Depression,0.07505638676003426,0.8525678117213595,0.0723758015186045
837,5,DT,ME/CFS,ME/CFS,0.0,0.010084491687108203,0.9899155083128918
842,5,DT,Depression,Both,0.4087303518419389,0.2333544211397149,0.3579152270183465
845,5,DT,ME/CFS,ME/CFS,0.0,0.0,1.0
853,5,DT,ME/CFS,ME/CFS,0.3974379006599856,0.08644086750666523,0.516121231833354
860,5,DT,Depression,Depression,0.07505638676003426,0.8525678117213595,0.0723758015186045
862,5,DT,ME/CFS,ME/CFS,0.3974379006599856,0.08644086750666523,0.516121231833354
867,5,DT,Both,ME/CFS,0.3974379006599856,0.08644086750666523,0.516121231833354
874,5,DT,Both,Both,0.9384567252899512,0.06154327471004928,0.0
875,5,DT,ME/CFS,ME/CFS,0.0,0.010084491687108203,0.9899155083128918
876,5,DT,ME/CFS,ME/CFS,0.0,0.010084491687108203,0.9899155083128918
877,5,DT,ME/CFS,Depression,0.07505638676003426,0.8525678117213595,0.0723758015186045
881,5,DT,Depression,Depression,0.07505638676003426,0.8525678117213595,0.0723758015186045
890,5,DT,ME/CFS,ME/CFS,0.3974379006599856,0.08644086750666523,0.516121231833354
893,5,DT,Both,ME/CFS,0.3974379006599856,0.08644086750666523,0.516121231833354
897,5,DT,Both,Both,0.9384567252899512,0.06154327471004928,0.0
902,5,DT,Both,Depression,0.0,1.0,0.0
912,5,DT,ME/CFS,ME/CFS,0.0,0.010084491687108203,0.9899155083128918
915,5,DT,Depression,Depression,0.07505638676003426,0.8525678117213595,0.0723758015186045
933,5,DT,ME/CFS,ME/CFS,0.0,0.010084491687108203,0.9899155083128918
934,5,DT,Both,Both,0.9384567252899512,0.06154327471004928,0.0
944,5,DT,ME/CFS,ME/CFS,0.3974379006599856,0.08644086750666523,0.516121231833354
945,5,DT,Depression,ME/CFS,0.3974379006599856,0.08644086750666523,0.516121231833354
947,5,DT,ME/CFS,ME/CFS,0.3974379006599856,0.08644086750666523,0.516121231833354
956,5,DT,Depression,Depression,0.07505638676003426,0.8525678117213595,0.0723758015186045
958,5,DT,Both,ME/CFS,0.3974379006599856,0.08644086750666523,0.516121231833354
961,5,DT,Depression,Both,0.9384567252899512,0.06154327471004928,0.0
964,5,DT,Depression,Both,0.9384567252899512,0.06154327471004928,0.0
965,5,DT,ME/CFS,ME/CFS,0.3974379006599856,0.08644086750666523,0.516121231833354
967,5,DT,Depression,Depression,0.07505638676003426,0.8525678117213595,0.0723758015186045
980,5,DT,Both,ME/CFS,0.3974379006599856,0.08644086750666523,0.516121231833354
981,5,DT,ME/CFS,ME/CFS,0.0,0.010084491687108203,0.9899155083128918
982,5,DT,ME/CFS,ME/CFS,0.0,0.010084491687108203,0.9899155083128918
985,5,DT,Depression,Depression,0.07505638676003426,0.8525678117213595,0.0723758015186045
986,5,DT,Both,ME/CFS,0.3974379006599856,0.08644086750666523,0.516121231833354
989,5,DT,Both,ME/CFS,0.3974379006599856,0.08644086750666523,0.516121231833354
992,5,DT,ME/CFS,Depression,0.07505638676003426,0.8525678117213595,0.0723758015186045
994,5,DT,ME/CFS,Depression,0.07505638676003426,0.8525678117213595,0.0723758015186045
995,5,DT,ME/CFS,Depression,0.07505638676003426,0.8525678117213595,0.0723758015186045
1006,5,DT,Depression,Depression,0.07505638676003426,0.8525678117213595,0.0723758015186045
1013,5,DT,Both,ME/CFS,0.3974379006599856,0.08644086750666523,0.516121231833354
1028,5,DT,Both,Both,0.9384567252899512,0.06154327471004928,0.0
1047,5,DT,Both,Both,0.9384567252899512,0.06154327471004928,0.0
1051,5,DT,ME/CFS,ME/CFS,0.3974379006599856,0.08644086750666523,0.516121231833354
1055,5,DT,ME/CFS,ME/CFS,0.0,0.0,1.0
1057,5,DT,Both,Depression,0.07505638676003426,0.8525678117213595,0.0723758015186045
1074,5,DT,Depression,Depression,0.07505638676003426,0.8525678117213595,0.0723758015186045
1076,5,DT,ME/CFS,ME/CFS,0.3974379006599856,0.08644086750666523,0.516121231833354
1078,5,DT,ME/CFS,ME/CFS,0.3974379006599856,0.08644086750666523,0.516121231833354
1084,5,DT,Depression,Depression,0.07505638676003426,0.8525678117213595,0.0723758015186045
1097,5,DT,Depression,Depression,0.07505638676003426,0.8525678117213595,0.0723758015186045
1098,5,DT,Depression,Depression,0.07505638676003426,0.8525678117213595,0.0723758015186045
1117,5,DT,Both,Both,0.9384567252899512,0.06154327471004928,0.0
1127,5,DT,ME/CFS,ME/CFS,0.3974379006599856,0.08644086750666523,0.516121231833354
1128,5,DT,Both,Both,0.9384567252899512,0.06154327471004928,0.0
1132,5,DT,Depression,Both,0.4087303518419389,0.2333544211397149,0.3579152270183465
1137,5,DT,ME/CFS,ME/CFS,0.0,0.0,1.0
1141,5,DT,ME/CFS,ME/CFS,0.3974379006599856,0.08644086750666523,0.516121231833354
1151,5,DT,ME/CFS,ME/CFS,0.0,0.0,1.0
1154,5,DT,ME/CFS,ME/CFS,0.0,0.0,1.0
1158,5,DT,Depression,Both,0.9384567252899512,0.06154327471004928,0.0
1161,5,DT,ME/CFS,ME/CFS,0.0,0.010084491687108203,0.9899155083128918
1166,5,DT,ME/CFS,ME/CFS,0.3974379006599856,0.08644086750666523,0.516121231833354
1173,5,DT,Depression,Both,0.4087303518419389,0.2333544211397149,0.3579152270183465
1174,5,DT,ME/CFS,ME/CFS,0.3974379006599856,0.08644086750666523,0.516121231833354
1175,5,DT,ME/CFS,ME/CFS,0.3974379006599856,0.08644086750666523,0.516121231833354
1180,5,DT,ME/CFS,ME/CFS,0.3974379006599856,0.08644086750666523,0.516121231833354
1182,5,DT,Depression,ME/CFS,0.3974379006599856,0.08644086750666523,0.516121231833354
1188,5,DT,ME/CFS,ME/CFS,0.0,0.010084491687108203,0.9899155083128918
1190,5,DT,Depression,Depression,0.07505638676003426,0.8525678117213595,0.0723758015186045
1198,5,DT,Depression,ME/CFS,0.3974379006599856,0.08644086750666523,0.516121231833354
1200,5,DT,ME/CFS,ME/CFS,0.0,0.010084491687108203,0.9899155083128918
1207,5,DT,ME/CFS,Both,0.4087303518419389,0.2333544211397149,0.3579152270183465
1212,5,DT,Depression,Depression,0.07505638676003426,0.8525678117213595,0.0723758015186045
1213,5,DT,Depression,Depression,0.07505638676003426,0.8525678117213595,0.0723758015186045
1216,5,DT,ME/CFS,ME/CFS,0.3974379006599856,0.08644086750666523,0.516121231833354
1217,5,DT,ME/CFS,Depression,0.07505638676003426,0.8525678117213595,0.0723758015186045
1228,5,DT,ME/CFS,ME/CFS,0.3974379006599856,0.08644086750666523,0.516121231833354
1243,5,DT,Depression,Depression,0.07505638676003426,0.8525678117213595,0.0723758015186045
1248,5,DT,ME/CFS,ME/CFS,0.3974379006599856,0.08644086750666523,0.516121231833354
1250,5,DT,Depression,Depression,0.07505638676003426,0.8525678117213595,0.0723758015186045
1259,5,DT,Depression,Depression,0.07505638676003426,0.8525678117213595,0.0723758015186045
1261,5,DT,ME/CFS,ME/CFS,0.3974379006599856,0.08644086750666523,0.516121231833354
1268,5,DT,Both,Both,0.9384567252899512,0.06154327471004928,0.0
1273,5,DT,Both,Both,0.9384567252899512,0.06154327471004928,0.0
1275,5,DT,Both,Both,0.9384567252899512,0.06154327471004928,0.0
1290,5,DT,ME/CFS,ME/CFS,0.3974379006599856,0.08644086750666523,0.516121231833354
1297,5,DT,Both,ME/CFS,0.3974379006599856,0.08644086750666523,0.516121231833354
1298,5,DT,Depression,ME/CFS,0.3974379006599856,0.08644086750666523,0.516121231833354
1304,5,DT,ME/CFS,ME/CFS,0.0,0.010084491687108203,0.9899155083128918
1317,5,DT,Depression,Depression,0.07505638676003426,0.8525678117213595,0.0723758015186045
1325,5,DT,Depression,Depression,0.07505638676003426,0.8525678117213595,0.0723758015186045
1330,5,DT,ME/CFS,ME/CFS,0.0,0.010084491687108203,0.9899155083128918
1334,5,DT,ME/CFS,ME/CFS,0.3974379006599856,0.08644086750666523,0.516121231833354
1339,5,DT,ME/CFS,ME/CFS,0.3974379006599856,0.08644086750666523,0.516121231833354
1347,5,DT,ME/CFS,ME/CFS,0.3974379006599856,0.08644086750666523,0.516121231833354
1352,5,DT,Both,ME/CFS,0.3974379006599856,0.08644086750666523,0.516121231833354
1363,5,DT,ME/CFS,ME/CFS,0.3974379006599856,0.08644086750666523,0.516121231833354
1365,5,DT,ME/CFS,ME/CFS,0.0,0.010084491687108203,0.9899155083128918
1372,5,DT,Depression,ME/CFS,0.3974379006599856,0.08644086750666523,0.516121231833354
1377,5,DT,Both,ME/CFS,0.3974379006599856,0.08644086750666523,0.516121231833354
1384,5,DT,Depression,Depression,0.07505638676003426,0.8525678117213595,0.0723758015186045
1395,5,DT,Both,Both,0.9384567252899512,0.06154327471004928,0.0
1398,5,DT,Both,Both,0.9384567252899512,0.06154327471004928,0.0
1403,5,DT,Depression,Depression,0.07505638676003426,0.8525678117213595,0.0723758015186045
1408,5,DT,Depression,Depression,0.07505638676003426,0.8525678117213595,0.0723758015186045
1409,5,DT,Depression,Depression,0.07505638676003426,0.8525678117213595,0.0723758015186045
1412,5,DT,Depression,Both,0.4087303518419389,0.2333544211397149,0.3579152270183465
1414,5,DT,Depression,Depression,0.0,1.0,0.0
1421,5,DT,ME/CFS,ME/CFS,0.3974379006599856,0.08644086750666523,0.516121231833354
1424,5,DT,ME/CFS,ME/CFS,0.3974379006599856,0.08644086750666523,0.516121231833354
1425,5,DT,Depression,Depression,0.07505638676003426,0.8525678117213595,0.0723758015186045
1426,5,DT,Both,Both,0.9384567252899512,0.06154327471004928,0.0
1439,5,DT,ME/CFS,Depression,0.07505638676003426,0.8525678117213595,0.0723758015186045
1442,5,DT,Depression,Depression,0.07505638676003426,0.8525678117213595,0.0723758015186045
1452,5,DT,Both,Both,0.9384567252899512,0.06154327471004928,0.0
1456,5,DT,Depression,Depression,0.07505638676003426,0.8525678117213595,0.0723758015186045
1465,5,DT,ME/CFS,ME/CFS,0.0,0.010084491687108203,0.9899155083128918
1474,5,DT,Depression,Depression,0.07505638676003426,0.8525678117213595,0.0723758015186045
1477,5,DT,Both,Both,0.9384567252899512,0.06154327471004928,0.0
1483,5,DT,Both,Both,0.9384567252899512,0.06154327471004928,0.0
1485,5,DT,Both,Both,0.9384567252899512,0.06154327471004928,0.0
1486,5,DT,Depression,Depression,0.07505638676003426,0.8525678117213595,0.0723758015186045
1490,5,DT,Depression,Depression,0.0,1.0,0.0
1499,5,DT,ME/CFS,ME/CFS,0.0,0.010084491687108203,0.9899155083128918
1505,5,DT,Both,Both,0.9384567252899512,0.06154327471004928,0.0
1513,5,DT,ME/CFS,ME/CFS,0.3974379006599856,0.08644086750666523,0.516121231833354
1515,5,DT,Depression,Depression,0.07505638676003426,0.8525678117213595,0.0723758015186045
1517,5,DT,Depression,ME/CFS,0.3974379006599856,0.08644086750666523,0.516121231833354
1521,5,DT,Depression,Depression,0.07505638676003426,0.8525678117213595,0.0723758015186045
1526,5,DT,Depression,Depression,0.07505638676003426,0.8525678117213595,0.0723758015186045
1530,5,DT,Both,Both,0.4087303518419389,0.2333544211397149,0.3579152270183465
1537,5,DT,ME/CFS,ME/CFS,0.3974379006599856,0.08644086750666523,0.516121231833354
1538,5,DT,Depression,Depression,0.07505638676003426,0.8525678117213595,0.0723758015186045
1539,5,DT,Depression,Depression,0.07505638676003426,0.8525678117213595,0.0723758015186045
1540,5,DT,ME/CFS,ME/CFS,0.0,0.0,1.0
1544,5,DT,Depression,Depression,0.07505638676003426,0.8525678117213595,0.0723758015186045
1547,5,DT,ME/CFS,ME/CFS,0.0,0.010084491687108203,0.9899155083128918
1558,5,DT,ME/CFS,ME/CFS,0.3974379006599856,0.08644086750666523,0.516121231833354
1559,5,DT,Both,ME/CFS,0.3974379006599856,0.08644086750666523,0.516121231833354
1561,5,DT,Depression,ME/CFS,0.3974379006599856,0.08644086750666523,0.516121231833354
1572,5,DT,ME/CFS,ME/CFS,0.3974379006599856,0.08644086750666523,0.516121231833354
1579,5,DT,Depression,Depression,0.07505638676003426,0.8525678117213595,0.0723758015186045
1597,5,DT,Depression,Depression,0.07505638676003426,0.8525678117213595,0.0723758015186045
1601,5,DT,Both,ME/CFS,0.3974379006599856,0.08644086750666523,0.516121231833354
1603,5,DT,Depression,Depression,0.07505638676003426,0.8525678117213595,0.0723758015186045
1604,5,DT,ME/CFS,ME/CFS,0.3974379006599856,0.08644086750666523,0.516121231833354
1616,5,DT,ME/CFS,ME/CFS,0.0,0.010084491687108203,0.9899155083128918
0,5,RF,Depression,Depression,0.03257534628221491,0.8779104193997043,0.08951423431808062
2,5,RF,ME/CFS,ME/CFS,0.003802927980777401,7.127846985215298e-05,0.9961257935493704
5,5,RF,Depression,Depression,0.18537479252052408,0.8022885363322991,0.012336671147177044
10,5,RF,Depression,ME/CFS,0.05716906556851296,0.14897049060268092,0.7938604438288064
11,5,RF,Depression,Depression,0.007338282810159409,0.986440622825808,0.006221094364032571
19,5,RF,Depression,Depression,0.0009188440184557373,0.9970741317173797,0.002007024264164533
24,5,RF,Both,Both,0.8147274254626587,0.1849559233407086,0.0003166511966323876
44,5,RF,Depression,Depression,0.2600257496036566,0.7009106804588542,0.039063569937489384
49,5,RF,Both,Both,0.9478214525310605,0.050164871806130565,0.0020136756628092406
53,5,RF,Both,Both,0.967105589495898,0.017342106211120763,0.015552304292981075
61,5,RF,Both,Both,0.9920200479791811,0.007765418827212529,0.00021453319360666893
66,5,RF,Depression,Depression,0.007876054123310317,0.9868487864885719,0.005275159388117761
79,5,RF,ME/CFS,Depression,0.01759153178481918,0.9199976129388853,0.062410855276295966
83,5,RF,Depression,Both,0.927678611255635,0.0655695711838224,0.006751817560542644
92,5,RF,ME/CFS,ME/CFS,0.002387753836799492,0.0015968671616957367,0.9960153790015047
96,5,RF,Depression,Depression,0.07932869999434233,0.9077780542767815,0.012893245728876297
97,5,RF,ME/CFS,ME/CFS,0.007112352248028417,0.01005246735718614,0.9828351803947857
99,5,RF,Depression,Depression,0.06784810559628082,0.9180374399047991,0.01411445449891988
115,5,RF,Both,Both,0.9376732843682798,0.06176240367162815,0.0005643119600917284
122,5,RF,Both,Both,0.5373003811944951,0.04727381139466022,0.4154258074108446
125,5,RF,ME/CFS,ME/CFS,0.0012323088512685041,7.127846985215298e-05,0.9986964126788793
131,5,RF,Depression,Depression,0.02835123838615416,0.7641602935240457,0.20748846808980015
132,5,RF,Depression,Depression,0.086258737150215,0.7300322316008105,0.1837090312489744
141,5,RF,Both,ME/CFS,0.3266362866404197,0.03872533991117521,0.6346383734484048
146,5,RF,ME/CFS,ME/CFS,0.4542053500985569,0.0498097481772469,0.4959849017241962
147,5,RF,ME/CFS,ME/CFS,0.37668371280418556,0.05624830706468848,0.5670679801311261
149,5,RF,ME/CFS,Depression,0.03518778824475641,0.8023757300896114,0.1624364816656319
150,5,RF,ME/CFS,ME/CFS,0.0005878347707671356,0.0,0.9994121652292328
155,5,RF,Both,Both,0.9287699225895163,0.07050536552253722,0.0007247118879465445
156,5,RF,ME/CFS,ME/CFS,0.004390430627151915,0.0021335371827424076,0.9934760321901056
157,5,RF,Both,Both,0.8812939037190328,0.11711213248879374,0.0015939637921732989
162,5,RF,Depression,Depression,0.3656100116531424,0.6014084203551101,0.03298156799174768
171,5,RF,ME/CFS,ME/CFS,0.003189635700191791,0.0031727940561687134,0.9936375702436395
174,5,RF,Depression,Depression,0.21727605019392485,0.7475524717731596,0.03517147803291526
178,5,RF,ME/CFS,ME/CFS,0.387182069136517,0.03844160216361749,0.5743763286998658
181,5,RF,ME/CFS,ME/CFS,0.4571513226900322,0.0445952010825161,0.49825347622745175
192,5,RF,Depression,Depression,0.0004296454629686777,0.9846509387749783,0.014919415762053148
194,5,RF,ME/CFS,Depression,0.08237529751279657,0.751079199423999,0.16654550306320387
195,5,RF,ME/CFS,ME/CFS,0.030680751589561735,0.01756110445789544,0.9517581439525428
198,5,RF,Both,ME/CFS,0.39167041046729345,0.0361215894231988,0.5722080001095076
204,5,RF,ME/CFS,ME/CFS,0.3813283349355331,0.1229091771308692,0.4957624879335977
215,5,RF,Both,Both,0.972198247477919,0.025363387560697198,0.0024383649613837688
217,5,RF,Both,Both,0.9191412446037706,0.07804536213486378,0.0028133932613656158
218,5,RF,Depression,Depression,0.17276009842263026,0.7832245043425243,0.04401539723484534
220,5,RF,ME/CFS,ME/CFS,0.436254343182326,0.030299680878910832,0.5334459759387634
221,5,RF,Both,Both,0.9196693020841452,0.06825730290636661,0.01207339500948788
227,5,RF,Depression,Depression,0.16577102680497977,0.8002419654161228,0.03398700777889789
233,5,RF,Both,Both,0.5054500400249569,0.033734505351829105,0.460815454623214
237,5,RF,Depression,Depression,0.13251112898175527,0.6477740778030499,0.21971479321519477
241,5,RF,Both,Both,0.5088812847923241,0.03321805753567455,0.4579006576720014
242,5,RF,ME/CFS,ME/CFS,0.1042683787236122,0.07682187019893133,0.8189097510774559
246,5,RF,Depression,Depression,0.20847886655853656,0.7489330608476825,0.04258807259378075
248,5,RF,Depression,Depression,0.10870614930527854,0.6201619664710647,0.27113188422365686
249,5,RF,Depression,Depression,0.11854204686508295,0.6216580524947634,0.25979990064015374
255,5,RF,ME/CFS,ME/CFS,0.11118556717600286,0.2026239445619138,0.6861904882620832
257,5,RF,Both,Both,0.8981643874953533,0.09972004651138017,0.0021155659932661454
262,5,RF,ME/CFS,Depression,0.022039915397818088,0.8334921297854934,0.14446795481668834
265,5,RF,Depression,Depression,0.13708211942253412,0.8276785959873533,0.03523928459011263
274,5,RF,Both,Both,0.42927627353752973,0.23231673718507145,0.3384069892773988
294,5,RF,ME/CFS,ME/CFS,0.0016598929668030303,0.07965855275994246,0.9186815542732547
295,5,RF,ME/CFS,ME/CFS,0.0012323088512685041,7.127846985215298e-05,0.9986964126788793
296,5,RF,ME/CFS,ME/CFS,0.00858735881923667,0.003572663614625307,0.9878399775661382
305,5,RF,Depression,Depression,0.0686679244678371,0.6881017108451074,0.24323036468705478
311,5,RF,Both,Both,0.5325804394842143,0.047434477695258694,0.41998508282052677
317,5,RF,Both,Depression,0.14944984364178598,0.731304333050922,0.11924582330729176
327,5,RF,Both,Both,0.9547994615280974,0.04229997955345286,0.0029005589184497786
341,5,RF,ME/CFS,Depression,0.0444979723072392,0.6300468010776721,0.32545522661508874
344,5,RF,ME/CFS,ME/CFS,0.010891072745815824,0.0009075769601909056,0.9882013502939933
348,5,RF,Both,Both,0.9506663605781039,0.03908538642118387,0.010248253000712138
351,5,RF,Depression,Depression,0.34143846142958006,0.570171546138096,0.08838999243232395
357,5,RF,ME/CFS,ME/CFS,0.002466237716327042,0.00553687731352289,0.9919968849701502
362,5,RF,ME/CFS,ME/CFS,0.008432102815416507,7.127846985215298e-05,0.9914966187147313
365,5,RF,ME/CFS,Both,0.6033969566445112,0.027490688732253365,0.3691123546232354
366,5,RF,Depression,Depression,0.13016036665447003,0.6884729758550676,0.181366657490462
371,5,RF,Depression,Depression,0.001330544873242166,0.9864614438399388,0.012208011286819023
372,5,RF,Depression,Depression,0.007831304364835279,0.9828901840162965,0.009278511618868503
376,5,RF,ME/CFS,Depression,0.04025535576609775,0.792449061044395,0.1672955831895069
378,5,RF,ME/CFS,ME/CFS,0.02383633803041206,0.013458347938287598,0.9627053140313003
389,5,RF,Both,Depression,0.36042265204500795,0.6077135687635055,0.03186377919148662
397,5,RF,ME/CFS,ME/CFS,0.003802927980777401,0.00047470526112941157,0.9957223667580932
404,5,RF,ME/CFS,ME/CFS,0.007048095538300056,0.00010465429512122121,0.9928472501665787
406,5,RF,ME/CFS,ME/CFS,0.0044519726333029615,0.01819791688272757,0.9773501104839696
412,5,RF,Depression,Depression,0.03978762557487083,0.7731971567726131,0.18701521765251594
417,5,RF,Depression,Depression,0.0004296454629686777,0.9975823907340141,0.001987963803017179
419,5,RF,Depression,Both,0.907984864455271,0.09201513554472886,0.0
423,5,RF,Both,Both,0.9361381702168781,0.06029948068581015,0.003562349097311685
431,5,RF,Both,ME/CFS,0.2930088678760205,0.04443242849821601,0.6625587036257633
432,5,RF,ME/CFS,Both,0.5431798939490018,0.0351087504659713,0.42171135558502715
440,5,RF,ME/CFS,ME/CFS,0.004705668604651162,0.006934650507437032,0.9883596808879119
445,5,RF,Both,Both,0.9107723879103812,0.08632705317116911,0.0029005589184497786
446,5,RF,Depression,Depression,0.42605054245682966,0.460057495652227,0.1138919618909432
451,5,RF,Both,Both,0.8465279522896806,0.15347204771031925,0.0
452,5,RF,Both,ME/CFS,0.4380170925033988,0.05063689705743517,0.511346010439166
454,5,RF,ME/CFS,ME/CFS,0.30736751843087123,0.13303786849304097,0.5595946130760882
456,5,RF,Both,Both,0.9852570223885568,0.014232798917103247,0.0005101786943398755
461,5,RF,ME/CFS,Both,0.5429883720712916,0.03392616888233798,0.42308545904637074
462,5,RF,Depression,Depression,0.1289510914878967,0.8354801539099544,0.03556875460214842
466,5,RF,Depression,Depression,0.00590450562362364,0.9419045142959368,0.05219098008043957
467,5,RF,Depression,Depression,0.27977218137577586,0.6732701112044274,0.0469577074197966
468,5,RF,Both,ME/CFS,0.2539670358788165,0.027550499007161524,0.7184824651140218
471,5,RF,ME/CFS,ME/CFS,0.0013337453433690278,0.016361330737671816,0.9823049239189594
473,5,RF,ME/CFS,ME/CFS,0.0036872771897532132,0.03018096053753465,0.9661317622727122
474,5,RF,ME/CFS,ME/CFS,0.22147354021373686,0.06767007513922078,0.7108563846470421
486,5,RF,Depression,Depression,0.000275820170109356,0.9986815220289733,0.001042657800917348
488,5,RF,ME/CFS,Both,0.5757721557755552,0.03510385541431522,0.3891239888101296
492,5,RF,ME/CFS,Depression,0.04374461122092432,0.78810522288513,0.1681501658939461
493,5,RF,ME/CFS,ME/CFS,0.00806537903529651,0.01251094606485416,0.9794236748998495
497,5,RF,Depression,Depression,0.0031935579593124408,0.996624977521971,0.00018146451871659344
499,5,RF,Depression,Depression,0.12127640509099358,0.63523905781878,0.24348453709022636
500,5,RF,Depression,Depression,0.07976657664138444,0.8985699674864154,0.02166345587220009
507,5,RF,Both,Both,0.9182791239786988,0.07513725533552199,0.006583620685778956
516,5,RF,Depression,Depression,0.10504886667950954,0.7625805375684247,0.1323705957520659
517,5,RF,Both,Both,0.8847186684187858,0.11477115288687405,0.0005101786943398755
519,5,RF,ME/CFS,Depression,0.07722150598141471,0.6725306267710788,0.25024786724750636
522,5,RF,ME/CFS,ME/CFS,0.3691520729583796,0.0671859246344852,0.5636620024071353
538,5,RF,Depression,Depression,0.0009719680639504801,0.9911451557621085,0.00788287617394091
544,5,RF,Both,Both,0.5921030301749582,0.023261273147657833,0.3846356966773837
545,5,RF,ME/CFS,Both,0.5216068177199152,0.03027814290482267,0.4481150393752624
551,5,RF,Both,Both,0.9185496709837863,0.08074244599687738,0.0007078830193364173
560,5,RF,ME/CFS,Both,0.5286568018299743,0.03744680297092491,0.43389639519910117
564,5,RF,ME/CFS,Both,0.4930265134199122,0.02523993478220108,0.48173355179788685
566,5,RF,Both,ME/CFS,0.2339867819763928,0.0885932053979798,0.6774200126256272
567,5,RF,Both,ME/CFS,0.3252162297967157,0.06445980986585535,0.6103239603374289
568,5,RF,Depression,Depression,0.03221056655150488,0.7643357799108378,0.20345365353765751
569,5,RF,Both,Both,0.9697607396171114,0.02109242497322318,0.009146835409665386
578,5,RF,Both,Both,0.9403517901400036,0.04629540989195692,0.013352799968039366
581,5,RF,Both,Both,0.7879984886018141,0.18515744629754785,0.026844065100638012
584,5,RF,ME/CFS,ME/CFS,0.2671002471301631,0.20378104358719554,0.5291187092826413
586,5,RF,ME/CFS,ME/CFS,0.0009711225413970043,0.00810499636289999,0.9909238810957031
591,5,RF,ME/CFS,ME/CFS,0.07527917260997906,0.11811341075649535,0.8066074166335261
596,5,RF,ME/CFS,ME/CFS,0.04968631005537052,0.08283562032760755,0.8674780696170221
603,5,RF,ME/CFS,ME/CFS,0.002387753836799492,0.0005061657372601291,0.9971060804259405
604,5,RF,Depression,Depression,0.003333649473955886,0.9930026424222967,0.003663708103747381
605,5,RF,Depression,Depression,0.0026796032712719676,0.9968341114768303,0.0004862852518977402
607,5,RF,ME/CFS,Both,0.5380224847658264,0.03741424095906516,0.42456327427510887
614,5,RF,Depression,Depression,0.006492253387048419,0.959253696029511,0.03425405058344069
615,5,RF,ME/CFS,ME/CFS,0.0015677966101694915,0.0,0.9984322033898306
616,5,RF,Both,Both,0.9595251969527873,0.026383445523968766,0.014091357523244065
617,5,RF,ME/CFS,ME/CFS,0.38171076408717625,0.06546862838980179,0.552820607523022
627,5,RF,Both,Both,0.8237981484574464,0.17241510225192389,0.0037867492906298217
629,5,RF,ME/CFS,ME/CFS,0.003802927980777401,0.001979850991918202,0.9942172210273044
632,5,RF,ME/CFS,ME/CFS,0.0,0.004200439737916084,0.995799560262084
655,5,RF,ME/CFS,ME/CFS,0.000547568710359408,0.05525130931632161,0.9442011219733191
658,5,RF,Depression,Depression,0.0,0.9865898630864985,0.013410136913501352
662,5,RF,Depression,Depression,0.24789810502721277,0.47110284168266275,0.2809990532901245
672,5,RF,ME/CFS,ME/CFS,0.46668237578630106,0.037278962609551484,0.4960386616041479
674,5,RF,ME/CFS,ME/CFS,0.3802573773136602,0.03903156018245304,0.5807110625038868
689,5,RF,ME/CFS,ME/CFS,0.009429239933940693,0.040058586996521636,0.9505121730695378
690,5,RF,ME/CFS,Depression,0.08841317307182985,0.7881492662650114,0.12343756066315884
693,5,RF,Depression,Depression,0.10190477842551944,0.7578433448783405,0.14025187669613973
694,5,RF,Depression,Depression,0.008480383438378236,0.9692859903553673,0.02223362620625427
701,5,RF,Depression,Depression,0.0763971915051358,0.8508880245155267,0.07271478397933716
704,5,RF,Depression,Depression,0.0002466653834064382,0.9986065195068595,0.0011468151097341877
708,5,RF,Depression,Depression,0.045633345809925806,0.8271505203915168,0.12721613379855734
709,5,RF,Both,Both,0.9636008234276433,0.036399176572356653,0.0
714,5,RF,ME/CFS,ME/CFS,0.21415980720246974,0.1204633996618432,0.665376793135687
721,5,RF,Both,Both,0.5746672296153607,0.03080016758961395,0.3945326027950253
722,5,RF,ME/CFS,ME/CFS,0.0020645331253010563,0.09718211192458794,0.9007533549501114
729,5,RF,Both,Both,0.9741378624383065,0.022830599996408685,0.0030315375652851116
733,5,RF,Both,Both,0.8816017932540033,0.10828544047968379,0.010112766266312587
734,5,RF,ME/CFS,ME/CFS,0.15579320720002757,0.06991373283041197,0.7742930599695599
744,5,RF,ME/CFS,ME/CFS,0.0016046358688439261,0.06645128198117382,0.9319440821499825
745,5,RF,Depression,Depression,0.003555542593712114,0.9866443129986453,0.009800144407642472
746,5,RF,Both,ME/CFS,0.2923314292812902,0.11050499690119786,0.5971635738175118
754,5,RF,Depression,Depression,0.13822002963910104,0.7691053453169715,0.09267462504392711
757,5,RF,ME/CFS,ME/CFS,0.0019122363894223645,0.025840576050775898,0.9722471875598018
770,5,RF,Depression,Depression,0.006895477187894571,0.9917154725063168,0.0013890503057886092
774,5,RF,Both,Both,0.9745600828386151,0.014198416487349935,0.011241500674034826
782,5,RF,Both,ME/CFS,0.2816865004847571,0.1292663377382778,0.5890471617769651
783,5,RF,Depression,Depression,0.22230806945578593,0.7404214743791616,0.037270456165052875
784,5,RF,Depression,Depression,0.10260782903872899,0.8723921177877556,0.02500005317351528
792,5,RF,Depression,Depression,0.0007252825607989914,0.9859626257988071,0.01331209164039378
796,5,RF,Depression,Both,0.972067360282,0.02225261632000727,0.005680023397992811
804,5,RF,Depression,Depression,0.0012768949121383314,0.9916114793356903,0.0071116257521715125
816,5,RF,Both,ME/CFS,0.3686287151664465,0.11361090586174573,0.517760378971808
819,5,RF,Depression,Depression,0.07994795733962888,0.9060353621554259,0.014016680504945063
824,5,RF,ME/CFS,Depression,0.13119616238922263,0.7190621132301392,0.1497417243806379
837,5,RF,ME/CFS,ME/CFS,0.00739964870409296,0.00017664868954295852,0.9924237026063643
842,5,RF,Depression,Depression,0.4313708859343066,0.469099033669775,0.09953008039591806
845,5,RF,ME/CFS,ME/CFS,0.009253129888138615,0.030846102379431018,0.9599007677324305
853,5,RF,ME/CFS,ME/CFS,0.05014736311021139,0.08125601440548733,0.8685966224843016
860,5,RF,Depression,Depression,0.242398755435656,0.729719370666492,0.02788187389785214
862,5,RF,ME/CFS,ME/CFS,0.4571063360486496,0.02696109033108094,0.5159325736202695
867,5,RF,Both,ME/CFS,0.46059809168773763,0.03216284163758187,0.5072390666746803
874,5,RF,Both,Both,0.8911515757467632,0.1083065090739185,0.000541915179318093
875,5,RF,ME/CFS,ME/CFS,0.007123336239025653,0.00022691431575258452,0.992649749445222
876,5,RF,ME/CFS,ME/CFS,0.002387753836799492,0.0015968671616957367,0.9960153790015047
877,5,RF,ME/CFS,Depression,0.18299704161530747,0.6006521960787357,0.216350762305957
881,5,RF,Depression,Depression,0.1609514416422873,0.8164042753109936,0.02264428304671923
890,5,RF,ME/CFS,Both,0.5490835573829135,0.049981246070837315,0.400935196546249
893,5,RF,Both,ME/CFS,0.40083127741504887,0.03210338672582752,0.5670653358591236
897,5,RF,Both,Both,0.896719757684934,0.10277006362072623,0.0005101786943398755
902,5,RF,Both,Depression,0.19733414739775842,0.7031759553723191,0.09948989722992227
912,5,RF,ME/CFS,ME/CFS,0.00839299561185787,0.0038867577893453935,0.9877202465987968
915,5,RF,Depression,Depression,0.06010800677673708,0.7566821512340373,0.18320984198922538
933,5,RF,ME/CFS,ME/CFS,0.0172669226144255,0.010490186258694394,0.9722428911268801
934,5,RF,Both,Both,0.8130267484240722,0.18571773504333872,0.0012555165325885526
944,5,RF,ME/CFS,Both,0.5936643013207228,0.023151891327482393,0.383183807351795
945,5,RF,Depression,ME/CFS,0.2541635632825227,0.04697841731062476,0.6988580194068524
947,5,RF,ME/CFS,ME/CFS,0.27504546599461843,0.049829567137181854,0.6751249668681999
956,5,RF,Depression,Depression,0.0533027877342673,0.748231397796646,0.19846581446908576
958,5,RF,Both,ME/CFS,0.37071736295707713,0.10146724045237214,0.5278153965905502
961,5,RF,Depression,Both,0.9235894742957421,0.07405789925767327,0.002352626446584443
964,5,RF,Depression,Both,0.8344682295780774,0.15284737966972683,0.012684390752195544
965,5,RF,ME/CFS,ME/CFS,0.07313539578976481,0.11908162508118879,0.8077829791290466
967,5,RF,Depression,Depression,0.004824491427929782,0.98762203362912,0.007553474942950171
980,5,RF,Both,ME/CFS,0.2519279625467787,0.0851966976778455,0.6628753397753754
981,5,RF,ME/CFS,ME/CFS,0.005782845773561601,0.000245159671668892,0.9939719945547695
982,5,RF,ME/CFS,ME/CFS,0.009431941170701763,0.00942704275949085,0.9811410160698074
985,5,RF,Depression,Depression,0.004304726967446081,0.9830159718224851,0.012679301210068834
986,5,RF,Both,ME/CFS,0.3901665261766963,0.08025582774056012,0.5295776460827436
989,5,RF,Both,Both,0.5286108000336627,0.031077622405018896,0.44031157756131856
992,5,RF,ME/CFS,Depression,0.07940733270916614,0.7561463830571941,0.16444628423363963
994,5,RF,ME/CFS,Depression,0.09560530377933503,0.6768325691171269,0.22756212710353763
995,5,RF,ME/CFS,Depression,0.18430254976248414,0.6526461957741099,0.16305125446340626
1006,5,RF,Depression,Depression,0.09588318226883637,0.7683479888464029,0.13576882888476077
1013,5,RF,Both,Both,0.48192674361904303,0.04310300564278633,0.47497025073817084
1028,5,RF,Both,Both,0.9727535391105158,0.021434564748209945,0.00581189614127418
1047,5,RF,Both,Both,0.8684600833898273,0.11283695096335294,0.018702965646819714
1051,5,RF,ME/CFS,ME/CFS,0.38706759100162463,0.025670227512226272,0.5872621814861485
1055,5,RF,ME/CFS,ME/CFS,0.0014100325689151527,0.032460596902168036,0.9661293705289169
1057,5,RF,Both,Depression,0.0923111509752042,0.6748605896524034,0.2328282593723924
1074,5,RF,Depression,Depression,0.005302386769832298,0.9829934594349032,0.011704153795264696
1076,5,RF,ME/CFS,ME/CFS,0.3332417602023872,0.04974675986274571,0.617011479934867
1078,5,RF,ME/CFS,Both,0.5219593384141993,0.03435682745300469,0.443683834132796
1084,5,RF,Depression,Depression,0.002497167709308039,0.9757461653565679,0.021756666934124216
1097,5,RF,Depression,Depression,0.01614571985368076,0.9035095911071207,0.0803446890391984
1098,5,RF,Depression,Depression,0.018121816087986096,0.9789865352571921,0.0028916486548220457
1117,5,RF,Both,Both,0.8038896062472561,0.19611039375274333,0.0
1127,5,RF,ME/CFS,Both,0.49928773509932256,0.058118388707421656,0.44259387619325563
1128,5,RF,Both,Both,0.9720144767383551,0.023447187894335402,0.004538335367309282
1132,5,RF,Depression,Depression,0.39562401054657087,0.5345181822776366,0.0698578071757921
1137,5,RF,ME/CFS,ME/CFS,0.02036420534906025,0.019006655704006212,0.9606291389469335
1141,5,RF,ME/CFS,ME/CFS,0.13019669604629683,0.19092108407139247,0.6788822198823106
1151,5,RF,ME/CFS,ME/CFS,0.0006899825606095103,0.08525951349462084,0.9140505039447697
1154,5,RF,ME/CFS,ME/CFS,0.058635520892518056,0.04627527184265187,0.8950892072648301
1158,5,RF,Depression,Both,0.9202974975543177,0.07382974541651673,0.0058727570291653005
1161,5,RF,ME/CFS,ME/CFS,0.006117291207140936,0.0030895339396474226,0.9907931748532118
1166,5,RF,ME/CFS,Both,0.595521733961071,0.025752277947082836,0.3787259880918464
1173,5,RF,Depression,Depression,0.3786891352354849,0.5325403878436592,0.08877047692085585
1174,5,RF,ME/CFS,ME/CFS,0.18165014966449364,0.06963387738319415,0.7487159729523124
1175,5,RF,ME/CFS,Both,0.6043893323917298,0.024556814848257714,0.3710538527600128
1180,5,RF,ME/CFS,ME/CFS,0.41465971557644543,0.03963515994047736,0.5457051244830772
1182,5,RF,Depression,Both,0.545413290385265,0.03305425393529697,0.421532455679438
1188,5,RF,ME/CFS,ME/CFS,0.003987312798986682,0.0002792514215075445,0.9957334357795058
1190,5,RF,Depression,Depression,0.09468126240477238,0.7542562682033419,0.15106246939188575
1198,5,RF,Depression,Depression,0.004702679464213014,0.8894532918474412,0.1058440286883457
1200,5,RF,ME/CFS,ME/CFS,0.0165007242696908,0.009711060585909878,0.9737882151443992
1207,5,RF,ME/CFS,Both,0.4257842721277495,0.3362508276552936,0.2379649002169568
1212,5,RF,Depression,Depression,0.09882521711755855,0.6933797182851165,0.20779506459732516
1213,5,RF,Depression,Depression,0.0009283533882112875,0.9800656332213294,0.01900601339045944
1216,5,RF,ME/CFS,Both,0.4844900531814932,0.04403234617734278,0.4714776006411641
1217,5,RF,ME/CFS,Depression,0.12496753479040792,0.5772708199733062,0.29776164523628595
1228,5,RF,ME/CFS,ME/CFS,0.34433256191384126,0.035428066850716845,0.620239371235442
1243,5,RF,Depression,Depression,0.15733895502320247,0.7963283145956752,0.04633273038112257
1248,5,RF,ME/CFS,ME/CFS,0.0779444062816605,0.12744197967028043,0.794613614048059
1250,5,RF,Depression,Depression,0.05335713549723325,0.7345995873698419,0.21204327713292462
1259,5,RF,Depression,Depression,0.06319423499356155,0.7665158486245247,0.17028991638191357
1261,5,RF,ME/CFS,ME/CFS,0.20928299127887504,0.07827165602049427,0.7124453527006304
1268,5,RF,Both,Both,0.9626357758981939,0.03685404540746604,0.0005101786943398755
1273,5,RF,Both,Both,0.8669126110997726,0.11164290671188672,0.021444482188340563
1275,5,RF,Both,Both,0.9793511258902974,0.02003657741233687,0.0006122966973655942
1290,5,RF,ME/CFS,Both,0.4877233069531651,0.037537911831988686,0.4747387812148463
1297,5,RF,Both,ME/CFS,0.26927939046022925,0.07042233659551857,0.660298272944252
1298,5,RF,Depression,ME/CFS,0.06186887926266505,0.3321165282784321,0.6060145924589029
1304,5,RF,ME/CFS,ME/CFS,0.01689923844067119,0.00010465429512122121,0.9829961072642075
1317,5,RF,Depression,Depression,0.007241098252531426,0.9785013894431549,0.014257512304313703
1325,5,RF,Depression,Depression,0.007347851692547644,0.9343783252852189,0.0582738230222336
1330,5,RF,ME/CFS,ME/CFS,0.0021373405219668874,0.00977347667647678,0.9880891828015563
1334,5,RF,ME/CFS,ME/CFS,0.3432514281903253,0.0471787098957442,0.6095698619139309
1339,5,RF,ME/CFS,ME/CFS,0.3744381064405707,0.0435747376430327,0.5819871559163966
1347,5,RF,ME/CFS,ME/CFS,0.35961098888245296,0.06136196186763759,0.5790270492499096
1352,5,RF,Both,Both,0.5401379018934087,0.033468900105236885,0.42639319800135483
1363,5,RF,ME/CFS,ME/CFS,0.447599966325406,0.032200559099708974,0.5201994745748851
1365,5,RF,ME/CFS,ME/CFS,0.005800156446780966,0.005997270906227825,0.9882025726469911
1372,5,RF,Depression,ME/CFS,0.07161959603296149,0.23783364654040726,0.6905467574266307
1377,5,RF,Both,ME/CFS,0.34343170905076464,0.11371494314024559,0.5428533478089893
1384,5,RF,Depression,Depression,5.461723899280504e-05,0.9994852312649417,0.0004601514960656465
1395,5,RF,Both,Both,0.9343446070049797,0.05348815368366038,0.012167239311359926
1398,5,RF,Both,Both,0.9845173987060442,0.011113476876287972,0.004369124417667829
1403,5,RF,Depression,Depression,0.19492857601615488,0.7725630998525503,0.032508324131294536
1408,5,RF,Depression,Depression,0.09548293441871229,0.7666250860890831,0.1378919794922049
1409,5,RF,Depression,Depression,0.1652408888706808,0.5560065365433967,0.27875257458592245
1412,5,RF,Depression,Depression,0.3353555321647638,0.3663409024259725,0.2983035654092637
1414,5,RF,Depression,Depression,0.07807533259528586,0.9131157471640846,0.008808920240629611
1421,5,RF,ME/CFS,Both,0.4872921897358647,0.03231767908795022,0.4803901311761855
1424,5,RF,ME/CFS,ME/CFS,0.41177858267326056,0.05261501855095057,0.535606398775789
1425,5,RF,Depression,Depression,0.0549563487989148,0.8891205896416716,0.05592306155941365
1426,5,RF,Both,Both,0.8346725902891842,0.15914183235962948,0.006185577351186404
1439,5,RF,ME/CFS,Depression,0.04522316284878978,0.8115139989277782,0.14326283822343172
1442,5,RF,Depression,Depression,0.027608971071379253,0.8922255888274951,0.08016544010112515
1452,5,RF,Both,Both,0.9713712860571719,0.028312062746195413,0.0003166511966323876
1456,5,RF,Depression,Depression,0.12155875351770082,0.8123263539835648,0.06611489249873412
1465,5,RF,ME/CFS,ME/CFS,0.0021115266588711767,0.005059125987502989,0.9928293473536258
1474,5,RF,Depression,Depression,0.09460397322865427,0.6504610522586007,0.25493497451274494
1477,5,RF,Both,Both,0.8377254177831245,0.1614498099249845,0.0008247722918914349
1483,5,RF,Both,Both,0.8862079808293363,0.11084347551493988,0.0029485436557236443
1485,5,RF,Both,Both,0.7299973533440341,0.2624330341366021,0.0075696125193638044
1486,5,RF,Depression,Depression,0.2190815261717092,0.7563780563836585,0.02454041744463231
1490,5,RF,Depression,Depression,0.07006728119543415,0.9238144948355701,0.006118223968995889
1499,5,RF,ME/CFS,ME/CFS,0.013844806650787227,0.051709832547034644,0.9344453608021784
1505,5,RF,Both,Both,0.9061211816785213,0.09317093530214195,0.0007078830193364173
1513,5,RF,ME/CFS,ME/CFS,0.1460949258781737,0.054233910818439895,0.7996711633033867
1515,5,RF,Depression,Depression,0.0003012826223992432,0.9980123074279758,0.0016864099496250668
1517,5,RF,Depression,Depression,0.015098769067088038,0.8647409252205592,0.12016030571235263
1521,5,RF,Depression,Depression,0.008510296452247884,0.9907251040934547,0.0007645994542976106
1526,5,RF,Depression,Depression,0.018831208396743345,0.8017402540021866,0.17942853760107025
1530,5,RF,Both,ME/CFS,0.2963243393834967,0.29238198798667026,0.4112936726298333
1537,5,RF,ME/CFS,Both,0.47601969107734954,0.06232244373510672,0.4616578651875438
1538,5,RF,Depression,Depression,0.009494901608679619,0.9802196553071372,0.010285443084183454
1539,5,RF,Depression,Depression,0.12066619442052344,0.5890471884422698,0.2902866171372065
1540,5,RF,ME/CFS,ME/CFS,0.016723723836929147,0.03718406929197838,0.9460922068710925
1544,5,RF,Depression,Depression,0.0002466653834064382,0.9930252717090562,0.0067280629075376595
1547,5,RF,ME/CFS,ME/CFS,0.00019529482732619515,0.08977699452275957,0.910027710649915
1558,5,RF,ME/CFS,ME/CFS,0.08084100256230295,0.09958103751957913,0.8195779599181181
1559,5,RF,Both,Both,0.5765848765727664,0.028502916914997845,0.3949122065122359
1561,5,RF,Depression,ME/CFS,0.39085129376768096,0.05080496482525532,0.5583437414070636
1572,5,RF,ME/CFS,ME/CFS,0.11444360930756929,0.2211071766304867,0.6644492140619442
1579,5,RF,Depression,Depression,0.0023277270407849955,0.9903857991919033,0.007286473767311531
1597,5,RF,Depression,Depression,0.07240343864254556,0.8975155054612151,0.03008105589623912
1601,5,RF,Both,Both,0.4952914586774273,0.03898856770288267,0.4657199736196899
1603,5,RF,Depression,Depression,0.0013107287449392712,0.9655985891162139,0.03309068213884701
1604,5,RF,ME/CFS,ME/CFS,0.12291528692772304,0.08127908747206782,0.7958056256002091
1616,5,RF,ME/CFS,ME/CFS,0.013114087233723742,0.008821976279972854,0.9780639364863035
0,5,Majority,Depression,ME/CFS,0.0,0.0,1.0
2,5,Majority,ME/CFS,ME/CFS,0.0,0.0,1.0
5,5,Majority,Depression,ME/CFS,0.0,0.0,1.0
10,5,Majority,Depression,ME/CFS,0.0,0.0,1.0
11,5,Majority,Depression,ME/CFS,0.0,0.0,1.0
19,5,Majority,Depression,ME/CFS,0.0,0.0,1.0
24,5,Majority,Both,ME/CFS,0.0,0.0,1.0
44,5,Majority,Depression,ME/CFS,0.0,0.0,1.0
49,5,Majority,Both,ME/CFS,0.0,0.0,1.0
53,5,Majority,Both,ME/CFS,0.0,0.0,1.0
61,5,Majority,Both,ME/CFS,0.0,0.0,1.0
66,5,Majority,Depression,ME/CFS,0.0,0.0,1.0
79,5,Majority,ME/CFS,ME/CFS,0.0,0.0,1.0
83,5,Majority,Depression,ME/CFS,0.0,0.0,1.0
92,5,Majority,ME/CFS,ME/CFS,0.0,0.0,1.0
96,5,Majority,Depression,ME/CFS,0.0,0.0,1.0
97,5,Majority,ME/CFS,ME/CFS,0.0,0.0,1.0
99,5,Majority,Depression,ME/CFS,0.0,0.0,1.0
115,5,Majority,Both,ME/CFS,0.0,0.0,1.0
122,5,Majority,Both,ME/CFS,0.0,0.0,1.0
125,5,Majority,ME/CFS,ME/CFS,0.0,0.0,1.0
131,5,Majority,Depression,ME/CFS,0.0,0.0,1.0
132,5,Majority,Depression,ME/CFS,0.0,0.0,1.0
141,5,Majority,Both,ME/CFS,0.0,0.0,1.0
146,5,Majority,ME/CFS,ME/CFS,0.0,0.0,1.0
147,5,Majority,ME/CFS,ME/CFS,0.0,0.0,1.0
149,5,Majority,ME/CFS,ME/CFS,0.0,0.0,1.0
150,5,Majority,ME/CFS,ME/CFS,0.0,0.0,1.0
155,5,Majority,Both,ME/CFS,0.0,0.0,1.0
156,5,Majority,ME/CFS,ME/CFS,0.0,0.0,1.0
157,5,Majority,Both,ME/CFS,0.0,0.0,1.0
162,5,Majority,Depression,ME/CFS,0.0,0.0,1.0
171,5,Majority,ME/CFS,ME/CFS,0.0,0.0,1.0
174,5,Majority,Depression,ME/CFS,0.0,0.0,1.0
178,5,Majority,ME/CFS,ME/CFS,0.0,0.0,1.0
181,5,Majority,ME/CFS,ME/CFS,0.0,0.0,1.0
192,5,Majority,Depression,ME/CFS,0.0,0.0,1.0
194,5,Majority,ME/CFS,ME/CFS,0.0,0.0,1.0
195,5,Majority,ME/CFS,ME/CFS,0.0,0.0,1.0
198,5,Majority,Both,ME/CFS,0.0,0.0,1.0
204,5,Majority,ME/CFS,ME/CFS,0.0,0.0,1.0
215,5,Majority,Both,ME/CFS,0.0,0.0,1.0
217,5,Majority,Both,ME/CFS,0.0,0.0,1.0
218,5,Majority,Depression,ME/CFS,0.0,0.0,1.0
220,5,Majority,ME/CFS,ME/CFS,0.0,0.0,1.0
221,5,Majority,Both,ME/CFS,0.0,0.0,1.0
227,5,Majority,Depression,ME/CFS,0.0,0.0,1.0
233,5,Majority,Both,ME/CFS,0.0,0.0,1.0
237,5,Majority,Depression,ME/CFS,0.0,0.0,1.0
241,5,Majority,Both,ME/CFS,0.0,0.0,1.0
242,5,Majority,ME/CFS,ME/CFS,0.0,0.0,1.0
246,5,Majority,Depression,ME/CFS,0.0,0.0,1.0
248,5,Majority,Depression,ME/CFS,0.0,0.0,1.0
249,5,Majority,Depression,ME/CFS,0.0,0.0,1.0
255,5,Majority,ME/CFS,ME/CFS,0.0,0.0,1.0
257,5,Majority,Both,ME/CFS,0.0,0.0,1.0
262,5,Majority,ME/CFS,ME/CFS,0.0,0.0,1.0
265,5,Majority,Depression,ME/CFS,0.0,0.0,1.0
274,5,Majority,Both,ME/CFS,0.0,0.0,1.0
294,5,Majority,ME/CFS,ME/CFS,0.0,0.0,1.0
295,5,Majority,ME/CFS,ME/CFS,0.0,0.0,1.0
296,5,Majority,ME/CFS,ME/CFS,0.0,0.0,1.0
305,5,Majority,Depression,ME/CFS,0.0,0.0,1.0
311,5,Majority,Both,ME/CFS,0.0,0.0,1.0
317,5,Majority,Both,ME/CFS,0.0,0.0,1.0
327,5,Majority,Both,ME/CFS,0.0,0.0,1.0
341,5,Majority,ME/CFS,ME/CFS,0.0,0.0,1.0
344,5,Majority,ME/CFS,ME/CFS,0.0,0.0,1.0
348,5,Majority,Both,ME/CFS,0.0,0.0,1.0
351,5,Majority,Depression,ME/CFS,0.0,0.0,1.0
357,5,Majority,ME/CFS,ME/CFS,0.0,0.0,1.0
362,5,Majority,ME/CFS,ME/CFS,0.0,0.0,1.0
365,5,Majority,ME/CFS,ME/CFS,0.0,0.0,1.0
366,5,Majority,Depression,ME/CFS,0.0,0.0,1.0
371,5,Majority,Depression,ME/CFS,0.0,0.0,1.0
372,5,Majority,Depression,ME/CFS,0.0,0.0,1.0
376,5,Majority,ME/CFS,ME/CFS,0.0,0.0,1.0
378,5,Majority,ME/CFS,ME/CFS,0.0,0.0,1.0
389,5,Majority,Both,ME/CFS,0.0,0.0,1.0
397,5,Majority,ME/CFS,ME/CFS,0.0,0.0,1.0
404,5,Majority,ME/CFS,ME/CFS,0.0,0.0,1.0
406,5,Majority,ME/CFS,ME/CFS,0.0,0.0,1.0
412,5,Majority,Depression,ME/CFS,0.0,0.0,1.0
417,5,Majority,Depression,ME/CFS,0.0,0.0,1.0
419,5,Majority,Depression,ME/CFS,0.0,0.0,1.0
423,5,Majority,Both,ME/CFS,0.0,0.0,1.0
431,5,Majority,Both,ME/CFS,0.0,0.0,1.0
432,5,Majority,ME/CFS,ME/CFS,0.0,0.0,1.0
440,5,Majority,ME/CFS,ME/CFS,0.0,0.0,1.0
445,5,Majority,Both,ME/CFS,0.0,0.0,1.0
446,5,Majority,Depression,ME/CFS,0.0,0.0,1.0
451,5,Majority,Both,ME/CFS,0.0,0.0,1.0
452,5,Majority,Both,ME/CFS,0.0,0.0,1.0
454,5,Majority,ME/CFS,ME/CFS,0.0,0.0,1.0
456,5,Majority,Both,ME/CFS,0.0,0.0,1.0
461,5,Majority,ME/CFS,ME/CFS,0.0,0.0,1.0
462,5,Majority,Depression,ME/CFS,0.0,0.0,1.0
466,5,Majority,Depression,ME/CFS,0.0,0.0,1.0
467,5,Majority,Depression,ME/CFS,0.0,0.0,1.0
468,5,Majority,Both,ME/CFS,0.0,0.0,1.0
471,5,Majority,ME/CFS,ME/CFS,0.0,0.0,1.0
473,5,Majority,ME/CFS,ME/CFS,0.0,0.0,1.0
474,5,Majority,ME/CFS,ME/CFS,0.0,0.0,1.0
486,5,Majority,Depression,ME/CFS,0.0,0.0,1.0
488,5,Majority,ME/CFS,ME/CFS,0.0,0.0,1.0
492,5,Majority,ME/CFS,ME/CFS,0.0,0.0,1.0
493,5,Majority,ME/CFS,ME/CFS,0.0,0.0,1.0
497,5,Majority,Depression,ME/CFS,0.0,0.0,1.0
499,5,Majority,Depression,ME/CFS,0.0,0.0,1.0
500,5,Majority,Depression,ME/CFS,0.0,0.0,1.0
507,5,Majority,Both,ME/CFS,0.0,0.0,1.0
516,5,Majority,Depression,ME/CFS,0.0,0.0,1.0
517,5,Majority,Both,ME/CFS,0.0,0.0,1.0
519,5,Majority,ME/CFS,ME/CFS,0.0,0.0,1.0
522,5,Majority,ME/CFS,ME/CFS,0.0,0.0,1.0
538,5,Majority,Depression,ME/CFS,0.0,0.0,1.0
544,5,Majority,Both,ME/CFS,0.0,0.0,1.0
545,5,Majority,ME/CFS,ME/CFS,0.0,0.0,1.0
551,5,Majority,Both,ME/CFS,0.0,0.0,1.0
560,5,Majority,ME/CFS,ME/CFS,0.0,0.0,1.0
564,5,Majority,ME/CFS,ME/CFS,0.0,0.0,1.0
566,5,Majority,Both,ME/CFS,0.0,0.0,1.0
567,5,Majority,Both,ME/CFS,0.0,0.0,1.0
568,5,Majority,Depression,ME/CFS,0.0,0.0,1.0
569,5,Majority,Both,ME/CFS,0.0,0.0,1.0
578,5,Majority,Both,ME/CFS,0.0,0.0,1.0
581,5,Majority,Both,ME/CFS,0.0,0.0,1.0
584,5,Majority,ME/CFS,ME/CFS,0.0,0.0,1.0
586,5,Majority,ME/CFS,ME/CFS,0.0,0.0,1.0
591,5,Majority,ME/CFS,ME/CFS,0.0,0.0,1.0
596,5,Majority,ME/CFS,ME/CFS,0.0,0.0,1.0
603,5,Majority,ME/CFS,ME/CFS,0.0,0.0,1.0
604,5,Majority,Depression,ME/CFS,0.0,0.0,1.0
605,5,Majority,Depression,ME/CFS,0.0,0.0,1.0
607,5,Majority,ME/CFS,ME/CFS,0.0,0.0,1.0
614,5,Majority,Depression,ME/CFS,0.0,0.0,1.0
615,5,Majority,ME/CFS,ME/CFS,0.0,0.0,1.0
616,5,Majority,Both,ME/CFS,0.0,0.0,1.0
617,5,Majority,ME/CFS,ME/CFS,0.0,0.0,1.0
627,5,Majority,Both,ME/CFS,0.0,0.0,1.0
629,5,Majority,ME/CFS,ME/CFS,0.0,0.0,1.0
632,5,Majority,ME/CFS,ME/CFS,0.0,0.0,1.0
655,5,Majority,ME/CFS,ME/CFS,0.0,0.0,1.0
658,5,Majority,Depression,ME/CFS,0.0,0.0,1.0
662,5,Majority,Depression,ME/CFS,0.0,0.0,1.0
672,5,Majority,ME/CFS,ME/CFS,0.0,0.0,1.0
674,5,Majority,ME/CFS,ME/CFS,0.0,0.0,1.0
689,5,Majority,ME/CFS,ME/CFS,0.0,0.0,1.0
690,5,Majority,ME/CFS,ME/CFS,0.0,0.0,1.0
693,5,Majority,Depression,ME/CFS,0.0,0.0,1.0
694,5,Majority,Depression,ME/CFS,0.0,0.0,1.0
701,5,Majority,Depression,ME/CFS,0.0,0.0,1.0
704,5,Majority,Depression,ME/CFS,0.0,0.0,1.0
708,5,Majority,Depression,ME/CFS,0.0,0.0,1.0
709,5,Majority,Both,ME/CFS,0.0,0.0,1.0
714,5,Majority,ME/CFS,ME/CFS,0.0,0.0,1.0
721,5,Majority,Both,ME/CFS,0.0,0.0,1.0
722,5,Majority,ME/CFS,ME/CFS,0.0,0.0,1.0
729,5,Majority,Both,ME/CFS,0.0,0.0,1.0
733,5,Majority,Both,ME/CFS,0.0,0.0,1.0
734,5,Majority,ME/CFS,ME/CFS,0.0,0.0,1.0
744,5,Majority,ME/CFS,ME/CFS,0.0,0.0,1.0
745,5,Majority,Depression,ME/CFS,0.0,0.0,1.0
746,5,Majority,Both,ME/CFS,0.0,0.0,1.0
754,5,Majority,Depression,ME/CFS,0.0,0.0,1.0
757,5,Majority,ME/CFS,ME/CFS,0.0,0.0,1.0
770,5,Majority,Depression,ME/CFS,0.0,0.0,1.0
774,5,Majority,Both,ME/CFS,0.0,0.0,1.0
782,5,Majority,Both,ME/CFS,0.0,0.0,1.0
783,5,Majority,Depression,ME/CFS,0.0,0.0,1.0
784,5,Majority,Depression,ME/CFS,0.0,0.0,1.0
792,5,Majority,Depression,ME/CFS,0.0,0.0,1.0
796,5,Majority,Depression,ME/CFS,0.0,0.0,1.0
804,5,Majority,Depression,ME/CFS,0.0,0.0,1.0
816,5,Majority,Both,ME/CFS,0.0,0.0,1.0
819,5,Majority,Depression,ME/CFS,0.0,0.0,1.0
824,5,Majority,ME/CFS,ME/CFS,0.0,0.0,1.0
837,5,Majority,ME/CFS,ME/CFS,0.0,0.0,1.0
842,5,Majority,Depression,ME/CFS,0.0,0.0,1.0
845,5,Majority,ME/CFS,ME/CFS,0.0,0.0,1.0
853,5,Majority,ME/CFS,ME/CFS,0.0,0.0,1.0
860,5,Majority,Depression,ME/CFS,0.0,0.0,1.0
862,5,Majority,ME/CFS,ME/CFS,0.0,0.0,1.0
867,5,Majority,Both,ME/CFS,0.0,0.0,1.0
874,5,Majority,Both,ME/CFS,0.0,0.0,1.0
875,5,Majority,ME/CFS,ME/CFS,0.0,0.0,1.0
876,5,Majority,ME/CFS,ME/CFS,0.0,0.0,1.0
877,5,Majority,ME/CFS,ME/CFS,0.0,0.0,1.0
881,5,Majority,Depression,ME/CFS,0.0,0.0,1.0
890,5,Majority,ME/CFS,ME/CFS,0.0,0.0,1.0
893,5,Majority,Both,ME/CFS,0.0,0.0,1.0
897,5,Majority,Both,ME/CFS,0.0,0.0,1.0
902,5,Majority,Both,ME/CFS,0.0,0.0,1.0
912,5,Majority,ME/CFS,ME/CFS,0.0,0.0,1.0
915,5,Majority,Depression,ME/CFS,0.0,0.0,1.0
933,5,Majority,ME/CFS,ME/CFS,0.0,0.0,1.0
934,5,Majority,Both,ME/CFS,0.0,0.0,1.0
944,5,Majority,ME/CFS,ME/CFS,0.0,0.0,1.0
945,5,Majority,Depression,ME/CFS,0.0,0.0,1.0
947,5,Majority,ME/CFS,ME/CFS,0.0,0.0,1.0
956,5,Majority,Depression,ME/CFS,0.0,0.0,1.0
958,5,Majority,Both,ME/CFS,0.0,0.0,1.0
961,5,Majority,Depression,ME/CFS,0.0,0.0,1.0
964,5,Majority,Depression,ME/CFS,0.0,0.0,1.0
965,5,Majority,ME/CFS,ME/CFS,0.0,0.0,1.0
967,5,Majority,Depression,ME/CFS,0.0,0.0,1.0
980,5,Majority,Both,ME/CFS,0.0,0.0,1.0
981,5,Majority,ME/CFS,ME/CFS,0.0,0.0,1.0
982,5,Majority,ME/CFS,ME/CFS,0.0,0.0,1.0
985,5,Majority,Depression,ME/CFS,0.0,0.0,1.0
986,5,Majority,Both,ME/CFS,0.0,0.0,1.0
989,5,Majority,Both,ME/CFS,0.0,0.0,1.0
992,5,Majority,ME/CFS,ME/CFS,0.0,0.0,1.0
994,5,Majority,ME/CFS,ME/CFS,0.0,0.0,1.0
995,5,Majority,ME/CFS,ME/CFS,0.0,0.0,1.0
1006,5,Majority,Depression,ME/CFS,0.0,0.0,1.0
1013,5,Majority,Both,ME/CFS,0.0,0.0,1.0
1028,5,Majority,Both,ME/CFS,0.0,0.0,1.0
1047,5,Majority,Both,ME/CFS,0.0,0.0,1.0
1051,5,Majority,ME/CFS,ME/CFS,0.0,0.0,1.0
1055,5,Majority,ME/CFS,ME/CFS,0.0,0.0,1.0
1057,5,Majority,Both,ME/CFS,0.0,0.0,1.0
1074,5,Majority,Depression,ME/CFS,0.0,0.0,1.0
1076,5,Majority,ME/CFS,ME/CFS,0.0,0.0,1.0
1078,5,Majority,ME/CFS,ME/CFS,0.0,0.0,1.0
1084,5,Majority,Depression,ME/CFS,0.0,0.0,1.0
1097,5,Majority,Depression,ME/CFS,0.0,0.0,1.0
1098,5,Majority,Depression,ME/CFS,0.0,0.0,1.0
1117,5,Majority,Both,ME/CFS,0.0,0.0,1.0
1127,5,Majority,ME/CFS,ME/CFS,0.0,0.0,1.0
1128,5,Majority,Both,ME/CFS,0.0,0.0,1.0
1132,5,Majority,Depression,ME/CFS,0.0,0.0,1.0
1137,5,Majority,ME/CFS,ME/CFS,0.0,0.0,1.0
1141,5,Majority,ME/CFS,ME/CFS,0.0,0.0,1.0
1151,5,Majority,ME/CFS,ME/CFS,0.0,0.0,1.0
1154,5,Majority,ME/CFS,ME/CFS,0.0,0.0,1.0
1158,5,Majority,Depression,ME/CFS,0.0,0.0,1.0
1161,5,Majority,ME/CFS,ME/CFS,0.0,0.0,1.0
1166,5,Majority,ME/CFS,ME/CFS,0.0,0.0,1.0
1173,5,Majority,Depression,ME/CFS,0.0,0.0,1.0
1174,5,Majority,ME/CFS,ME/CFS,0.0,0.0,1.0
1175,5,Majority,ME/CFS,ME/CFS,0.0,0.0,1.0
1180,5,Majority,ME/CFS,ME/CFS,0.0,0.0,1.0
1182,5,Majority,Depression,ME/CFS,0.0,0.0,1.0
1188,5,Majority,ME/CFS,ME/CFS,0.0,0.0,1.0
1190,5,Majority,Depression,ME/CFS,0.0,0.0,1.0
1198,5,Majority,Depression,ME/CFS,0.0,0.0,1.0
1200,5,Majority,ME/CFS,ME/CFS,0.0,0.0,1.0
1207,5,Majority,ME/CFS,ME/CFS,0.0,0.0,1.0
1212,5,Majority,Depression,ME/CFS,0.0,0.0,1.0
1213,5,Majority,Depression,ME/CFS,0.0,0.0,1.0
1216,5,Majority,ME/CFS,ME/CFS,0.0,0.0,1.0
1217,5,Majority,ME/CFS,ME/CFS,0.0,0.0,1.0
1228,5,Majority,ME/CFS,ME/CFS,0.0,0.0,1.0
1243,5,Majority,Depression,ME/CFS,0.0,0.0,1.0
1248,5,Majority,ME/CFS,ME/CFS,0.0,0.0,1.0
1250,5,Majority,Depression,ME/CFS,0.0,0.0,1.0
1259,5,Majority,Depression,ME/CFS,0.0,0.0,1.0
1261,5,Majority,ME/CFS,ME/CFS,0.0,0.0,1.0
1268,5,Majority,Both,ME/CFS,0.0,0.0,1.0
1273,5,Majority,Both,ME/CFS,0.0,0.0,1.0
1275,5,Majority,Both,ME/CFS,0.0,0.0,1.0
1290,5,Majority,ME/CFS,ME/CFS,0.0,0.0,1.0
1297,5,Majority,Both,ME/CFS,0.0,0.0,1.0
1298,5,Majority,Depression,ME/CFS,0.0,0.0,1.0
1304,5,Majority,ME/CFS,ME/CFS,0.0,0.0,1.0
1317,5,Majority,Depression,ME/CFS,0.0,0.0,1.0
1325,5,Majority,Depression,ME/CFS,0.0,0.0,1.0
1330,5,Majority,ME/CFS,ME/CFS,0.0,0.0,1.0
1334,5,Majority,ME/CFS,ME/CFS,0.0,0.0,1.0
1339,5,Majority,ME/CFS,ME/CFS,0.0,0.0,1.0
1347,5,Majority,ME/CFS,ME/CFS,0.0,0.0,1.0
1352,5,Majority,Both,ME/CFS,0.0,0.0,1.0
1363,5,Majority,ME/CFS,ME/CFS,0.0,0.0,1.0
1365,5,Majority,ME/CFS,ME/CFS,0.0,0.0,1.0
1372,5,Majority,Depression,ME/CFS,0.0,0.0,1.0
1377,5,Majority,Both,ME/CFS,0.0,0.0,1.0
1384,5,Majority,Depression,ME/CFS,0.0,0.0,1.0
1395,5,Majority,Both,ME/CFS,0.0,0.0,1.0
1398,5,Majority,Both,ME/CFS,0.0,0.0,1.0
1403,5,Majority,Depression,ME/CFS,0.0,0.0,1.0
1408,5,Majority,Depression,ME/CFS,0.0,0.0,1.0
1409,5,Majority,Depression,ME/CFS,0.0,0.0,1.0
1412,5,Majority,Depression,ME/CFS,0.0,0.0,1.0
1414,5,Majority,Depression,ME/CFS,0.0,0.0,1.0
1421,5,Majority,ME/CFS,ME/CFS,0.0,0.0,1.0
1424,5,Majority,ME/CFS,ME/CFS,0.0,0.0,1.0
1425,5,Majority,Depression,ME/CFS,0.0,0.0,1.0
1426,5,Majority,Both,ME/CFS,0.0,0.0,1.0
1439,5,Majority,ME/CFS,ME/CFS,0.0,0.0,1.0
1442,5,Majority,Depression,ME/CFS,0.0,0.0,1.0
1452,5,Majority,Both,ME/CFS,0.0,0.0,1.0
1456,5,Majority,Depression,ME/CFS,0.0,0.0,1.0
1465,5,Majority,ME/CFS,ME/CFS,0.0,0.0,1.0
1474,5,Majority,Depression,ME/CFS,0.0,0.0,1.0
1477,5,Majority,Both,ME/CFS,0.0,0.0,1.0
1483,5,Majority,Both,ME/CFS,0.0,0.0,1.0
1485,5,Majority,Both,ME/CFS,0.0,0.0,1.0
1486,5,Majority,Depression,ME/CFS,0.0,0.0,1.0
1490,5,Majority,Depression,ME/CFS,0.0,0.0,1.0
1499,5,Majority,ME/CFS,ME/CFS,0.0,0.0,1.0
1505,5,Majority,Both,ME/CFS,0.0,0.0,1.0
1513,5,Majority,ME/CFS,ME/CFS,0.0,0.0,1.0
1515,5,Majority,Depression,ME/CFS,0.0,0.0,1.0
1517,5,Majority,Depression,ME/CFS,0.0,0.0,1.0
1521,5,Majority,Depression,ME/CFS,0.0,0.0,1.0
1526,5,Majority,Depression,ME/CFS,0.0,0.0,1.0
1530,5,Majority,Both,ME/CFS,0.0,0.0,1.0
1537,5,Majority,ME/CFS,ME/CFS,0.0,0.0,1.0
1538,5,Majority,Depression,ME/CFS,0.0,0.0,1.0
1539,5,Majority,Depression,ME/CFS,0.0,0.0,1.0
1540,5,Majority,ME/CFS,ME/CFS,0.0,0.0,1.0
1544,5,Majority,Depression,ME/CFS,0.0,0.0,1.0
1547,5,Majority,ME/CFS,ME/CFS,0.0,0.0,1.0
1558,5,Majority,ME/CFS,ME/CFS,0.0,0.0,1.0
1559,5,Majority,Both,ME/CFS,0.0,0.0,1.0
1561,5,Majority,Depression,ME/CFS,0.0,0.0,1.0
1572,5,Majority,ME/CFS,ME/CFS,0.0,0.0,1.0
1579,5,Majority,Depression,ME/CFS,0.0,0.0,1.0
1597,5,Majority,Depression,ME/CFS,0.0,0.0,1.0
1601,5,Majority,Both,ME/CFS,0.0,0.0,1.0
1603,5,Majority,Depression,ME/CFS,0.0,0.0,1.0
1604,5,Majority,ME/CFS,ME/CFS,0.0,0.0,1.0
1616,5,Majority,ME/CFS,ME/CFS,0.0,0.0,1.0
